symbol,companyName,sector,industry,marketCapCr,pe,forwardPE,pb,roe,roa,debtToEquity,currentRatio,quickRatio,operatingMargin,profitMargin,dividendYield,trailingEps,forwardEps,pegRatio,quarterlyEarningsGrowth,quarterlyRevenueGrowth,bookValue,currency,lastUpdated
VIYASH,Viyash Scientific Limited,Healthcare,Drug Manufacturers - Specialty & Generic,10302.82,48.85,20.04,3.5,,,0.16,,,12.47,5.91,,4.78,11.65,,360.3,114.4,66.7,INR,2026-10-01 11:01:40
VMART,V-Mart Retail Limited,Consumer Cyclical,Department Stores,6018.29,43.84,28.8,6.32,,,1.01,,,7.04,3.45,13.0,17.25,26.26,,40.5,23.0,119.7,INR,2026-10-01 11:01:47
VMM,Vishal Mega Mart Limited,Consumer Cyclical,Department Stores,46923.05,52.72,37.1,6.3,,,0.27,,,9.64,6.61,,1.9,2.7,,25.6,18.7,15.89,INR,2026-10-01 11:01:49
VOGL,Vedanta Oil and Gas Limited,Basic Materials,Other Industrial Metals & Mining,12590.9,,,-0.16,,,,,,8.94,420.83,,-0.22,,,,8.9,-202.94,INR,2026-10-01 11:01:57
VOLTAMP,Voltamp Transformers Limited,Industrials,Electrical Equipment & Parts,10525.85,33.2,26.15,6.4,,,0.03,,,14.11,13.92,0.95,313.41,397.9,,14.7,28.4,1625.69,INR,2026-10-01 11:02:01
VOLTAS,Voltas Limited,Consumer Cyclical,"Furnishings, Fixtures & Appliances",35424.52,78.78,33.71,5.56,,,0.16,,,5.22,3.0,37.0,13.59,31.76,,52.2,18.7,192.7,INR,2026-10-01 11:02:04
VRLLOG,VRL Logistics Limited,Industrials,Trucking,5011.94,18.75,15.24,4.39,,,1.01,,,14.14,7.94,3.54,15.28,18.8,,60.9,18.1,65.31,INR,2026-10-01 11:02:13
VSSL,Vardhman Special Steels Limited,Basic Materials,Steel,3755.76,25.97,17.42,3.08,,,0.07,,,12.08,7.93,0.87,14.96,22.3,,107.0,12.1,126.18,INR,2026-10-01 11:02:15
VSTIND,VST Industries Limited,Consumer Defensive,Tobacco,3416.3,12.29,10.07,2.37,,,,,,15.01,19.57,5.91,16.4,20.0,,-24.4,-13.9,85.11,INR,2026-10-01 11:02:18
VSTTILLERS,V.S.T. Tillers Tractors Limited,Industrials,Farm & Heavy Construction Machinery,3938.73,36.2,23.84,3.6,,,0.17,,,11.12,8.57,0.56,125.74,190.97,,9.5,11.0,1266.09,INR,2026-10-01 11:02:22
VTL,Vardhman Textiles Limited,Consumer Cyclical,Textile Manufacturing,15321.95,17.77,12.07,1.43,,,0.18,,,12.85,8.32,0.94,29.78,43.85,,49.6,13.3,369.41,INR,2026-10-01 11:02:24
WAAREEENER,Waaree Energies Limited,Technology,Solar,68064.06,17.86,14.3,4.71,,,0.21,,,13.99,12.7,17.0,132.49,165.46,,14.1,79.2,502.2,INR,2026-10-01 11:02:29
WAAREERTL,Waaree Renewable Technologies Limited,Industrials,Engineering & Construction,8507.95,16.73,,9.08,,,0.16,,,18.15,13.91,,48.71,,,34.1,53.2,89.75,INR,2026-10-01 11:02:33
WABAG,VA Tech Wabag Limited,Industrials,Engineering & Construction,12585.8,35.02,22.15,4.89,,,0.09,,,8.78,9.64,24.0,57.51,90.92,,36.9,20.8,412.22,INR,2026-10-01 11:02:35
WAKEFIT,Wakefit Innovations Limited,Consumer Cyclical,"Furnishings, Fixtures & Appliances",4696.1,24.33,35.34,4.12,,,0.24,,,6.93,12.47,,5.82,4.01,,19.2,16.6,34.4,INR,2026-10-01 11:02:38
WEBELSOLAR,Websol Energy System Limited,Technology,Solar,3043.92,9.76,,5.03,,,0.21,,,27.85,26.06,35.0,7.18,,,15.8,70.3,13.93,INR,2026-10-01 11:02:53
WELCORP,Welspun Corp Limited,Basic Materials,Steel,69591.47,28.84,23.98,7.6,,,0.25,,,13.91,13.35,18.0,91.51,110.04,,198.6,14.9,347.08,INR,2026-10-01 11:03:00
WELENT,Welspun Enterprises Limited,Industrials,Engineering & Construction,9998.81,30.02,20.04,3.28,,,0.61,,,18.08,8.62,40.0,24.56,36.8,0.48,-48.7,-8.4,224.47,INR,2026-10-01 11:03:02
WELSPUNLIV,Welspun Living Limited,Consumer Cyclical,Textile Manufacturing,22194.57,81.86,25.57,4.6,,,0.47,,,8.47,2.79,4.0,2.88,9.22,,83.6,23.7,51.27,INR,2026-10-01 11:03:07
WESTLIFE,Westlife Foodworld Limited,Consumer Cyclical,Restaurants,9264.05,294.01,113.6,15.26,,,2.92,,,4.49,1.18,14.0,2.03,5.25,,-52.2,11.4,39.1,INR,2026-10-01 11:03:11
WEWORK,WeWork India Management Limited,Real Estate,Real Estate Services,9082.11,107.57,33.62,29.48,,,18.55,,,22.69,3.25,,6.08,19.45,,,27.7,22.18,INR,2026-10-01 11:03:16
WHEELS,Wheels India Limited,Consumer Cyclical,Auto Parts,5928.52,33.27,59.2,5.18,,,0.73,,,5.29,2.87,0.65,66.34,37.28,,28.2,17.8,426.34,INR,2026-10-01 11:03:21
WHIRLPOOL,Whirlpool of India Limited,Consumer Cyclical,"Furnishings, Fixtures & Appliances",11191.84,44.51,25.34,2.69,,,0.09,,,3.1,3.01,0.56,19.81,34.8,,-29.4,12.1,327.87,INR,2026-10-01 11:03:23
WINDLAS,Windlas Biotech Limited,Healthcare,Drug Manufacturers - Specialty & Generic,2240.27,34.75,,3.94,,,0.06,,,7.85,7.05,0.58,31.24,,,-0.1,18.1,275.2,INR,2026-10-01 11:03:27
WINDMACHIN,Windsor Machines Limited,Industrials,Specialty Industrial Machinery,3082.57,248.29,,3.44,,,0.17,,,0.82,1.7,,1.2,,,,31.4,86.56,INR,2026-10-01 11:03:30
WOCKPHARMA,Wockhardt Limited,Healthcare,Drug Manufacturers - Specialty & Generic,34204.6,83.6,,6.91,,,0.42,,,14.32,11.2,,25.18,,,,25.9,304.44,INR,2026-10-01 11:03:37
WONDERLA,Wonderla Holidays Limited,Consumer Cyclical,Leisure,3157.82,31.02,20.32,1.83,,,0.35,,,34.67,17.19,40.0,16.05,24.5,,38.5,44.2,272.32,INR,2026-10-01 11:03:39
WSTCSTPAPR,West Coast Paper Mills Limited,Basic Materials,Paper & Paper Products,4741.65,19.73,,1.31,,,0.08,,,13.72,5.25,41.0,36.39,,0.58,145.4,10.1,546.23,INR,2026-10-01 11:03:48
XPROINDIA,Xpro India Limited,Basic Materials,Specialty Chemicals,2729.14,82.12,,3.59,,,0.41,,,5.64,6.11,17.0,14.16,,,,20.4,323.69,INR,2026-10-01 11:03:55
YASHO,Yasho Industries Limited,Basic Materials,Specialty Chemicals,4954.38,86.22,,11.16,,,1.26,,,19.16,6.14,1.0,47.66,,,889.2,54.9,368.25,INR,2026-10-01 11:04:02
YATHARTH,Yatharth Hospital & Trauma Care Services Limited,Healthcare,Medical Care Facilities,10080.59,55.53,33.32,5.66,,,0.15,,,16.16,13.2,10.0,18.84,31.4,,12.0,52.3,184.73,INR,2026-10-01 11:04:04
YESBANK,Yes Bank Limited,Financial Services,Banks - Regional,65822.87,17.47,11.53,1.26,7.47,0.86,,,,30.76,23.18,,1.2,1.82,,32.5,9.0,16.63,INR,2026-10-01 11:04:09
ZAGGLE,Zaggle Prepaid Ocean Services Limited,Technology,Software - Infrastructure,2344.19,18.11,10.53,1.79,,,3.88,,,29.4,6.48,,9.61,16.53,,-32.9,27.5,97.18,INR,2026-10-01 11:04:16
ZEEL,Zee Entertainment Enterprises Limited,Communication Services,Broadcasting,7015.63,34.62,9.16,0.59,,,2.26,,,1.86,2.51,2.69,2.11,7.97,,-46.9,4.5,123.71,INR,2026-10-01 11:04:18
ZENSARTECH,Zensar Technologies Limited,Technology,Information Technology Services,9838.56,13.08,11.4,2.09,,,1.68,,,12.76,13.36,3.55,33.16,38.05,,1.0,8.9,207.44,INR,2026-10-01 11:04:30
ZENTEC,Zen Technologies Limited,Industrials,Aerospace & Defense,14255.91,78.97,30.26,7.93,,,0.95,,,21.79,26.85,6.0,20.07,52.38,,-27.8,-10.5,199.84,INR,2026-10-01 11:04:32
ZFCVINDIA,ZF Commercial Vehicle Control Systems India Limited,Consumer Cyclical,Auto Parts,26128.61,2.55,34.49,7.08,,,1.49,,,9.91,11.86,17.0,898.94,66.58,,-14.6,9.3,324.29,INR,2026-10-01 11:04:34
ZOTA,Zota Health Care Limited,Healthcare,Biotechnology,4551.07,,,6.56,,,0.39,,,-22.66,-16.95,8.0,-30.16,,,,67.6,200.24,INR,2026-10-01 11:04:45
ZYDUSLIFE,Zydus Lifesciences Limited,Healthcare,Drug Manufacturers - Specialty & Generic,114214.19,25.85,23.28,4.25,,,0.42,,,16.44,15.78,9.0,44.3,49.19,,-35.9,22.0,269.43,INR,2026-10-01 11:04:54
20MICRONS,20 Microns Limited,Basic Materials,Other Industrial Metals & Mining,767.76,11.34,,1.59,,,0.32,,,11.05,7.12,0.57,19.19,,,5.5,-1.0,137.06,INR,2026-09-27 15:37:55
21STCENMGM,Twentyfirst Century Management Services Limited,Financial Services,Capital Markets,41.86,,,1.27,,,,,,94.58,0.0,,-16.4,,,294.7,190.2,31.48,INR,2026-09-27 15:37:58
360ONE,360 One Wam Limited,Financial Services,Asset Management,43769.19,35.72,26.21,4.42,,,1.62,,,61.07,26.46,1.68,30.04,40.93,,16.1,29.9,242.53,INR,2026-09-27 15:38:00
3BBLACKBIO,3B Blackbio Dx Limited,Healthcare,Biotechnology,,21.92,,3.75,,,0.94,,,21.44,36.25,34.0,66.43,,,-24.3,50.6,388.37,INR,2026-09-27 15:38:03
3MINDIA,3M India Limited,Industrials,Conglomerates,38216.75,66.22,43.65,21.61,,,0.1,,,15.55,10.87,47.0,512.27,777.2,,31.2,19.0,1569.59,INR,2026-09-27 15:38:06
3PLAND,3P Land Holdings Ltd,N/A,N/A,,,,,,,,,,,,,,,,,,,INR,2026-09-27 15:38:08
5PAISA,5paisa Capital Limited,Financial Services,Capital Markets,1448.1,23.69,19.93,1.49,,,0.58,,,19.33,14.89,,13.04,15.5,,0.2,13.4,207.53,INR,2026-09-27 15:38:11
63MOONS,63 moons technologies limited,Technology,Software - Application,3951.93,,,1.11,,,0.15,,,-58.95,-20.48,23.0,-14.15,,,,350.5,770.44,INR,2026-09-27 15:38:13
A2ZINFRA,A2Z Infra Engineering Limited,Industrials,Engineering & Construction,261.31,70.1,,5.25,,,3.02,,,-0.74,1.0,,0.21,,,-94.8,-24.4,2.8,INR,2026-09-27 15:38:15
AAATECH,AAA Technologies Limited,Technology,Information Technology Services,130.19,59.71,,4.24,,,,,,17.94,10.57,0.99,1.7,,,6.3,-11.4,23.93,INR,2026-09-27 15:38:18
AADHARHFC,Aadhar Housing Finance Limited,Financial Services,Mortgage Finance,19486.58,17.24,12.02,2.57,,,2.56,,,61.72,48.15,,25.78,36.99,,19.0,19.6,173.07,INR,2026-09-27 15:38:20
AAKASH,Aakash Exploration Services Limited,Energy,Oil & Gas Equipment & Services,90.32,inf,,1.38,,,0.42,,,-1.03,2.99,,0.0,,,-2.4,16.9,6.46,INR,2026-09-27 15:38:23
AAREYDRUGS,Aarey Drugs & Pharmaceuticals Limited,Healthcare,Drug Manufacturers - Specialty & Generic,338.78,79.35,,1.92,,,0.4,,,1.07,0.87,,1.28,,,-25.3,-56.3,52.87,INR,2026-09-27 15:38:25
AARON,Aaron Industries Limited,Industrials,Specialty Industrial Machinery,259.97,38.31,,5.35,,,0.57,,,16.08,8.54,40.0,3.24,,,141.9,27.0,23.21,INR,2026-09-27 15:38:27
AARTIDRUGS,Aarti Drugs Limited,Healthcare,Drug Manufacturers - Specialty & Generic,3900.88,20.41,15.32,2.52,,,0.37,,,11.46,7.14,47.0,20.94,27.9,,-6.9,19.0,169.79,INR,2026-09-27 15:38:30
AARTIIND,Aarti Industries Limited,Basic Materials,Specialty Chemicals,17747.12,33.44,24.37,2.97,,,0.83,,,8.88,5.9,20.0,14.63,20.08,,260.5,42.5,164.74,INR,2026-09-27 15:38:33
AARTIPHARM,Aarti Pharmalabs Limited,Healthcare,Drug Manufacturers - Specialty & Generic,8519.82,41.91,36.85,4.01,,,0.37,,,19.15,10.4,43.0,22.42,25.5,,53.8,38.7,234.28,INR,2026-09-27 15:38:35
AARVI,Aarvi Encon Limited,Industrials,Staffing & Employment Services,202.77,10.55,,1.43,,,0.19,,,2.32,2.89,1.46,12.98,,,42.3,14.1,95.92,INR,2026-09-27 15:38:38
AASTHA,Aastha Spintex Limited,Consumer Cyclical,Textile Manufacturing,642.0,27.03,,1.85,,,0.67,,,9.25,5.73,14.0,2.69,,,35.6,-15.7,39.38,INR,2026-09-27 15:38:40
AAVAS,Aavas Financiers Limited,Financial Services,Mortgage Finance,10052.14,14.71,11.03,1.99,,,3.11,,,54.53,42.54,,86.2,114.92,,23.0,16.9,637.79,INR,2026-09-27 15:38:43
ABANSENT,ABans Enterprises Limited,Financial Services,Capital Markets,189.58,5.92,,0.88,,,0.75,,,3.17,0.22,,4.59,,,598.7,39.3,31.03,INR,2026-09-27 15:38:45
ABB,ABB India Limited,Industrials,Specialty Industrial Machinery,149448.37,94.34,67.24,16.01,19.13,7.91,1.55,2.19,1.69,11.46,21.35,0.56,74.76,104.88,,3.0,12.1,440.55,INR,2026-09-27 15:38:48
ABBOTINDIA,Abbott India Limited,Healthcare,Drug Manufacturers - Specialty & Generic,57277.49,35.46,29.82,12.0,,,3.6,,,27.72,23.05,1.95,760.13,904.04,,17.1,4.3,2246.75,INR,2026-09-27 15:38:50
ABCAPITAL,Aditya Birla Capital Limited,Financial Services,Financial Conglomerates,106774.04,25.26,15.37,2.97,,,4.96,,,17.87,11.94,,15.44,25.37,,40.7,31.4,131.41,INR,2026-09-27 15:38:53
ABCOTS,A B Cotspin India Limited,Consumer Cyclical,Textile Manufacturing,446.02,31.83,,2.91,,,0.96,,,8.52,4.19,,6.38,,,22.2,51.4,69.73,INR,2026-09-27 15:38:55
ABDL,Allied Blenders and Distillers Limited,Consumer Defensive,Beverages - Wineries & Distilleries,20000.67,90.51,46.03,12.03,,,0.68,,,9.47,5.55,0.76,7.9,15.53,,-13.0,6.1,59.44,INR,2026-09-27 15:38:58
ABFRL,Aditya Birla Fashion and Retail Limited,Consumer Cyclical,Apparel Manufacturing,5979.24,,-8.61,1.02,,,0.99,,,-11.49,-9.31,,-6.41,-5.71,,,10.6,47.98,INR,2026-09-27 15:39:00
ABLBL,Aditya Birla Lifestyle Brands Limited,Consumer Cyclical,Apparel Retail,9561.63,54.29,25.39,6.8,,,2.14,,,5.08,2.05,0.64,1.45,3.1,,20.6,11.1,11.57,INR,2026-09-27 15:39:03
ABMKNO,ABM Knowledgeware Limited,Technology,Software - Application,348.18,41.25,,1.18,,,,,,18.01,8.09,0.72,4.22,,,-26.6,4.2,147.31,INR,2026-09-27 15:39:06
ABREL,Aditya Birla Real Estate Limited,Real Estate,Real Estate Services,13611.03,,21.06,3.68,,,1.52,,,-38.47,-25.42,20.0,-31.76,58.44,,,29.7,334.58,INR,2026-09-27 15:39:09
ABSLAMC,Aditya Birla Sun Life AMC Limited,Financial Services,Asset Management,29357.11,29.15,23.27,7.25,,,1.58,,,65.12,47.59,2.51,34.8,43.6,,11.7,10.6,139.94,INR,2026-09-27 15:39:11
ACC,ACC Limited,Basic Materials,Building Materials,23218.02,12.2,12.59,1.13,,,2.08,,,3.38,7.56,0.61,101.38,98.21,2.33,-60.8,-3.8,1094.35,INR,2026-09-27 15:39:14
ACCELYA,Accelya Solutions India Limited,Technology,Information Technology Services,1656.82,17.38,17.73,6.62,36.14,19.56,0.06,2.55,1.9,31.77,17.92,6.31,63.88,62.6,,-10.3,-3.5,167.57,INR,2026-09-27 15:39:17
ACE,Action Construction Equipment Limited,Industrials,Farm & Heavy Construction Machinery,14599.96,33.44,26.04,7.26,,,0.39,,,13.84,12.8,16.0,36.68,47.1,,22.3,20.5,168.99,INR,2026-09-27 15:39:19
ACEINTEG,Ace Integrated Solutions Limited,Industrials,Staffing & Employment Services,17.93,,,1.49,,,0.48,,,-238.46,-170.0,,-0.93,,,,-70.5,11.78,INR,2026-09-27 15:39:22
ACGL,Automobile Corporation of Goa Limited,Consumer Cyclical,Auto Parts,,18.25,,3.43,,,3.08,,,4.6,6.27,2.59,95.23,,,-51.4,-2.9,506.84,INR,2026-09-27 15:39:24
ACI,Archean Chemical Industries Limited,Basic Materials,Chemicals,5957.48,61.32,15.57,3.08,,,0.24,,,13.47,8.72,0.52,7.87,31.0,,-23.7,11.9,156.68,INR,2026-09-27 15:39:27
ACL,Andhra Cements Limited,Basic Materials,Building Materials,392.93,,,4.87,,,13.96,,,-11.97,-15.14,,-7.98,,,,42.8,8.76,INR,2026-09-27 15:39:30
ACMESOLAR,ACME Solar Holdings Limited,Utilities,Utilities - Renewable,31281.65,45.66,17.79,5.3,,,3.93,,,67.58,21.15,5.0,9.7,24.89,,79.9,46.8,83.56,INR,2026-09-27 15:39:32
ACUTAAS,Acutaas Chemicals Limited,Basic Materials,Specialty Chemicals,26792.32,69.45,44.59,16.21,,,2.08,,,31.32,26.42,8.0,47.12,73.4,,67.7,59.1,201.93,INR,2026-09-27 15:39:35
ADANIENSOL,Adani Energy Solutions Limited,Utilities,Utilities - Independent Power Producers,163692.47,55.24,37.09,6.32,,,1.95,,,24.95,9.58,,24.23,36.09,,124.2,42.4,211.67,INR,2026-09-27 15:39:37
ADANIENT,Adani Enterprises Limited,Energy,Thermal Coal,415010.21,50.76,44.3,4.66,,,1.2,,,9.4,6.55,4.0,57.46,65.84,,,49.9,626.03,INR,2026-09-27 15:39:40
ADANIGREEN,Adani Green Energy Limited,Utilities,Utilities - Renewable,213572.86,123.49,43.46,11.07,,,3.47,,,66.78,13.1,,10.5,29.83,,18.5,16.6,117.11,INR,2026-09-27 15:39:43
ADANIPORTS,Adani Ports and Special Economic Zone Limited,Industrials,Marine Shipping,411947.87,30.49,22.87,4.29,,,0.64,,,44.63,32.43,42.0,58.65,78.17,,9.2,18.6,416.5,INR,2026-09-27 15:39:45
ADANIPOWER,Adani Power Limited,Utilities,Utilities - Independent Power Producers,390997.19,27.47,25.73,6.02,,,0.82,,,35.88,24.15,,7.38,7.88,,42.0,34.0,33.67,INR,2026-09-27 15:39:48
ADDIND,Addi Industries Limited,Consumer Cyclical,Textile Manufacturing,83.35,34.46,,1.01,,,,,,-6.91,33.48,,2.24,,,6.1,,76.72,INR,2026-09-27 15:39:51
ADFFOODS,ADF Foods Limited,Consumer Defensive,Packaged Foods,2972.91,32.37,,5.2,,,0.1,,,14.31,12.81,44.0,8.36,,,13.4,25.9,52.06,INR,2026-09-27 15:39:53
ADL,Archidply Decor Limited,Consumer Cyclical,"Furnishings, Fixtures & Appliances",38.86,,,0.68,,,0.37,,,-3.27,-0.22,,-0.19,,,,-0.1,103.22,INR,2026-09-27 15:39:55
ADOR,Ador Welding Limited,Industrials,Specialty Industrial Machinery,2852.15,25.12,20.01,5.14,,,0.53,,,9.93,9.48,1.4,65.23,81.9,,,22.9,318.6,INR,2026-09-27 15:39:58
ADROITINFO,Adroit Infotech Limited,Technology,Information Technology Services,72.0,16.68,,0.92,,,0.34,,,3.72,5.73,,0.79,,,-25.4,52.7,14.31,INR,2026-09-27 15:40:01
ADSL,Allied Digital Services Limited,Technology,Information Technology Services,654.43,18.85,11.22,1.07,,,0.2,,,6.8,2.56,1.3,6.13,10.3,,-20.8,18.9,108.28,INR,2026-09-27 15:40:03
ADVAIT,Advait Energy Transitions Limited,Industrials,Specialty Industrial Machinery,2084.55,36.36,,7.5,,,0.44,,,13.28,7.38,10.0,52.42,,,66.0,51.4,254.23,INR,2026-09-27 15:40:05
ADVANCE,Advance Agrolife Limited,Basic Materials,Agricultural Inputs,791.49,16.18,,2.82,,,0.32,,,9.77,6.12,,7.61,,,152.2,96.0,43.62,INR,2026-09-27 15:40:08
ADVANIHOTR,Advani Hotels & Resorts (India) Limited,Consumer Cyclical,Lodging,443.15,19.33,,0.86,,,0.56,,,4.03,21.24,5.63,2.48,,,-41.0,5.5,55.87,INR,2026-09-27 15:40:10
ADVENTHTL,Advent Hotels International Limited,Consumer Cyclical,Lodging,684.8,18.59,,0.76,,,0.78,,,23.9,9.5,,6.83,,,-79.7,0.0,167.66,INR,2026-09-27 15:40:13
ADVENZYMES,Advanced Enzyme Technologies Limited,Basic Materials,Specialty Chemicals,3212.49,19.69,15.82,2.0,,,1.9,,,21.65,22.13,0.88,14.79,18.4,,-7.1,2.1,145.81,INR,2026-09-27 15:40:16
ADVIKCA,Advik Capital Limited,Financial Services,Credit Services,,,,0.42,-14.34,-2.56,1.01,1.63,0.22,-8.62,0.0,,-0.39,,,,,2.35,INR,2026-09-27 15:40:18
AEGISLOG,Aegis Logistics Limited,Energy,Oil & Gas Refining & Marketing,47925.54,38.31,32.47,7.91,,,0.47,,,28.03,13.95,0.98,35.64,42.05,,268.9,37.1,172.51,INR,2026-09-27 15:40:21
AEGISVOPAK,Aegis Vopak Terminals Limited,Energy,Oil & Gas Equipment & Services,31854.76,104.17,38.0,7.42,,,0.84,,,53.03,32.13,7.0,2.76,7.57,,38.5,42.5,38.72,INR,2026-09-27 15:40:23
AEPL,Artemis Electricals and Projects Limited,Industrials,Electrical Equipment & Parts,399.15,45.43,,4.28,,,1.8,,,11.83,11.25,,0.35,,,-3.1,-17.6,3.71,INR,2026-09-27 15:40:26
AEQUS,Aequs Limited,Industrials,Aerospace & Defense,16112.69,,461.46,9.99,,,0.47,,,-7.73,-12.41,,-2.63,0.53,,,54.8,24.63,INR,2026-09-27 15:40:29
AEROENTER,Aeroflex Enterprises Limited,Basic Materials,Steel,1421.8,9.44,,1.72,,,4.22,,,45.74,16.43,32.0,13.31,,,848.6,147.7,72.95,INR,2026-09-27 15:40:32
AEROFLEX,Aeroflex Industries Limited,Industrials,Metal Fabrication,6956.63,102.08,53.1,15.55,,,1.99,,,17.64,13.35,8.0,5.15,9.9,,162.2,72.4,33.8,INR,2026-09-27 15:40:34
AERONEU,Aeroflex Neu Limited,Consumer Cyclical,Packaging & Containers,206.94,286.5,,1.99,,,0.23,,,0.29,0.74,,0.28,,,-91.4,-4.9,40.29,INR,2026-09-27 15:40:37
AEROPLANE,Amir Chand Jagdish Kumar (Exports) Limited,Consumer Defensive,Farm Products,2169.09,35.68,,1.92,,,0.82,,,9.09,4.91,,5.87,,,127.6,55.1,109.27,INR,2026-09-27 15:40:40
AETHER,Aether Industries Limited,Basic Materials,Specialty Chemicals,23453.01,98.99,59.77,9.55,,,0.19,,,24.91,19.12,,17.85,29.56,,33.5,27.5,185.1,INR,2026-09-27 15:40:43
AFCONS,Afcons Infrastructure Limited,Industrials,Engineering & Construction,9286.56,64.91,17.26,1.7,,,0.67,,,6.29,1.29,0.79,3.89,14.63,,-77.7,-20.8,148.18,INR,2026-09-27 15:40:45
AFFLE,Affle 3i Limited,Communication Services,Advertising Agencies,22208.84,46.73,31.85,6.07,,,0.41,,,17.86,16.85,,33.77,49.54,,21.7,20.4,260.06,INR,2026-09-27 15:40:48
AFFORDABLE,Affordable Robotic & Automation Limited,Industrials,Specialty Industrial Machinery,211.25,32.77,,1.82,,,0.67,,,-35.25,5.33,,5.44,,,,-41.2,98.02,INR,2026-09-27 15:40:50
AFIL,Akme Fintrade (India) Limited,Financial Services,Credit Services,343.11,7.96,,0.81,,,1.19,,,62.25,48.82,,1.01,,,20.4,23.0,9.93,INR,2026-09-27 15:40:53
AFSL,Abans Financial Services Limited,Financial Services,Capital Markets,1029.42,7.58,,0.81,,,0.56,,,2.67,0.5,,26.51,,,106.9,95.9,246.75,INR,2026-09-27 15:40:55
AGARIND,Agarwal Industrial Corporation Limited,Basic Materials,Specialty Chemicals,595.17,14.56,36.04,0.86,,,0.5,,,3.7,2.74,0.83,27.32,11.04,,-20.6,-27.0,460.71,INR,2026-09-27 15:40:58
AGARWALEYE,Dr. Agarwal's Health Care Limited,Healthcare,Medical Instruments & Supplies,15851.31,107.53,59.51,7.82,,,0.5,,,15.0,6.72,,4.65,8.4,,50.5,26.0,63.93,INR,2026-09-27 15:41:00
AGI,AGI Greenpac Limited,Consumer Cyclical,Packaging & Containers,5197.46,14.35,8.33,2.16,,,0.1,,,16.58,13.11,0.87,55.99,96.4,,11.8,14.2,372.01,INR,2026-09-27 15:41:03
AGIIL,AGI Infra Limited,Real Estate,Real Estate - Development,3306.81,31.84,,7.13,,,0.38,,,39.06,28.64,8.0,8.31,,,37.5,5.3,37.09,INR,2026-09-27 15:41:06
AGL,Allcargo Global Limited,Industrials,Integrated Freight & Logistics,1349.36,,,1.04,,,,,,-0.65,-1.86,,,,,,5.8,13.18,INR,2026-09-27 15:41:08
AGRITECH,Agri-tech (India) Limited,Consumer Defensive,Farm Products,57.04,,,,,,,,,0.0,0.0,,-1.18,,,,,,INR,2026-09-27 15:41:11
AGROPHOS,Agro Phos (India) Limited,Basic Materials,Agricultural Inputs,49.06,5.99,,0.7,10.39,5.72,0.42,1.58,0.36,3.92,4.77,4.17,4.04,,,,-22.6,34.44,INR,2026-09-27 15:41:13
AHCL,Anlon Healthcare Limited,Healthcare,Drug Manufacturers - Specialty & Generic,1674.8,47.03,,6.17,,,0.17,,,16.59,13.98,,0.67,,,87.8,163.0,5.11,INR,2026-09-27 15:41:16
AHLADA,Ahlada Engineers Limited,Industrials,Building Products & Equipment,50.6,279.71,,0.37,,,0.28,,,4.6,-0.23,4.33,0.14,,,-69.7,-12.1,106.07,INR,2026-09-27 15:41:18
AHLEAST,Asian Hotels (East) Limited,Consumer Cyclical,Lodging,237.62,3.42,7.3,1.3,,,2.35,,,19.34,-38.48,0.72,40.19,18.83,,,7.6,105.97,INR,2026-09-27 15:41:20
AHLUCONT,Ahluwalia Contracts (India) Limited,Industrials,Engineering & Construction,3922.46,17.42,12.22,1.91,,,3.55,,,1.43,4.8,12.0,33.61,47.93,,-79.7,12.0,307.25,INR,2026-09-27 15:41:23
AIAENG,AIA Engineering Limited,Industrials,Specialty Industrial Machinery,36575.99,28.9,25.65,4.56,,,0.13,,,23.88,27.84,41.0,135.61,152.81,,-1.3,12.4,860.13,INR,2026-09-27 15:41:25
AIIL,Authum Investment & Infrastructure Limited,Financial Services,Capital Markets,47522.65,29.24,,3.23,,,0.25,,,92.41,82.05,4.0,19.14,,,17.8,14.1,173.43,INR,2026-09-27 15:41:27
AIRAN,Airan Limited,Technology,Information Technology Services,212.91,13.73,,1.59,,,0.62,,,8.39,13.88,,1.24,,,113.6,3.3,10.73,INR,2026-09-27 15:41:30
AIROLAM,Airo Lam Limited,Consumer Cyclical,"Furnishings, Fixtures & Appliances",138.45,26.37,,1.76,7.0,4.19,1.06,1.33,0.56,3.39,2.16,,3.5,,,-91.7,9.2,52.38,INR,2026-09-27 15:41:32
AJANTPHARM,Ajanta Pharma Limited,Healthcare,Drug Manufacturers - Specialty & Generic,44332.96,39.06,30.46,9.79,,,0.06,,,25.2,19.65,1.8,90.82,116.49,,30.9,24.8,362.35,INR,2026-09-27 15:41:36
AJAXENGG,Ajax Engineering Limited,Industrials,Farm & Heavy Construction Machinery,6953.35,30.68,20.71,4.99,,,0.13,,,11.87,10.8,,19.81,29.35,,5.2,1.7,121.68,INR,2026-09-27 15:41:38
AJMERA,Ajmera Realty & Infra India Limited,Real Estate,Real Estate - Development,2377.68,15.35,6.07,1.7,,,0.47,,,28.29,13.45,0.83,7.87,19.9,,12.5,22.6,71.18,INR,2026-09-27 15:41:41
AJOONI,Ajooni Biotech Limited,Consumer Defensive,Packaged Foods,54.95,12.76,,0.66,4.4,3.61,0.29,2.36,0.54,1.78,1.83,,0.25,,,-44.7,99.8,4.81,INR,2026-09-27 15:41:44
AKASH,Akash Infra-Projects Limited,Industrials,Engineering & Construction,42.22,62.6,,0.5,,,1.08,,,2.98,0.69,,0.4,,,21.0,84.5,50.09,INR,2026-09-27 15:41:46
AKCAPIT,A. K. Capital Services Limited,Financial Services,Capital Markets,1157.64,10.11,,1.11,,,2.73,,,71.41,19.83,1.94,173.47,,,17.7,3.9,1585.45,INR,2026-09-27 15:41:49
AKG,AKG Exim Limited,Industrials,Industrial Distribution,30.47,87.18,,0.62,,,0.11,,,1.27,0.47,,0.11,,,13.9,-27.4,15.44,INR,2026-09-27 15:41:51
AKSHAR,Akshar Spintex Limited,Consumer Cyclical,Textile Manufacturing,32.29,,,0.39,,,0.06,,,3.73,-4.59,,-0.06,,,,14.3,1.04,INR,2026-09-27 15:41:54
AKUMS,Akums Drugs and Pharmaceuticals Limited,Healthcare,Drug Manufacturers - Specialty & Generic,12547.48,43.11,24.01,3.79,,,0.06,,,11.45,6.48,12.0,19.01,34.13,,57.6,13.9,216.41,INR,2026-09-27 15:41:56
ALANKIT,Alankit Limited,Technology,Information Technology Services,212.86,11.21,,0.66,,,0.06,,,8.67,8.19,,0.7,,,0.9,-18.0,11.86,INR,2026-09-27 15:41:58
ALBERTDAVD,Albert David Limited,Healthcare,Drug Manufacturers - Specialty & Generic,498.69,22.08,,1.27,,,0.08,,,8.24,6.19,0.57,39.58,,,303.1,43.6,686.04,INR,2026-09-27 15:42:01
ALEMBICLTD,Alembic Limited,Real Estate,Real Estate - Development,2735.5,8.53,2.14,1.12,,,0.43,,,24.57,134.16,2.25,12.49,49.8,,5.3,-2.0,95.22,INR,2026-09-27 15:42:03
ALFREDHE,Alfred Herbert (India) Limited,Industrials,Specialty Industrial Machinery,,1.11,,0.37,,,0.0,,,90.29,127.67,0.73,2476.83,,,-98.5,45.2,7436.22,INR,2026-09-27 15:42:06
ALGOQUANT,Algoquant Fintech Limited,Financial Services,Capital Markets,2031.76,44.62,,15.05,,,0.25,,,32.3,17.55,,1.62,,,271.0,42.9,4.8,INR,2026-09-27 15:42:08
ALICON,Alicon Castalloy Limited,Industrials,Metal Fabrication,1192.67,32.68,9.18,1.9,,,0.56,,,4.92,1.89,0.82,22.34,79.5,,22.9,38.3,384.59,INR,2026-09-27 15:42:11
ALIVUS,Alivus Life Sciences Limited,Healthcare,Drug Manufacturers - Specialty & Generic,16765.67,27.84,21.74,5.04,,,1.7,,,29.84,23.28,37.0,49.05,62.81,,31.7,6.4,271.02,INR,2026-09-27 15:42:13
ALKALI,Alkali Metals Limited,Basic Materials,Specialty Chemicals,95.64,89.46,,2.14,,,0.41,,,-5.94,1.18,1.06,1.05,,,,-14.8,43.85,INR,2026-09-27 15:42:16
ALKEM,Alkem Laboratories Limited,Healthcare,Drug Manufacturers - Specialty & Generic,63058.58,29.24,23.62,4.56,,,0.14,,,17.8,14.31,38.0,180.37,223.31,,-21.7,10.9,1155.87,INR,2026-09-27 15:42:18
ALKYLAMINE,Alkyl Amines Chemicals Limited,Basic Materials,Specialty Chemicals,9450.66,42.01,40.05,6.16,,,0.08,,,21.92,13.58,0.54,43.98,46.13,,91.4,30.2,299.81,INR,2026-09-27 15:42:21
ALLCARGO,Allcargo Logistics Limited,Industrials,Integrated Freight & Logistics,1598.13,53.35,10.67,2.86,,,1.21,,,3.66,1.47,,0.2,1.0,,,-85.7,3.73,INR,2026-09-27 15:42:23
ALLDIGI,Alldigi Tech Limited,Industrials,Specialty Business Services,1183.94,13.85,,4.72,,,0.68,,,16.84,14.12,7.72,56.1,,0.15,21.7,4.4,164.7,INR,2026-09-27 15:42:26
ALLTIME,All Time Plastics Limited,Consumer Defensive,Household & Personal Products,1316.77,35.45,,2.14,,,0.14,,,9.41,5.59,,5.67,,,-8.5,2.3,93.88,INR,2026-09-27 15:42:28
ALMONDZ,Almondz Global Securities Limited,Financial Services,Capital Markets,373.94,11.19,,1.42,,,0.17,,,18.43,16.67,,1.91,,,81.6,42.7,15.07,INR,2026-09-27 15:42:31
ALOKINDS,Alok Industries Limited,Consumer Cyclical,Textile Manufacturing,3723.93,,,-0.17,,,,,,-0.95,-18.83,,-1.43,,,,6.5,-43.36,INR,2026-09-27 15:42:33
ALPA,Alpa Laboratories Limited,Healthcare,Drug Manufacturers - Specialty & Generic,124.35,29.11,11.17,0.67,,,1.35,,,-19.54,3.82,,2.03,5.29,,-91.7,25.2,88.53,INR,2026-09-27 15:42:36
ALPINETEX,Alpine Texworld Limited,Consumer Cyclical,Textile Manufacturing,187.64,8.75,,1.77,33.85,8.28,2.37,1.28,0.6,11.07,6.26,,5.61,,,,,27.79,INR,2026-09-27 15:42:39
ALUFLUOR,Alufluoride Limited,Basic Materials,Chemicals,,17.86,,3.52,,,0.36,,,7.25,12.93,0.71,31.66,,,-11.5,-39.3,160.7,INR,2026-09-27 15:42:42
AMAGI,Amagi Media Labs Limited,Technology,Software - Application,12453.55,121.96,38.2,7.29,,,1.76,,,5.48,6.3,,4.72,15.07,,760.3,32.4,78.96,INR,2026-09-27 15:42:44
AMAL,Amal Ltd,Basic Materials,Chemicals,,28.1,,6.92,,,,,,15.26,10.28,22.0,24.0,,,77.9,104.1,97.41,INR,2026-09-27 15:42:47
AMARJOTHI,Amarjothi Spinning Mills Limited,Consumer Cyclical,Textile Manufacturing,101.13,9.96,,0.51,,,0.28,,,8.07,4.14,1.47,15.04,,,24.2,43.9,295.88,INR,2026-09-27 15:42:49
AMBER,Amber Enterprises India Limited,Consumer Cyclical,"Furnishings, Fixtures & Appliances",24546.37,263.14,36.63,5.6,,,0.47,,,5.24,0.76,,26.45,190.03,,-78.6,12.7,1242.28,INR,2026-09-27 15:42:52
AMBICAAGAR,Ambica Agarbathies Aroma & Industries Limited,Consumer Defensive,Household & Personal Products,43.32,12.67,,0.59,,,0.85,,,10.1,2.52,,1.99,,,-2.6,-18.2,43.09,INR,2026-09-27 15:42:55
AMBIKCO,Ambika Cotton Mills Limited,Consumer Cyclical,Textile Manufacturing,885.14,10.88,12.43,0.93,,,,,,13.25,9.6,2.39,142.13,124.34,,61.4,34.3,1666.92,INR,2026-09-27 15:42:57
AMBUJACEM,Ambuja Cements Limited,Basic Materials,Building Materials,95367.28,21.5,26.45,1.6,,,1.21,,,7.95,11.13,0.52,17.85,14.51,5.15,-26.8,-7.7,240.09,INR,2026-09-27 15:42:59
AMDIND,AMD Industries Limited,Consumer Cyclical,Packaging & Containers,112.7,34.39,,0.73,,,0.51,,,11.55,1.03,,1.71,,,503.1,40.8,80.02,INR,2026-09-27 15:43:02
AMJLAND,AMJ Land Holdings Limited,Real Estate,Real Estate - Development,154.57,10.62,,0.73,,,,,,28.97,23.47,0.53,3.55,,,-6.2,2.5,51.93,INR,2026-09-27 15:43:04
AMNPLST,Amines & Plasticizers Limited,Basic Materials,Chemicals,897.65,23.24,,3.07,,,0.09,,,8.97,6.64,31.0,7.02,,,27.4,7.3,53.11,INR,2026-09-27 15:43:07
AMRUTANJAN,Amrutanjan Health Care Limited,Healthcare,Drug Manufacturers - Specialty & Generic,1463.36,27.11,,3.95,,,0.48,,,2.23,10.55,1.48,18.68,,,-47.5,9.5,128.04,INR,2026-09-27 15:43:09
ANANDRATHI,Anand Rathi Wealth Limited,Financial Services,Asset Management,35313.66,76.92,63.19,35.38,,,0.08,,,48.53,33.19,33.0,27.65,33.66,,73.8,52.1,60.12,INR,2026-09-27 15:43:12
ANANTRAJ,Anant Raj Limited,Real Estate,Real Estate - Development,22218.8,37.88,21.75,3.84,,,0.12,,,26.48,22.77,16.0,16.3,28.39,,18.9,6.6,160.85,INR,2026-09-27 15:43:14
ANDHRAPAP,Andhra Paper Limited,Basic Materials,Paper & Paper Products,1472.49,53.27,,0.76,,,0.12,,,5.53,1.62,0.68,1.39,,,42.3,0.1,97.53,INR,2026-09-27 15:43:17
ANDHRSUGAR,The Andhra Sugars Limited,Basic Materials,Chemicals,1293.14,12.42,,0.77,,,0.03,,,8.55,4.23,1.05,7.68,,,94.1,4.6,123.33,INR,2026-09-27 15:43:19
ANDREWYU,Andrew Yule & Company Limited,Consumer Defensive,Farm Products,1320.17,,,4.08,,,0.37,,,-26.24,-14.01,,-0.85,,,,3.8,6.62,INR,2026-09-27 15:43:22
ANGELONE,Angel One Limited,Financial Services,Capital Markets,26340.33,25.97,16.37,4.29,,,1.29,,,24.66,20.7,1.75,11.09,17.59,,102.2,23.0,67.17,INR,2026-09-27 15:43:24
ANIKINDS,Anik Industries Limited,Consumer Defensive,Food Distribution,120.12,,,0.3,,,0.08,,,1.52,-0.7,,-0.34,,,0.7,-71.7,146.68,INR,2026-09-27 15:43:26
ANMOL,Anmol India Limited,Energy,Thermal Coal,75.41,6.53,,0.64,,,1.66,,,2.14,0.89,,2.03,,,4.9,-21.1,20.85,INR,2026-09-27 15:43:29
ANNAPURNA,Annapurna Swadisht Limited,Consumer Defensive,Packaged Foods,287.96,9.18,,0.81,,,0.69,,,14.2,6.21,,14.38,,,27.3,1.6,162.23,INR,2026-09-27 15:43:32
ANSALBU,Ansal Buildwell Limited,Real Estate,Real Estate - Development,69.92,9.85,,0.54,,,0.38,,,24.3,9.54,,9.61,,,293.0,77.7,175.85,INR,2026-09-27 15:43:35
ANTELOPUS,Antelopus Selan Energy Limited,Energy,Oil & Gas E&P,4436.43,33.67,,6.77,14.7,9.3,0.54,2.75,2.04,47.98,32.13,,37.47,,,157.6,65.3,186.41,INR,2026-09-27 15:43:37
ANTGRAPHIC,Antarctica Limited,Consumer Cyclical,Packaging & Containers,11.01,,,0.69,12.19,,,,,1.45,5.12,,-0.03,,,-20.5,710.5,1.03,INR,2026-09-27 15:43:40
ANTHEM,Anthem Biosciences Limited,Healthcare,Biotechnology,49071.32,86.24,57.8,16.13,,,1.77,,,28.83,28.69,23.0,10.13,15.12,,-11.7,-22.6,54.16,INR,2026-09-27 15:43:43
ANUHPHR,Anuh Pharma Limited,Healthcare,Drug Manufacturers - Specialty & Generic,906.23,25.26,,2.57,,,0.02,,,7.15,5.67,1.66,3.58,,,37.6,3.9,35.14,INR,2026-09-27 15:43:45
ANUP,The Anup Engineering Limited,Industrials,Specialty Industrial Machinery,3359.48,39.69,25.92,4.86,,,0.18,,,1.62,10.97,0.72,42.26,64.7,,-97.8,-28.5,344.96,INR,2026-09-27 15:43:48
ANURAS,Anupam Rasayan India Ltd,Basic Materials,Specialty Chemicals,13575.46,77.53,29.91,4.07,,,0.41,,,16.23,6.89,13.0,15.38,39.87,,13.5,34.8,293.12,INR,2026-09-27 15:43:50
APARINDS,APAR Industries Limited,Industrials,Electrical Equipment & Parts,74432.26,60.61,47.27,13.24,,,0.18,,,10.8,4.84,34.0,293.3,376.06,,77.8,29.1,1342.64,INR,2026-09-27 15:43:53
APCL,Anjani Portland Cement Limited,Basic Materials,Building Materials,280.59,,,0.77,,,0.62,,,-6.77,-8.01,,-11.05,,,,-35.7,124.4,INR,2026-09-27 15:43:55
APCOTEXIND,Apcotex Industries Limited,Basic Materials,Specialty Chemicals,3107.59,19.27,21.41,5.0,,,0.16,,,19.78,10.13,1.33,31.11,28.0,,312.0,39.9,119.78,INR,2026-09-27 15:43:58
APEX,Apex Frozen Foods Limited,Consumer Defensive,Farm Products,1086.25,21.14,20.21,2.06,,,1.07,,,10.16,5.53,0.72,16.44,17.2,,138.1,-0.6,168.84,INR,2026-09-27 15:44:00
APLAPOLLO,APL Apollo Tubes Limited,Basic Materials,Steel,61493.01,50.19,34.8,11.61,,,0.09,,,6.28,5.23,38.0,44.13,63.63,,10.9,8.5,190.73,INR,2026-09-27 15:44:03
APLLTD,Alembic Pharmaceuticals Limited,Healthcare,Drug Manufacturers - Specialty & Generic,16978.14,24.47,17.82,2.99,,,0.25,,,10.89,8.91,1.39,35.3,48.47,,12.1,25.7,288.7,INR,2026-09-27 15:44:05
APOLLO,Apollo Micro Systems Limited,Industrials,Aerospace & Defense,14700.48,113.68,49.92,10.4,,,0.42,,,18.36,11.87,6.0,3.48,7.92,,45.4,88.1,38.05,INR,2026-09-27 15:44:08
APOLLOHOSP,Apollo Hospitals Enterprise Limited,Healthcare,Medical Care Facilities,127810.18,61.35,40.8,13.48,,,0.85,,,12.17,7.91,22.0,144.89,217.89,,34.2,20.6,659.33,INR,2026-09-27 15:44:10
APOLLOPIPE,Apollo Pipes Limited,Industrials,Building Products & Equipment,2246.26,,37.13,2.75,,,0.14,,,-4.0,-0.82,14.0,-3.32,13.78,,,7.4,185.96,INR,2026-09-27 15:44:13
APOLLOTYRE,Apollo Tyres Limited,Consumer Cyclical,Auto Parts,25309.58,14.84,11.93,1.51,,,0.22,,,6.45,5.83,2.75,26.97,33.53,,2609.1,12.8,264.24,INR,2026-09-27 15:44:15
APOLSINHOT,Apollo Sindoori Hotels Limited,Industrials,Specialty Business Services,312.67,37.6,,1.99,,,0.58,,,1.29,1.24,25.0,31.98,,,-55.5,28.9,604.26,INR,2026-09-27 15:44:18
APOORVA,Apoorva Leasing Finance and Investment Company Limited,Financial Services,Capital Markets,66.82,223.0,,0.48,,,0.03,,,-4.49,23.5,,0.15,,,,-41.1,69.92,INR,2026-09-27 15:44:21
APTUS,Aptus Value Housing Finance India Limited,Financial Services,Mortgage Finance,12250.31,12.44,9.36,2.42,,,1.56,,,78.45,61.76,2.04,19.67,26.14,,19.0,16.8,101.05,INR,2026-09-27 15:44:23
AQYLON,Aqylon Nexus Limited,Communication Services,Broadcasting,470.92,16.57,,-81.76,,,,,,55.36,54.86,,1.12,,,,24294.8,-0.23,INR,2026-09-27 15:44:26
ARCHIDPLY,Archidply Industries Limited,Basic Materials,Lumber & Wood Production,212.55,16.2,,1.88,,,1.63,,,5.75,1.83,,6.56,,,888.8,27.8,56.5,INR,2026-09-27 15:44:29
ARCHIES,Archies Limited,Consumer Cyclical,Specialty Retail,41.55,,,0.33,,,0.35,,,-17.46,-12.06,,-1.77,,,,-41.9,36.93,INR,2026-09-27 15:44:32
ARCL,ARCL Organics Ltd.,Basic Materials,Specialty Chemicals,196.42,19.05,,,,,,,,0.0,0.0,,12.89,,,,,,INR,2026-09-27 15:44:34
ARDEE,Ardee Industries Limited,Industrials,Metal Fabrication,1628.33,19.2,,8.93,80.66,27.15,1.25,1.41,0.21,9.08,7.25,,2.69,,,,,5.78,INR,2026-09-27 15:44:36
ARE&M,Amara Raja Energy & Mobility Limited,Industrials,Electrical Equipment & Parts,14494.69,15.72,13.55,1.79,,,0.05,,,5.86,6.3,1.34,50.37,58.43,1.31,15.9,23.9,442.5,INR,2026-09-27 15:44:39
ARENTERP,Rajdarshan Industries Limited,Basic Materials,Other Industrial Metals & Mining,11.22,,,0.53,,,,,,-35.39,-11.21,,-0.21,,,46.5,-1.6,65.85,INR,2026-09-27 15:44:41
ARFIN,Arfin India Limited,Basic Materials,Aluminum,1523.73,82.1,,9.04,,,0.76,,,4.21,2.56,27.0,1.1,,,276.9,95.5,9.98,INR,2026-09-27 15:44:44
ARIHANT,Arihant Foundations & Housing Limited,Real Estate,Real Estate - Development,972.19,14.07,,2.4,,,1.08,,,26.79,14.13,,63.63,,,47.3,62.6,372.65,INR,2026-09-27 15:44:47
ARIHANTCAP,Arihant Capital Markets Limited,Financial Services,Capital Markets,1023.12,25.86,,2.11,,,0.55,,,38.59,19.36,0.54,3.61,,,69.2,50.4,44.25,INR,2026-09-27 15:44:49
ARIHANTSUP,Arihant Superstructures Limited,Real Estate,Real Estate - Development,1049.68,24.69,,2.89,,,1.94,,,20.4,7.11,10.0,9.83,,,-38.5,8.8,83.89,INR,2026-09-27 15:44:52
ARIS,Arisinfra Solutions Limited,Industrials,Engineering & Construction,1147.49,16.8,,1.55,,,0.09,,,9.85,5.78,,8.35,,,410.7,37.1,90.4,INR,2026-09-27 15:44:54
ARKADE,Arkade Developers Limited,Real Estate,Real Estate - Development,2329.71,,,2.64,,,0.11,,,16.75,-0.53,1.42,-0.23,,,-33.7,-7.8,47.55,INR,2026-09-27 15:44:56
ARMANFIN,Arman Financial Services Limited,Financial Services,Credit Services,1988.62,17.12,,2.12,,,1.9,,,48.42,30.79,,110.12,,,,265.7,888.88,INR,2026-09-27 15:44:59
AROGRANITE,Aro Granite Industries Limited,Industrials,Building Products & Equipment,36.93,,,0.21,,,0.87,,,-24.91,-28.8,,-12.62,,,,-23.7,113.69,INR,2026-09-27 15:45:01
ARSSBL,Anand Rathi Share and Stock Brokers Limited,Financial Services,Financial Conglomerates,3133.77,21.24,,2.31,,,0.63,,,25.22,16.18,1.01,23.39,,,2.4,27.0,214.93,INR,2026-09-27 15:45:04
ARTEMISMED,Artemis Medicare Services Limited,,,,156.2,28.79,6.06,,,0.28,,,15.21,10.21,,2.29,12.43,,47.1,12.7,59.05,INR,2026-09-27 15:45:07
ARTNIRMAN,Art Nirman Limited,Real Estate,Real Estate - Development,99.8,78.41,,2.4,,,1.96,,,-10.9,1.17,,0.51,,,,41.0,16.68,INR,2026-09-27 15:45:09
ARVEE,Arvee Laboratories (India) Ltd.,Basic Materials,Specialty Chemicals,234.94,57.78,,6.98,,,3.3,,,12.61,9.82,,3.69,,,901.8,130.3,30.53,INR,2026-09-27 15:45:12
ARVIND,Arvind Limited,Consumer Cyclical,Textile Manufacturing,14392.78,34.73,21.33,3.56,,,0.4,,,5.88,4.23,0.82,15.81,25.74,,0.4,24.7,154.29,INR,2026-09-27 15:45:14
ARVINDFASN,Arvind Fashions Limited,Consumer Cyclical,Apparel Retail,5579.19,46.1,23.54,5.9,,,1.15,,,6.31,2.2,38.0,9.05,17.73,,-23.9,15.5,70.72,INR,2026-09-27 15:45:17
ARVSMART,Arvind SmartSpaces Limited,Real Estate,Real Estate - Development,2816.46,15.24,18.57,4.16,,,0.65,,,47.74,23.63,37.0,40.28,33.07,,785.3,212.1,147.73,INR,2026-09-27 15:45:19
ARYAMAN,Aryaman Financial Services Limited,Financial Services,Capital Markets,747.07,24.57,,3.71,,,,,,80.87,39.38,,24.83,,,0.9,-30.2,164.43,INR,2026-09-27 15:45:22
ASAHIINDIA,Asahi India Glass Limited,Consumer Cyclical,Auto Parts,24471.74,55.23,41.38,6.22,,,0.56,,,17.25,8.46,21.0,17.38,23.2,,165.4,15.0,154.34,INR,2026-09-27 15:45:25
ASAL,Automotive Stampings and Assemblies Limited,Consumer Cyclical,Auto Parts,695.65,23.31,,19.24,,,3.44,,,3.65,3.07,,18.81,,,84.6,46.4,22.79,INR,2026-09-27 15:45:28
ASALCBR,Associated Alcohols & Breweries Limited,Consumer Defensive,Beverages - Wineries & Distilleries,1295.01,15.22,11.86,1.77,,,0.1,,,8.11,7.99,31.0,42.37,54.4,,-24.6,5.3,364.38,INR,2026-09-27 15:45:30
ASHAPURMIN,Ashapura Minechem Limited,Basic Materials,Other Industrial Metals & Mining,4838.4,11.89,,2.93,,,0.88,,,9.42,7.4,39.0,42.6,,,5.0,19.2,172.65,INR,2026-09-27 15:45:33
ASHIANA,Ashiana Housing Limited,Real Estate,Real Estate - Development,3917.45,33.11,22.66,4.3,14.33,1.73,0.35,1.31,0.26,3.97,12.35,0.64,11.77,17.2,,3.1,-63.3,90.58,INR,2026-09-27 15:45:35
ASHIMASYN,Ashima Limited,Real Estate,Real Estate - Development,305.89,,,1.1,,,0.59,,,38.85,-90.1,,-0.07,,,,201.1,14.45,INR,2026-09-27 15:45:38
ASHOKA,Ashoka Buildcon Limited,Industrials,Engineering & Construction,3175.54,1.29,8.07,0.48,,,0.24,,,14.81,34.5,,87.65,14.03,,-41.2,-20.5,234.41,INR,2026-09-27 15:45:40
ASHOKAMET,Ashoka Metcast Limited,Basic Materials,Steel,39.17,2.27,,0.23,,,0.43,,,-22.43,49.04,,6.89,,,187.2,-25.4,68.33,INR,2026-09-27 15:45:43
ASHOKLEY,Ashok Leyland Limited,Industrials,Farm & Heavy Construction Machinery,93441.27,26.87,19.42,6.56,,,3.45,,,19.65,6.02,2.2,5.92,8.19,,0.8,11.6,24.25,INR,2026-09-27 15:45:45
ASIANENE,Asian Energy Services Limited,Energy,Oil & Gas Equipment & Services,2370.04,38.77,,4.42,,,0.32,,,6.18,6.08,26.0,12.58,,,115.3,135.1,110.4,INR,2026-09-27 15:45:48
ASIANHOTNR,Asian Hotels (North) Limited,Consumer Cyclical,Lodging,1681.24,,,1.54,,,0.36,,,12.09,-26.47,,-37.9,,,,10.4,255.9,INR,2026-09-27 15:45:51
ASIANPAINT,Asian Paints Limited,Basic Materials,Specialty Chemicals,234292.67,49.26,40.34,10.97,,,0.18,,,17.69,12.81,1.13,49.61,60.59,,40.0,17.9,222.81,INR,2026-09-27 15:45:53
ASIANTILES,Asian Granito India Limited,Industrials,Building Products & Equipment,1502.83,87.4,2.69,0.99,,,0.28,,,3.19,0.89,,0.58,18.85,,8.8,36.8,51.36,INR,2026-09-27 15:45:56
ASIANTNE,Asian Tea & Exports Limited,Consumer Defensive,Food Distribution,23.1,84.18,,0.34,,,0.2,,,0.32,0.51,,0.11,,,-84.3,-22.0,27.56,INR,2026-09-27 15:45:58
ASKAUTOLTD,ASK Automotive Limited,Consumer Cyclical,Auto Parts,12718.66,40.17,28.76,9.7,,,0.52,,,9.38,6.81,29.0,16.06,22.43,,28.8,52.4,66.5,INR,2026-09-27 15:46:01
ASPINWALL,Aspinwall and Company Limited,Consumer Defensive,Farm Products,198.39,12.61,,0.99,,,0.4,,,-0.36,3.57,2.56,20.12,,,,25.8,256.96,INR,2026-09-27 15:46:04
ASSAMENT,Assam Entrade Limited,Financial Services,Capital Markets,,59.54,,1.67,,,2.86,,,16.07,12.95,,13.1,,,-18.1,100.6,466.95,INR,2026-09-27 15:46:06
ASTAR,Asian Star Company Limited,Consumer Cyclical,Luxury Goods,1118.4,33.79,,0.67,,,0.3,,,3.1,1.18,21.0,20.68,,,-37.7,-9.6,1037.74,INR,2026-09-27 15:46:09
ASTEC,Astec LifeSciences Limited,Basic Materials,Agricultural Inputs,1646.66,,67.18,4.22,,,1.15,,,-14.04,-15.11,,-29.34,11.0,,,-8.3,175.3,INR,2026-09-27 15:46:12
ASTERDM,Aster DM Quality Care Limited,Healthcare,Medical Care Facilities,66194.81,123.48,37.89,8.55,,,0.46,,,14.88,6.54,0.53,6.15,20.04,,-81.2,21.6,88.8,INR,2026-09-27 15:46:14
ASTRAL,Astral Limited,Industrials,Building Products & Equipment,37584.16,65.37,41.54,9.26,,,0.06,,,9.87,8.48,29.0,21.4,33.68,,48.0,15.9,151.05,INR,2026-09-27 15:46:17
ASTRAMICRO,Astra Microwave Products Limited,Technology,Communication Equipment,15403.88,81.98,49.91,11.72,,,0.22,,,11.99,16.59,15.0,19.79,32.51,,-24.1,-11.5,138.43,INR,2026-09-27 15:46:19
ASTRAZEN,AstraZeneca Pharma India Limited,Healthcare,Drug Manufacturers - Specialty & Generic,16262.5,96.16,,18.63,,,0.13,,,6.4,6.97,0.55,67.65,,,-32.1,29.7,349.12,INR,2026-09-27 15:46:22
ATALREAL,Atal Realtech Limited,Industrials,Engineering & Construction,167.51,13.39,,0.9,,,4.42,,,14.32,5.67,,1.01,,,51.6,3.5,14.95,INR,2026-09-27 15:46:25
ATAM,Atam Valves Limited,Industrials,Specialty Industrial Machinery,65.42,36.12,,1.71,,,0.39,,,7.8,3.84,0.61,1.58,,,-48.7,-0.7,33.32,INR,2026-09-27 15:46:27
ATGL,Adani Total Gas Limited,Utilities,Utilities - Regulated Gas,67269.89,106.37,,13.83,,,0.59,,,11.6,10.08,4.0,5.75,,,-14.2,27.2,44.23,INR,2026-09-27 15:46:30
ATHERENERG,Ather Energy Limited,Consumer Cyclical,Auto Manufacturers,59299.04,,530.96,22.27,,,0.26,,,-5.94,-9.19,,-10.03,2.82,,,88.8,67.23,INR,2026-09-27 15:46:32
ATL,Allcargo Terminals Limited,Industrials,Integrated Freight & Logistics,747.16,17.66,,2.12,,,2.18,,,12.45,4.89,,1.45,,,-30.0,12.3,12.08,INR,2026-09-27 15:46:35
ATLANTAA,Atlantaa Limited,Industrials,Infrastructure Operations,291.2,,,1.37,,,1.48,,,-13.86,-6.51,,-0.62,,,,26.2,26.06,INR,2026-09-27 15:46:37
ATLANTAELE,Atlanta Electricals Limited,Industrials,Electrical Equipment & Parts,12502.62,55.55,29.83,13.45,,,0.05,,,14.36,10.86,,29.27,54.5,,50.4,48.0,120.84,INR,2026-09-27 15:46:40
ATLASCYCLE,Atlas Cycles (Haryana) Limited,Consumer Cyclical,Leisure,61.34,,,0.16,,,2.37,,,-125.04,-129.66,,-12.87,,,,-22.5,583.52,INR,2026-09-27 15:46:42
ATUL,Atul Ltd,Basic Materials,Specialty Chemicals,17872.62,22.47,19.57,2.87,,,2.91,,,17.07,11.97,49.0,270.14,310.15,,92.0,25.0,2113.31,INR,2026-09-27 15:46:44
ATULAUTO,Atul Auto Limited,Consumer Cyclical,Auto Manufacturers,1243.95,26.32,,2.57,,,0.29,,,5.58,5.31,1.34,17.03,,,168.8,43.0,174.25,INR,2026-09-27 15:46:47
AUBANK,AU Small Finance Bank Limited,Financial Services,Banks - Regional,76290.54,26.95,16.82,3.81,,,,,,35.31,25.58,10.0,37.77,60.51,,37.0,29.8,267.24,INR,2026-09-27 15:46:49
AUGMONT,AUGMONT ENTERPRISES LTD,Consumer Cyclical,Luxury Goods,,34.13,,8.08,,,1.94,,,0.27,0.33,,25.72,,,-15.3,30.2,108.6,INR,2026-09-27 15:46:52
AURIONPRO,Aurionpro Solutions Limited,Technology,Software - Application,3602.96,17.95,13.11,2.07,,,3.48,,,14.1,14.23,45.0,37.3,51.1,,-10.6,6.3,322.89,INR,2026-09-27 15:46:54
AUROPHARMA,Aurobindo Pharma Limited,Healthcare,Drug Manufacturers - Specialty & Generic,98504.7,26.73,18.39,2.62,,,0.21,,,15.24,10.63,24.0,64.04,93.08,,25.2,16.3,652.39,INR,2026-09-27 15:46:57
AURUM,Aurum PropTech Limited,Real Estate,Real Estate Services,1707.0,39.79,105.93,2.71,,,0.44,,,1.83,10.42,,5.59,2.1,,,63.5,82.14,INR,2026-09-27 15:47:00
AURUS,Aurus Gem Corporation Limited,Consumer Cyclical,Luxury Goods,13.71,7.62,,0.74,,,0.79,,,3.17,10.38,,0.61,,,213.4,105.7,6.29,INR,2026-09-27 15:47:02
AUSOMENT,AuSom Enterprise Limited,Financial Services,Capital Markets,194.98,7.86,,1.21,,,0.05,,,1.02,0.56,0.7,18.2,,,36.1,489.1,118.47,INR,2026-09-27 15:47:04
AUSTENG,Austin Engineering Company Limited,Industrials,Tools & Accessories,,13.25,,0.8,,,0.84,,,3.58,3.5,,12.21,,,-38.8,-10.7,203.31,INR,2026-09-27 15:47:08
AUTOAXLES,Automotive Axles Limited,Consumer Cyclical,Auto Parts,2583.85,14.84,12.38,2.35,,,1.28,,,9.94,7.9,1.87,115.24,138.1,,27.6,5.6,727.09,INR,2026-09-27 15:47:10
AUTOIND,Autoline Industries Limited,Consumer Cyclical,Auto Parts,370.85,9.2,12.38,1.88,,,1.65,,,4.7,4.25,,8.88,6.6,,268.6,74.7,43.43,INR,2026-09-27 15:47:13
AVADHSUGAR,Avadh Sugar & Energy Limited,Consumer Defensive,Confectioners,1594.47,24.15,,1.42,,,1.25,,,2.68,2.39,1.26,32.98,,,,8.7,561.71,INR,2026-09-27 15:47:16
AVALON,Avalon Technologies Limited,Technology,Electronic Components,15573.54,116.25,63.67,21.55,,,0.3,,,10.19,7.57,,20.03,36.57,,145.3,49.8,108.03,INR,2026-09-27 15:47:18
AVANCE,Avance Technologies Limited,Technology,Information Technology Services,160.54,11.57,,0.43,,,0.42,,,2.52,7.72,,0.07,,,52.2,62.1,1.9,INR,2026-09-27 15:47:21
AVANTEL,Avantel Limited,Technology,Communication Equipment,4144.51,371.29,,12.25,,,0.1,,,14.67,7.11,13.0,0.42,,,67.2,35.7,12.73,INR,2026-09-27 15:47:23
AVANTIFEED,Avanti Feeds Limited,Consumer Defensive,Packaged Foods,10261.34,19.38,16.98,3.12,,,0.36,,,4.81,8.35,1.33,38.86,44.35,,-42.1,18.3,241.19,INR,2026-09-27 15:47:26
AVL,Aditya Vision Limited,Consumer Cyclical,Specialty Retail,8000.1,57.47,37.91,11.57,,,0.83,,,9.4,4.75,20.0,10.78,16.34,,40.0,26.9,53.54,INR,2026-09-27 15:47:28
AVONMORE,Avonmore Capital & Management Services Limited,Financial Services,Capital Markets,376.43,24.7,,0.91,,,4.93,,,24.48,14.46,,0.54,,,196.6,36.0,14.62,INR,2026-09-27 15:47:31
AVROIND,Avro India Limited,Consumer Cyclical,"Furnishings, Fixtures & Appliances",9.24,inf,,1.03,,,0.2,,,4.39,4.31,,0.0,,,-34.1,17.0,6.66,INR,2026-09-27 15:47:35
AVTNPL,AVT Natural Products Limited,Basic Materials,Specialty Chemicals,1409.85,16.83,52.01,2.52,,,0.2,,,15.25,10.19,0.97,5.5,1.78,,156.7,82.2,36.73,INR,2026-09-27 15:47:37
AWFIS,Awfis Space Solutions Limited,Industrials,Rental & Leasing Services,1840.61,21.69,12.34,3.33,,,2.72,,,11.56,5.36,,11.86,20.84,,140.2,27.0,77.23,INR,2026-09-27 15:47:40
AWHCL,Antony Waste Handling Cell Limited,Industrials,Waste Management,1073.44,18.38,11.57,1.45,,,0.5,,,5.72,5.48,13.0,20.58,32.7,,-95.7,5.5,260.43,INR,2026-09-27 15:47:42
AWL,AWL Agri Business Limited,Consumer Defensive,Packaged Foods,23813.37,20.67,17.35,2.28,,,0.11,,,2.88,1.49,0.54,8.92,10.62,,48.2,17.5,80.73,INR,2026-09-27 15:47:46
AXISBANK,Axis Bank Limited,Financial Services,Banks - Regional,380603.26,14.41,9.66,1.7,13.35,1.54,,,,49.18,36.03,8.0,84.83,126.5,0.54,22.2,14.0,717.55,INR,2026-09-27 15:47:48
AXISCADES,AXISCADES Technologies Limited,Industrials,Engineering & Construction,8047.76,128.19,,11.08,,,0.53,,,-0.03,2.91,,14.76,,,,-24.8,170.78,INR,2026-09-27 15:47:51
AXITA,Axita Cotton Limited,Consumer Cyclical,Textile Manufacturing,304.23,88.33,,4.68,,,,,,2.67,1.43,0.63,0.09,,,55.8,-62.8,1.7,INR,2026-09-27 15:47:53
AXTEL,Axtel Industries Limited,Industrials,Specialty Industrial Machinery,,23.09,,5.78,,,,,,4.39,13.6,,19.32,,,3.2,18.7,77.16,INR,2026-09-27 15:47:56
AYE,Aye Finance Limited,Financial Services,Credit Services,4090.33,17.21,8.85,1.46,,,2.0,,,34.99,22.21,,9.72,18.9,,143.5,36.7,114.68,INR,2026-09-27 15:47:58
AYMSYNTEX,AYM Syntex Limited,Consumer Cyclical,Textile Manufacturing,1728.07,91.86,,2.93,,,0.32,,,4.71,1.35,,3.2,,,,7.5,100.41,INR,2026-09-27 15:48:01
AZAD,Azad Engineering Limited,Industrials,Specialty Industrial Machinery,17617.9,126.59,73.8,11.53,,,0.31,,,26.5,21.76,,21.55,36.97,,20.3,25.9,236.65,INR,2026-09-27 15:48:03
AZADIND,Azad India Mobility Limited,Basic Materials,Steel,473.82,725.25,,3.54,,,0.49,,,2.23,4.18,,0.12,,,1048.8,113.8,24.61,INR,2026-09-27 15:48:06
BAGFILMS,B.A.G. Films and Media Limited,Communication Services,Broadcasting,93.27,23.78,,0.52,,,0.5,,,16.81,2.99,,0.18,,,59.6,22.6,8.25,INR,2026-09-27 15:48:08
BAIDFIN,Baid Finserv Limited,Financial Services,Credit Services,173.28,9.81,,0.71,,,1.23,,,49.75,28.61,0.94,1.09,,,8.2,-27.3,15.03,INR,2026-09-27 15:48:11
BAJAJ-AUTO,Bajaj Auto Limited,Consumer Cyclical,Auto Manufacturers,310006.2,26.81,23.66,8.12,,,0.56,,,21.51,16.25,1.33,420.78,476.79,1.31,45.9,64.0,1389.35,INR,2026-09-27 15:48:13
BAJAJCON,Bajaj Consumer Care Limited,Consumer Defensive,Household & Personal Products,6524.39,29.68,22.06,8.86,,,2.09,,,23.29,18.06,,16.83,22.64,,86.5,28.1,56.39,INR,2026-09-27 15:48:16
BAJAJELEC,Bajaj Electricals Limited,Consumer Cyclical,"Furnishings, Fixtures & Appliances",3681.44,,20.02,2.31,,,1.05,,,4.28,-0.96,0.94,-3.8,15.93,,5215.4,2.3,138.16,INR,2026-09-27 15:48:18
BAJAJFINSV,Bajaj Finserv Ltd.,Financial Services,Financial Conglomerates,283403.35,28.01,18.66,3.63,,,2.56,,,40.22,6.47,7.0,63.22,94.92,,12.3,19.3,487.35,INR,2026-09-27 15:48:21
BAJAJHCARE,Bajaj HealthCare Limited,Healthcare,Drug Manufacturers - Specialty & Generic,1158.59,49.02,,2.06,,,0.47,,,13.12,2.81,44.0,7.02,,,15.8,11.3,167.01,INR,2026-09-27 15:48:23
BAJAJHFL,Bajaj Housing Finance Limited,Financial Services,Mortgage Finance,69244.5,25.74,18.99,3.07,12.68,,4.61,,,80.91,63.18,,3.23,4.38,,22.6,19.6,27.04,INR,2026-09-27 15:48:26
BAJAJHIND,Bajaj Hindusthan Sugar Limited,Consumer Defensive,Confectioners,4964.11,10.24,,4.93,,,0.93,,,-15.62,2.17,,2.03,,,,-9.8,4.21,INR,2026-09-27 15:48:28
BAJAJHLDNG,Bajaj Holdings & Investment Limited,Financial Services,Asset Management,121755.1,13.76,,1.66,11.6,,0.01,,,84.84,734.64,1.19,795.34,,,-22.4,24.2,6572.76,INR,2026-09-27 15:48:31
BAJAJINDEF,Indef Manufacturing Limited,Industrials,Farm & Heavy Construction Machinery,697.89,29.75,,2.59,,,1.82,,,-6.93,11.6,0.92,7.33,,,-2.7,-13.2,84.3,INR,2026-09-27 15:48:33
BAJAJST,Bajaj Steel Industries Limited,Industrials,Specialty Industrial Machinery,,24.22,,1.36,,,0.15,,,0.76,5.44,29.0,14.34,,,,11.9,256.01,INR,2026-09-27 15:48:35
BAJEL,Bajel Projects Limited,Utilities,Utilities - Regulated Electric,2003.18,91.13,11.54,2.68,,,0.49,,,2.4,0.8,35.0,1.9,15.0,,60.1,-6.7,64.61,INR,2026-09-27 15:48:38
BAJFINANCE,Bajaj Finance Limited,Financial Services,Credit Services,620162.87,32.54,19.73,5.44,,,3.15,,,61.55,43.49,0.54,30.64,50.53,,27.4,26.1,183.34,INR,2026-09-27 15:48:41
BALAJEE,Shree Tirupati Balajee Agro Trading Company Limited,Consumer Cyclical,Packaging & Containers,208.58,22.63,,0.68,,,0.66,,,6.28,1.57,,1.13,,,-34.8,11.3,37.44,INR,2026-09-27 15:48:43
BALAJITELE,Balaji Telefilms Limited,Communication Services,Entertainment,1144.05,,,1.81,,,3.05,,,10.13,-5.52,,-1.78,,,,229.9,51.91,INR,2026-09-27 15:48:45
BALAMINES,Balaji Amines Limited,Basic Materials,Specialty Chemicals,7094.52,34.72,23.87,3.59,,,0.06,,,22.39,13.41,50.0,63.06,91.75,,97.2,27.2,610.0,INR,2026-09-27 15:48:48
BALAXI,Balaxi Pharmaceuticals Limited,Healthcare,Drug Manufacturers - Specialty & Generic,125.98,50.71,,0.51,0.59,1.23,0.23,4.04,2.42,-0.74,0.52,,0.45,,,-92.9,-7.3,45.12,INR,2026-09-27 15:48:51
BALKRISHNA,Balkrishna Paper Mills Limited,Consumer Cyclical,Packaging & Containers,51.55,,,-0.29,,,,,,-9.23,-121.86,,-2.16,,,,57.6,-54.72,INR,2026-09-27 15:48:53
BALKRISIND,Balkrishna Industries Limited,Consumer Cyclical,Auto Parts,42245.61,30.03,21.68,3.86,,,0.38,,,15.57,12.2,0.73,72.77,100.81,,56.4,25.2,566.7,INR,2026-09-27 15:48:56
BALMLAWRIE,Balmer Lawrie & Co. Ltd.,Industrials,Conglomerates,2807.2,10.05,,1.35,,,0.11,,,10.7,10.02,10.36,16.33,,,3.6,10.0,121.17,INR,2026-09-27 15:48:58
BALPHARMA,Bal Pharma Limited,Healthcare,Drug Manufacturers - Specialty & Generic,171.48,23.78,,2.08,,,1.94,,,5.83,2.15,1.11,4.53,,,460.1,34.5,51.71,INR,2026-09-27 15:49:01
BALRAMCHIN,Balrampur Chini Mills Limited,Consumer Defensive,Confectioners,14511.36,37.74,17.9,3.35,,,0.77,,,4.25,5.83,1.02,18.17,38.32,,-14.4,6.1,204.87,INR,2026-09-27 15:49:03
BALUFORGE,Balu Forge Industries Limited,Industrials,Metal Fabrication,6152.14,20.83,,3.29,,,0.1,,,27.09,22.81,3.0,24.33,,,15.9,29.0,154.03,INR,2026-09-27 15:49:06
BANARBEADS,Banaras Beads Limited,Consumer Cyclical,Footwear & Accessories,81.72,43.46,,1.42,,,0.36,,,14.5,6.65,,2.85,,,18.0,45.9,87.38,INR,2026-09-27 15:49:08
BANARISUG,Bannari Amman Sugars Limited,Consumer Defensive,Confectioners,4265.88,35.09,,2.23,,,0.48,,,-8.18,7.29,37.0,96.95,,,,-58.8,1525.65,INR,2026-09-27 15:49:11
BANCOINDIA,Banco Products (India) Limited,Consumer Cyclical,Auto Parts,8580.09,17.36,,5.09,,,0.36,,,15.04,12.03,2.67,34.55,,,11.7,22.0,117.79,INR,2026-09-27 15:49:14
BANDHANBNK,Bandhan Bank Limited,Financial Services,Banks - Regional,30241.24,22.37,9.25,1.18,,,,,,23.77,13.62,0.8,8.39,20.28,,34.9,21.6,158.96,INR,2026-09-27 15:49:17
BANG,Bang Overseas Limited,Consumer Cyclical,Apparel Manufacturing,43.88,9.55,,0.47,,,0.44,,,2.95,1.98,,3.39,,,-80.0,17.8,69.0,INR,2026-09-27 15:49:19
BANKA,Banka BioLoo Limited,Industrials,Pollution & Treatment Controls,80.19,236.84,,2.05,,,0.96,,,9.18,0.62,,0.31,,,,-5.3,35.76,INR,2026-09-27 15:49:21
BANKBARODA,Bank of Baroda Limited,Financial Services,Banks - Regional,121661.46,6.7,5.49,0.72,11.32,0.93,,,,45.54,27.39,3.61,35.12,42.87,,-48.6,18.0,325.98,INR,2026-09-27 15:49:24
BANKINDIA,Bank of India,Financial Services,Banks - Regional,62799.5,5.11,5.48,0.69,13.7,,,,,48.54,34.99,3.37,27.01,25.19,,80.5,18.5,199.75,INR,2026-09-27 15:49:26
BANSALWIRE,Bansal Wire Industries Limited,Basic Materials,Steel,5031.71,35.32,19.54,3.52,,,0.39,,,3.52,3.24,,9.1,16.45,,-47.9,24.4,91.4,INR,2026-09-27 15:49:29
BANSWRAS,Banswara Syntex Limited,Consumer Cyclical,Textile Manufacturing,372.21,10.01,,0.64,5.45,3.86,0.81,1.39,0.65,8.42,2.3,0.92,10.86,,,95.8,7.5,170.86,INR,2026-09-27 15:49:32
BASF,BASF India Limited,Basic Materials,Specialty Chemicals,15322.25,24.81,20.34,3.87,,,3.35,,,9.6,4.01,0.71,142.65,174.0,,162.2,24.5,914.27,INR,2026-09-27 15:49:34
BATAINDIA,Bata India Limited,Consumer Cyclical,Footwear & Accessories,8094.66,55.25,29.56,5.07,,,0.87,,,10.56,4.11,5.4,11.4,21.3,,23.0,3.9,124.14,INR,2026-09-27 15:49:37
BATLIBOI,Batliboi Limited,Industrials,Specialty Industrial Machinery,394.77,42.01,,1.71,,,0.37,,,1.05,1.88,0.72,1.99,,,,80.2,48.92,INR,2026-09-27 15:49:39
BAYERCROP,Bayer CropScience Limited,Basic Materials,Agricultural Inputs,16707.67,22.83,19.81,5.63,,,2.76,,,17.3,13.08,4.03,162.83,187.62,,15.4,-4.2,659.89,INR,2026-09-27 15:49:41
BBL,Bharat Bijlee Limited,Industrials,Electrical Equipment & Parts,2444.75,21.88,50.9,1.21,,,0.15,,,4.2,4.75,1.62,98.84,42.49,,-29.6,17.7,1794.84,INR,2026-09-27 15:49:43
BBOX,Black Box Limited,Technology,Software - Application,14203.5,61.33,27.91,11.03,,,0.9,,,6.59,3.4,13.0,13.04,28.65,,17.9,23.9,72.5,INR,2026-09-27 15:49:45
BBTC,The Bombay Burmah Trading Corporation Limited,Consumer Defensive,Packaged Foods,10013.66,7.76,3.84,1.42,,,0.17,,,15.59,6.38,2.37,184.85,373.5,,19.7,7.8,1009.29,INR,2026-09-27 15:49:48
BBTCL,B&B Triplewall Containers Limited,Consumer Cyclical,Packaging & Containers,469.75,6.6,,3.56,,,1.93,,,13.74,5.15,44.0,34.72,,,651.3,18.5,64.39,INR,2026-09-27 15:49:50
BCG,Brightcom Group Limited,Communication Services,Advertising Agencies,1927.69,1.9,,0.18,,,,,,21.52,14.02,,5.03,,,24.0,20.4,52.37,INR,2026-09-27 15:49:52
BCLIND,BCL Industries Limited,Consumer Defensive,Beverages - Wineries & Distilleries,995.29,8.54,,1.09,,,0.6,,,8.8,4.51,1.04,3.95,,,5.3,-26.4,30.84,INR,2026-09-27 15:49:54
BCONCEPTS,Brand Concepts Limited,Consumer Cyclical,Footwear & Accessories,184.93,187.54,,2.23,,,2.2,,,0.39,0.27,,0.79,,,,11.0,66.41,INR,2026-09-27 15:49:56
BCPL,BCPL Railway Infrastructure Limited,Industrials,Infrastructure Operations,113.22,13.73,,1.16,,,0.71,,,7.82,3.78,1.48,4.93,,,146.6,12.2,58.17,INR,2026-09-27 15:49:59
BDL,Bharat Dynamics Limited,Industrials,Aerospace & Defense,41788.13,80.0,37.49,9.85,,,0.01,,,10.98,18.83,43.0,14.25,30.41,,547.4,130.8,115.78,INR,2026-09-27 15:50:01
BEARDSELL,Beardsell Limited,Industrials,Building Products & Equipment,96.5,8.83,,1.05,,,0.24,,,3.27,3.84,41.0,2.77,,,-22.1,10.0,23.31,INR,2026-09-27 15:50:03
BECTORFOOD,Mrs. Bectors Food Specialities Limited,Consumer Defensive,Packaged Foods,6611.89,44.45,30.52,5.22,,,0.15,,,8.41,7.02,0.6,4.85,7.06,,25.5,16.0,41.28,INR,2026-09-27 15:50:06
BEDMUTHA,Bedmutha Industries Limited,Basic Materials,Steel,357.19,21.37,,2.35,,,1.37,,,2.87,0.98,,5.18,,,,74.3,47.09,INR,2026-09-27 15:50:08
BEEKAY,Beekay Steel Industries Limited,Basic Materials,Steel,,19.08,,0.76,,,0.32,,,7.97,3.37,23.0,22.54,,,23.3,32.5,564.57,INR,2026-09-27 15:50:10
BEL,Bharat Electronics Limited,Industrials,Aerospace & Defense,287676.35,46.96,35.01,11.99,,,0.27,,,22.13,21.4,0.64,8.38,11.24,,8.7,24.9,32.82,INR,2026-09-27 15:50:12
BELLACASA,Bella Casa Fashion & Retail Limited,Consumer Cyclical,Textile Manufacturing,368.13,20.49,,2.15,,,0.47,,,3.81,4.02,0.83,13.42,,,-46.1,33.4,128.1,INR,2026-09-27 15:50:15
BELRISE,Belrise Industries Limited,Consumer Cyclical,Auto Parts,23977.63,43.49,27.07,4.22,,,0.29,,,7.64,5.17,22.0,5.7,9.16,,8.9,12.6,58.73,INR,2026-09-27 15:50:17
BEML,BEML Limited,Industrials,Conglomerates,16961.8,97.67,28.11,5.78,,,0.11,,,-2.61,3.93,0.87,20.85,72.45,1.06,,29.3,352.25,INR,2026-09-27 15:50:19
BENARAS,Benares Hotels Limited,Consumer Cyclical,Lodging,1329.12,30.3,,6.25,,,1.84,,,29.13,29.66,,337.39,,,8.8,35.5,1635.61,INR,2026-09-27 15:50:21
BENGALASM,Bengal & Assam Company Limited,Consumer Cyclical,Auto Parts,,8.45,,0.65,,,0.06,,,16.28,30.26,,720.8,,,-24.6,9.6,9371.54,INR,2026-09-27 15:50:24
BEPL,Bhansali Engineering Polymers Limited,Basic Materials,Chemicals,3146.32,15.73,21.72,2.9,,,,,,17.06,13.88,3.16,8.04,5.82,,42.9,53.3,43.53,INR,2026-09-27 15:50:26
BERGEPAINT,Berger Paints India Limited,Basic Materials,Specialty Chemicals,53443.74,43.86,35.37,7.73,,,0.09,,,14.07,9.92,0.87,10.45,12.96,,28.5,12.0,59.31,INR,2026-09-27 15:50:29
BESTAGRO,Best Agrolife Limited,Basic Materials,Agricultural Inputs,646.92,21.71,,0.84,,,0.58,,,17.15,2.33,0.55,0.84,,,104.1,3.9,21.68,INR,2026-09-27 15:50:31
BETA,Beta Drugs Limited,Healthcare,Drug Manufacturers - Specialty & Generic,2127.43,47.62,,8.69,,,0.6,,,18.34,11.11,,44.07,,,35.1,25.3,241.55,INR,2026-09-27 15:50:33
BFINVEST,BF Investment Limited,Financial Services,Asset Management,1666.42,4.28,,0.2,,,0.0,,,89.79,498.28,2.26,103.43,,,279.8,19.7,2266.84,INR,2026-09-27 15:50:36
BFUTILITIE,BF Utilities Limited,Industrials,Infrastructure Operations,1975.48,12.48,,9.8,38.9,,,,,-97.33,17.85,,42.01,,,,2.0,53.51,INR,2026-09-27 15:50:38
BHAGCHEM,Bhagiradha Chemicals & Industries Limited,Basic Materials,Agricultural Inputs,3184.67,116.4,,4.56,,,0.34,,,11.38,4.53,6.0,2.11,,,235.0,57.6,53.85,INR,2026-09-27 15:50:41
BHAGYANGR,Bhagyanagar India Limited,Basic Materials,Copper,1425.44,21.65,,5.28,,,1.01,,,5.14,2.42,,19.66,,1.82,167.4,45.2,80.56,INR,2026-09-27 15:50:43
BHANDARI,Bhandari Hosiery Exports Limited,Consumer Cyclical,Apparel Manufacturing,97.56,10.1,,0.5,,,0.58,,,8.23,2.77,34.0,0.29,,,-19.9,-19.3,5.83,INR,2026-09-27 15:50:45
BHARATCOAL,Bharat Coking Coal Limited,Basic Materials,Coking Coal,,,,2.58,,,0.39,,,-15.9,-0.86,,-0.25,,,,-3.6,12.41,INR,2026-09-27 15:50:48
BHARATFORG,Bharat Forge Limited,Industrials,Metal Fabrication,98125.07,135.13,41.67,10.02,,,0.76,,,9.62,4.03,42.0,14.86,48.18,,,18.7,200.38,INR,2026-09-27 15:50:50
BHARATRAS,Bharat Rasayan Limited,Basic Materials,Agricultural Inputs,1823.0,12.72,3.28,1.43,,,0.1,,,12.93,11.92,5.0,86.21,334.4,,-6.1,-10.4,766.94,INR,2026-09-27 15:50:53
BHARATSE,Bharat Seats Limited,Consumer Cyclical,Auto Parts,1344.49,29.09,,5.85,19.91,5.76,0.48,0.88,0.69,3.53,2.17,0.7,7.36,,,16.4,46.2,36.57,INR,2026-09-27 15:50:55
BHARATWIRE,Bharat Wire Ropes Limited,Basic Materials,Steel,1134.71,22.79,,1.4,,,0.09,,,14.53,11.92,,7.24,,,-21.6,-8.0,118.2,INR,2026-09-27 15:50:57
BHARTIARTL,Bharti Airtel Limited,Communication Services,Telecom Services,1113850.07,37.6,21.72,6.88,20.15,8.16,1.0,0.57,0.36,32.57,13.14,1.34,47.49,82.21,,37.3,18.4,259.48,INR,2026-09-27 15:51:00
BHARTIHEXA,Bharti Hexacom Limited,Communication Services,Telecom Services,74090.0,40.65,23.28,10.34,,,0.86,,,31.95,19.0,1.21,36.45,63.65,,23.2,10.9,143.3,INR,2026-09-27 15:51:02
BHEL,Bharat Heavy Electricals Limited,Industrials,Specialty Industrial Machinery,145881.05,59.51,29.96,5.58,,,0.31,,,5.48,6.76,33.0,7.04,13.98,,,40.3,75.09,INR,2026-09-27 15:51:04
BIGBLOC,Bigbloc Construction Limited,Industrials,Building Products & Equipment,566.44,333.42,9.64,4.12,,,1.38,,,4.01,0.52,,0.12,4.15,,,40.4,9.71,INR,2026-09-27 15:51:07
BIKAJI,Bikaji Foods International Limited,Consumer Defensive,Packaged Foods,14391.02,55.56,41.1,8.96,,,0.18,,,9.91,8.41,22.0,10.33,13.96,,0.4,12.5,64.09,INR,2026-09-27 15:51:09
BIL,Bhartiya International Ltd.,Consumer Cyclical,Footwear & Accessories,1355.59,52.9,60.39,2.75,,,1.11,,,9.02,1.77,,19.11,16.74,,218.1,33.2,368.12,INR,2026-09-27 15:51:11
BIMETAL,Bimetal Bearings Limited,Consumer Cyclical,Auto Parts,247.86,21.69,,1.08,,,1.6,,,3.05,3.75,2.08,29.87,,,-7.1,11.0,599.0,INR,2026-09-27 15:51:14
BIOCON,Biocon Limited,Healthcare,Biotechnology,62225.25,111.09,35.12,1.82,,,0.42,,,6.91,2.86,13.0,3.44,10.88,,349.4,10.0,210.14,INR,2026-09-27 15:51:16
BIOFILCHEM,Biofil Chemicals and Pharmaceuticals Limited,Healthcare,Drug Manufacturers - Specialty & Generic,52.79,108.13,,2.46,,,0.14,,,1.09,1.4,,0.3,,,-95.5,34.0,13.21,INR,2026-09-27 15:51:19
BIRLACABLE,Birla Cable Limited,Technology,Communication Equipment,1087.35,23.54,40.54,3.87,,,0.47,,,15.95,5.37,34.0,15.4,8.94,,2153.5,51.1,93.63,INR,2026-09-27 15:51:22
BIRLACORPN,Birla Corporation Limited,Basic Materials,Building Materials,6547.76,11.82,10.88,0.89,,,0.46,,,7.56,5.62,1.47,71.94,78.17,,-3.2,7.8,956.39,INR,2026-09-27 15:51:24
BIRLAMONEY,Aditya Birla Money Limited,Financial Services,Capital Markets,671.72,12.38,,2.24,,,7.35,,,17.54,15.8,,9.6,,,-27.6,8.0,53.13,INR,2026-09-27 15:51:26
BIRLANU,BirlaNu Limited,Industrials,Building Products & Equipment,1084.98,,11.38,0.98,,,1.0,,,2.97,-2.83,1.04,-144.31,126.4,,,11.6,1472.48,INR,2026-09-27 15:51:28
BLACKBUCK,BlackBuck Limited,Technology,Software - Application,10915.31,64.96,38.25,7.69,,,4.16,,,13.31,23.69,,9.22,15.66,,25.1,42.1,77.87,INR,2026-09-27 15:51:31
BLAL,BEML Land Assets Limited,Financial Services,Shell Companies,674.47,294.47,,606.59,,,10.62,,,64.81,116.14,,0.55,,,,,0.27,INR,2026-09-27 15:51:33
BLBLIMITED,BLB Limited,Financial Services,Capital Markets,90.4,3.3,,0.69,,,1.66,,,8.14,3.51,,5.18,,,-51.9,60.6,24.65,INR,2026-09-27 15:51:36
BLEL,Behari Lal Engineering Limited,Basic Materials,Steel,,29.85,,5.83,,,0.06,,,15.83,12.28,,15.3,,,24.5,18.0,78.41,INR,2026-09-27 15:51:38
BLIL,Balmer Lawrie Investments Limited,Industrials,Conglomerates,1478.56,8.24,,1.03,,,0.1,,,12.21,6.3,,8.08,,,1.8,9.9,64.92,INR,2026-09-27 15:51:41
BLKASHYAP,B.L. Kashyap and Sons Limited,Industrials,Engineering & Construction,1223.47,1808.67,51.68,2.3,,,0.57,,,7.07,0.05,,0.03,1.05,,-7.8,2.6,23.56,INR,2026-09-27 15:51:43
BLS,BLS International Services Limited,Industrials,Specialty Business Services,9228.8,13.12,10.43,3.75,,,0.15,,,24.78,22.21,1.11,17.09,21.5,,11.2,25.3,59.86,INR,2026-09-27 15:51:46
BLSE,BLS E-Services Limited,Industrials,Specialty Business Services,2942.18,50.79,,5.65,,,1.08,,,6.51,4.93,31.0,6.39,,,4.2,24.6,57.42,INR,2026-09-27 15:51:48
BLUECLOUDS,Blue Cloud Softech Solutions Limited,Technology,Information Technology Services,,21.51,,1.82,,,0.29,,,9.72,5.88,,1.03,,,24.8,41.9,12.2,INR,2026-09-27 15:51:50
BLUECOAST,Blue Coast Hotels Limited,Consumer Cyclical,Lodging,41.45,,,-1.34,,,,,,8.37,-47.15,,-0.66,,,,160.2,-15.77,INR,2026-09-27 15:51:53
BLUEDART,Blue Dart Express Limited,Industrials,Integrated Freight & Logistics,11262.46,39.21,25.74,6.34,,,0.64,,,7.49,4.52,0.53,121.04,184.37,,81.2,15.0,748.92,INR,2026-09-27 15:51:55
BLUEJET,Blue Jet Healthcare Limited,Healthcare,Biotechnology,9898.8,42.21,29.27,7.28,,,3.1,,,31.17,26.52,21.0,13.52,19.49,,-14.2,-17.4,78.4,INR,2026-09-27 15:51:58
BLUESTARCO,Blue Star Limited,Industrials,Building Products & Equipment,32175.25,63.28,40.55,9.38,,,0.24,,,3.5,3.98,0.54,24.73,38.59,,-15.3,13.3,166.9,INR,2026-09-27 15:52:00
BLUESTONE,BlueStone Jewellery and Lifestyle Limited,Consumer Cyclical,Luxury Goods,12364.38,208.58,93.38,6.84,,,1.1,,,6.43,2.1,,3.88,8.67,,,49.6,118.29,INR,2026-09-27 15:52:02
BLUSPRING,Bluspring Enterprises Limited,Industrials,Specialty Business Services,2169.57,,,3.2,,,0.18,,,0.71,-0.31,,-0.77,,,,19.1,45.39,INR,2026-09-27 15:52:05
BMWVENTLTD,BMW Ventures Limited,Basic Materials,Steel,452.39,11.29,,1.02,,,0.58,,,3.12,1.67,5.75,4.62,,,31.8,25.7,50.92,INR,2026-09-27 15:52:07
BNAGROCHEM,BN Agrochem Limited,Consumer Defensive,Packaged Foods,2037.59,119.09,,4.39,,,0.11,,,2.21,1.86,,1.75,,,-85.2,26.7,47.42,INR,2026-09-27 15:52:10
BODALCHEM,Bodal Chemicals Limited,Basic Materials,Specialty Chemicals,2544.32,37.07,28.45,2.19,,,0.7,,,7.45,3.03,,5.45,7.1,,218.7,56.1,92.07,INR,2026-09-27 15:52:13
BOHRAIND,Bohra Industries Limited,Basic Materials,Agricultural Inputs,33.81,,,0.46,,,1.6,,,-152820.0,0.0,,-1.34,,,,,34.96,INR,2026-09-27 15:52:15
BOMDYEING,The Bombay Dyeing and Manufacturing Company Limited,Consumer Cyclical,Textile Manufacturing,2268.37,113.23,,0.99,,,0.14,,,-2.27,1.35,36.0,0.97,,,-48.7,8.7,110.62,INR,2026-09-27 15:52:18
BONLON,Bonlon Industries Limited,Basic Materials,Other Industrial Metals & Mining,67.34,114.17,,0.68,2.9,2.2,0.38,2.5,1.54,1.73,0.4,,0.36,,,93.8,-31.1,60.84,INR,2026-09-27 15:52:20
BORANA,Borana Weaves Limited,Consumer Cyclical,Textile Manufacturing,767.38,11.09,,2.73,,,0.25,,,19.69,16.87,,25.98,,,35.0,24.5,105.55,INR,2026-09-27 15:52:23
BOROLTD,Borosil Limited,Consumer Cyclical,"Furnishings, Fixtures & Appliances",3166.68,45.26,30.97,3.55,,,0.17,,,4.97,5.76,,5.85,8.55,,-26.5,9.0,74.54,INR,2026-09-27 15:52:25
BORORENEW,Borosil Renewables Limited,Technology,Solar,6699.07,16.13,,4.22,,,0.11,,,26.03,23.69,,28.22,,,,17.1,107.81,INR,2026-09-27 15:52:27
BOROSCI,Borosil Scientific Limited,Consumer Cyclical,Packaging & Containers,1027.83,23.82,,2.33,,,1.96,,,3.34,9.02,,4.85,,,,11.2,49.63,INR,2026-09-27 15:52:30
BOSCH-HCIL,Bosch Home Comfort India Limited,Consumer Cyclical,"Furnishings, Fixtures & Appliances",4925.9,1111.41,,9.86,,,0.16,,,2.54,0.16,3.81,1.63,,,49.4,28.5,183.7,INR,2026-09-27 15:52:32
BOSCHLTD,Bosch Limited,Consumer Cyclical,Auto Parts,142318.69,60.24,42.29,9.59,,,0.8,,,12.36,11.33,0.56,800.95,1140.92,,-36.7,22.0,5033.36,INR,2026-09-27 15:52:34
BPCL,Bharat Petroleum Corporation Limited,Energy,Oil & Gas Refining & Marketing,131809.24,7.69,7.78,1.32,,,0.54,,,-4.05,3.47,6.48,40.11,39.67,0.28,,34.4,234.37,INR,2026-09-27 15:52:37
BPL,BPL Limited,Technology,Consumer Electronics,220.29,,,0.93,-3.91,0.06,0.85,0.72,0.12,5.02,-18.36,,-3.01,,,,9.8,48.31,INR,2026-09-27 15:52:39
BPLPHARMA,Bharat Parenterals Limited,Healthcare,Drug Manufacturers - Specialty & Generic,,,,2.39,,,0.47,,,-0.16,-4.77,5.0,-22.4,,,-87.8,-19.2,795.6,INR,2026-09-27 15:52:42
BRAHMINFRA,Brahmaputra Infrastructure Limited,Industrials,Engineering & Construction,,7.03,,1.24,,,0.41,,,20.52,15.97,,21.03,,,9.6,18.1,118.93,INR,2026-09-27 15:52:44
BRIGADE,Brigade Enterprises Limited,Real Estate,Real Estate - Development,19501.25,30.21,15.16,28.59,,,0.84,,,25.83,12.56,33.0,19.79,39.44,,33.7,-12.9,20.91,INR,2026-09-27 15:52:47
BRIGHOTEL,Brigade Hotel Ventures Limited,Consumer Cyclical,Lodging,2132.06,31.18,18.11,2.23,,,0.31,,,22.17,12.92,,1.8,3.1,,156.8,2.3,25.21,INR,2026-09-27 15:52:49
BRIGHTBR,Bright Brothers Limited,Basic Materials,Specialty Chemicals,136.52,23.82,,1.69,,,1.35,,,4.55,1.44,0.83,10.09,,,-5.9,21.8,142.3,INR,2026-09-27 15:52:52
BRITANNIA,Britannia Industries Limited,Consumer Defensive,Packaged Foods,118928.72,45.66,37.94,23.29,,,0.27,,,15.21,13.38,1.83,108.13,130.15,,13.6,8.2,212.01,INR,2026-09-27 15:52:54
BRNL,Bharat Road Network Limited,Industrials,Infrastructure Operations,140.11,,,0.2,,,0.81,,,-196.92,-86.34,,-15.52,,,,2.5,83.86,INR,2026-09-27 15:52:57
BROOKS,Brooks Laboratories Limited,Healthcare,Drug Manufacturers - Specialty & Generic,173.83,13.14,10.16,1.42,,,0.07,,,6.3,15.88,,4.49,5.81,,,-10.0,41.64,INR,2026-09-27 15:52:59
BSE,BSE Limited,Financial Services,Financial Data & Stock Exchanges,129616.1,47.73,35.73,16.44,,,0.0,,,80.11,48.92,31.0,66.86,89.32,,62.0,64.0,194.17,INR,2026-09-27 15:53:02
BSHSL,Bombay Super Hybrid Seeds Limited,Basic Materials,Agricultural Inputs,911.9,31.83,,6.97,,,0.83,,,9.2,7.68,,2.73,,,16.6,19.4,12.47,INR,2026-09-27 15:53:04
BSL,BSL Limited,Consumer Cyclical,Textile Manufacturing,124.16,34.18,116.0,1.04,,,3.66,,,5.73,0.54,0.66,3.53,1.04,,270.2,7.4,116.51,INR,2026-09-27 15:53:06
BSOFT,Birlasoft Limited,Technology,Information Technology Services,7663.73,13.42,11.31,1.86,,,3.42,,,14.75,10.6,2.37,20.42,24.24,,51.3,7.4,147.16,INR,2026-09-27 15:53:08
BTML,Bodhi Tree Multimedia Limited,Communication Services,Entertainment,135.55,20.72,,1.45,,,0.42,,,5.55,5.16,,0.36,,,-34.5,65.2,5.14,INR,2026-09-27 15:53:11
BUILDPRO,Shankara Buildpro Limited,Consumer Cyclical,Home Improvement Retail,3094.46,23.58,,5.67,25.52,9.61,0.11,1.46,0.95,3.43,1.87,39.0,54.11,,,41.4,27.9,225.01,INR,2026-09-27 15:53:13
BUTTERFLY,Butterfly Gandhimathi Appliances Limited,Consumer Cyclical,"Furnishings, Fixtures & Appliances",1013.23,21.05,,2.72,,,2.05,,,4.18,4.96,,26.92,,,38.1,14.1,208.2,INR,2026-09-27 15:53:15
BVCL,Barak Valley Cements Limited,Basic Materials,Building Materials,91.43,45.34,,0.72,,,0.23,,,8.1,0.94,,0.91,,,130.3,5.8,56.94,INR,2026-09-27 15:53:17
CAMLINFINE,Camlin Fine Sciences Limited,Basic Materials,Specialty Chemicals,1869.05,,11.94,1.8,,,0.72,,,-0.29,0.32,,-3.03,8.15,,,22.7,54.19,INR,2026-09-27 15:53:20
CAMPUS,Campus Activewear Limited,Consumer Cyclical,Footwear & Accessories,6418.97,41.66,30.68,7.08,,,0.26,,,8.32,8.48,0.71,5.04,6.84,,17.7,12.2,29.66,INR,2026-09-27 15:53:23
CAMS,Computer Age Management Services Limited,Technology,Information Technology Services,17571.87,35.58,27.07,13.28,,,4.86,,,40.05,31.79,1.81,19.88,26.13,,17.3,11.5,53.27,INR,2026-09-27 15:53:25
CANBK,Canara Bank,Financial Services,Banks - Regional,113374.07,5.71,5.37,0.96,,,,,,44.14,43.13,3.36,21.9,23.28,,62.2,-12.9,129.76,INR,2026-09-27 15:53:28
CANFINHOME,Can Fin Homes Limited,Financial Services,Mortgage Finance,10029.87,8.88,7.95,1.68,,,6.37,,,79.91,66.73,2.12,84.82,94.79,0.86,19.6,22.5,449.13,INR,2026-09-27 15:53:30
CANHLIFE,Canara HSBC Life Insurance Company Limited,Financial Services,Insurance - Life,14278.6,108.42,79.32,8.76,8.28,0.2,0.15,2.91,2.21,0.85,1.07,27.0,1.39,1.9,,20.2,18.3,17.2,INR,2026-09-27 15:53:33
CANTABIL,Cantabil Retail India Limited,Consumer Cyclical,Apparel Manufacturing,1980.13,20.32,,4.14,,,1.14,,,17.57,11.16,0.63,11.65,,,11.3,12.7,57.23,INR,2026-09-27 15:53:36
CAPACITE,Capacit'e Infraprojects Limited,Industrials,Engineering & Construction,1617.12,8.77,5.9,0.85,,,0.25,,,11.05,6.96,,21.79,32.4,,-13.7,6.7,225.62,INR,2026-09-27 15:53:38
CAPILLARY,Capillary Technologies India Limited,Technology,Software - Application,4763.95,113.53,28.23,4.65,,,0.05,,,10.12,5.19,,5.28,21.23,,,42.7,128.89,INR,2026-09-27 15:53:41
CAPITALSFB,Capital Small Finance Bank Limited,Financial Services,Banks - Regional,1285.53,8.54,5.49,0.86,10.52,1.25,,,,36.6,29.32,1.77,33.11,51.47,,29.0,21.4,327.57,INR,2026-09-27 15:53:44
CAPLIPOINT,Caplin Point Laboratories Limited,Healthcare,Drug Manufacturers - Specialty & Generic,21550.08,32.47,25.61,6.14,,,0.13,,,31.43,29.09,28.0,87.32,110.7,,15.8,19.6,462.02,INR,2026-09-27 15:53:46
CARBORUNIV,Carborundum Universal Limited,Industrials,Conglomerates,24356.11,114.97,42.34,6.25,,,0.1,,,6.75,3.85,31.0,11.12,30.19,,23.4,19.4,204.72,INR,2026-09-27 15:53:48
CARERATING,CARE Ratings Limited,Financial Services,Financial Data & Stock Exchanges,4896.98,27.62,20.89,5.24,,,2.78,,,27.56,36.19,1.35,58.92,77.9,,25.1,18.9,310.33,INR,2026-09-27 15:53:51
CARRARO,Carraro India Limited,Consumer Cyclical,Auto Parts,3041.56,22.88,,5.39,,,0.27,,,5.97,5.76,1.26,23.38,,,7.8,10.5,99.31,INR,2026-09-27 15:53:53
CARTRADE,CarTrade Tech Limited,Consumer Cyclical,Auto & Truck Dealerships,14597.11,64.52,37.84,5.79,,,0.05,,,25.95,28.66,,46.54,79.36,,19.5,16.3,518.92,INR,2026-09-27 15:53:56
CARYSIL,Carysil Limited,Consumer Cyclical,"Furnishings, Fixtures & Appliances",3027.43,28.33,21.21,4.98,,,0.46,,,16.34,11.13,28.0,37.57,50.17,,37.7,15.5,213.73,INR,2026-09-27 15:53:58
CASTROLIND,Castrol India Limited,Energy,Oil & Gas Refining & Marketing,19947.63,18.79,17.06,10.47,57.0,24.88,2.78,1.51,0.85,24.78,17.07,6.2,10.73,11.82,,42.5,25.0,19.27,INR,2026-09-27 15:54:00
CCAVENUE,AvenuesAI Limited,Technology,Software - Infrastructure,5531.34,16.55,14.99,0.95,,,0.09,,,2.48,3.09,,0.96,1.06,,24.3,109.4,16.74,INR,2026-09-27 15:54:03
CCCL,Consolidated Construction Consortium Limited,Industrials,Engineering & Construction,595.08,,,2.13,,,0.11,,,-8.86,-1.21,,-0.09,,,,134.4,6.24,INR,2026-09-27 15:54:05
CCHHL,Country Club Hospitality & Holidays Limited,Consumer Cyclical,Lodging,214.79,,,0.72,,,0.08,,,2.22,-16.38,,-1.07,,,62.2,-37.6,18.24,INR,2026-09-27 15:54:08
CCL,CCL Products (India) Limited,Consumer Defensive,Packaged Foods,13926.47,32.19,22.01,5.93,,,0.56,,,13.1,9.38,0.55,32.44,47.45,,61.3,13.8,176.05,INR,2026-09-27 15:54:11
CDSL,Central Depository Services (India) Limited,Financial Services,Capital Markets,27546.2,58.47,44.12,14.06,,,0.11,,,48.89,36.8,0.97,22.54,29.88,,14.8,15.4,93.77,INR,2026-09-27 15:54:13
CEATLTD,CEAT Limited,Consumer Cyclical,Auto Parts,13559.68,22.94,14.11,2.3,,,0.65,,,4.15,3.58,1.04,146.16,237.63,,-96.4,22.3,1454.52,INR,2026-09-27 15:54:16
CEIGALL,Ceigall India Limited,Industrials,Engineering & Construction,6691.21,20.62,16.14,3.07,,,0.61,,,13.44,7.7,13.0,18.63,23.8,,15.3,15.7,125.14,INR,2026-09-27 15:54:18
CEINSYS,Ceinsys Tech Limited,Industrials,Engineering & Construction,1439.36,10.36,,1.87,,,0.08,,,22.64,20.05,0.51,66.34,,,-2.2,0.8,367.4,INR,2026-09-27 15:54:20
CELEBRITY,Celebrity Fashions Limited,Consumer Cyclical,Apparel Manufacturing,42.8,,,3.6,,,6.05,,,-6.89,-7.2,,-1.87,,,,-35.0,1.84,INR,2026-09-27 15:54:22
CELLO,Cello World Limited,Consumer Cyclical,"Furnishings, Fixtures & Appliances",7476.96,23.52,17.41,2.77,,,1.41,,,17.49,13.96,44.0,14.39,19.44,,0.5,-0.3,122.28,INR,2026-09-27 15:54:24
CEMPRO,Cemindia Projects Limited,Industrials,Engineering & Construction,21597.13,35.97,22.04,9.0,,,0.38,,,8.52,5.89,24.0,34.95,57.04,,2.6,7.0,139.68,INR,2026-09-27 15:54:27
CENTENKA,Century Enka Limited,Consumer Cyclical,Textile Manufacturing,1247.56,8.47,,0.83,,,1.48,,,12.86,7.92,1.93,67.37,,,301.2,38.0,684.58,INR,2026-09-27 15:54:29
CENTEXT,Century Extrusions Limited,Basic Materials,Aluminum,163.17,13.26,,1.79,,,0.82,,,6.21,2.41,,1.4,,,59.7,32.8,10.36,INR,2026-09-27 15:54:31
CENTRALBK,Central Bank of India,Financial Services,Banks - Regional,28222.27,6.27,,0.69,11.56,0.88,,,,39.67,27.84,4.45,4.97,,,3.2,-3.2,45.2,INR,2026-09-27 15:54:33
CENTRUM,Centrum Capital Limited,Financial Services,Financial Conglomerates,1007.85,,,3.32,,,12.19,,,-41.33,-20.09,,-4.7,,,,137.7,6.4,INR,2026-09-27 15:54:35
CENTUM,Centum Electronics Limited,Technology,Electronic Components,7089.16,75.19,48.33,20.63,,,0.38,,,9.22,5.55,10.0,63.87,99.37,,2257.0,-25.3,232.83,INR,2026-09-27 15:54:37
CENTURYPLY,Century Plyboards (India) Limited,Basic Materials,Lumber & Wood Production,15428.8,52.89,26.99,5.92,,,0.67,,,9.2,5.03,14.0,13.13,25.73,,54.9,33.5,117.33,INR,2026-09-27 15:54:40
CERA,Cera Sanitaryware Limited,Industrials,Building Products & Equipment,6958.77,34.25,23.05,4.73,,,3.17,,,8.19,9.52,1.39,157.58,234.09,,-2.7,15.1,1141.57,INR,2026-09-27 15:54:42
CESC,CESC Limited,Utilities,Utilities - Regulated Electric,18539.43,11.92,9.9,1.48,,,1.64,,,11.78,8.24,4.29,11.73,14.13,,3.9,5.4,94.47,INR,2026-09-27 15:54:44
CEWATER,Concord Enviro Systems Limited,Utilities,Utilities - Regulated Water,547.31,1017.12,,0.96,,,0.29,,,-23.53,-0.36,,0.26,,,,-16.6,276.19,INR,2026-09-27 15:54:47
CFEL,Confidence Futuristic Energetech Limited,Utilities,Utilities - Regulated Gas,117.67,16.44,,0.84,,,0.82,,,5.4,5.16,0.53,2.86,,,318.5,-12.5,56.12,INR,2026-09-27 15:54:49
CGCL,Capri Global Capital Limited,Financial Services,Credit Services,24409.85,21.59,13.11,3.4,,,3.35,,,50.4,34.96,8.0,11.75,19.35,,102.0,85.8,74.72,INR,2026-09-27 15:54:51
CGPOWER,CG Power and Industrial Solutions Limited,Industrials,Electrical Equipment & Parts,139586.49,111.17,63.62,17.51,,,1.45,,,10.45,9.75,15.0,7.97,13.93,,16.3,14.0,50.61,INR,2026-09-27 15:54:53
CGVAK,CG-VAK Software and Exports Limited,Technology,Software - Application,77.48,8.99,,0.83,,,2.96,,,14.48,11.66,0.65,17.07,,,-31.1,-2.4,184.15,INR,2026-09-27 15:54:56
CHALET,Chalet Hotels Limited,Consumer Cyclical,Lodging,19301.05,36.49,27.96,5.22,,,0.64,,,33.73,22.12,23.0,24.15,31.52,,-57.6,-42.7,168.98,INR,2026-09-27 15:54:58
CHAMBLFERT,Chambal Fertilisers and Chemicals Limited,Basic Materials,Agricultural Inputs,16745.26,8.68,8.56,1.61,,,0.1,,,15.15,9.58,2.87,48.15,48.83,,-4.6,-11.8,260.11,INR,2026-09-27 15:55:01
CHEMBOND,Chembond Material Technologies Limited,Basic Materials,Specialty Chemicals,258.19,17.76,,1.55,,,2.49,,,2.94,5.52,1.04,10.81,,,43.5,25.6,124.14,INR,2026-09-27 15:55:03
CHEMCRUX,Chemcrux Enterprises Limited,Basic Materials,Specialty Chemicals,118.28,28.53,,1.54,,,0.45,,,6.89,4.81,1.25,2.8,,,445.0,32.9,51.94,INR,2026-09-27 15:55:06
CHEMFAB,Chemfab Alkalis Limited,Basic Materials,Specialty Chemicals,506.89,,,1.34,,,0.33,,,3.21,-0.08,35.0,-0.18,,,124.9,-20.1,263.39,INR,2026-09-27 15:55:08
CHEMPLASTS,Chemplast Sanmar Limited,Basic Materials,Chemicals,3122.19,,67.32,1.78,,,1.11,,,-15.61,-9.21,,-24.78,2.93,,,2.3,110.98,INR,2026-09-27 15:55:10
CHENNPETRO,Chennai Petroleum Corporation Limited,Energy,Oil & Gas Refining & Marketing,20496.16,4.91,3.43,1.85,,,0.18,,,5.11,5.48,4.5,280.37,401.0,,,84.8,746.0,INR,2026-09-27 15:55:13
CHEVIOT,Cheviot Company Limited,Consumer Cyclical,Textile Manufacturing,690.98,10.12,,0.98,,,1.22,,,11.22,11.41,2.11,116.86,,,57.8,42.5,1208.26,INR,2026-09-27 15:55:15
CHOICEIN,Choice International Limited,Financial Services,Capital Markets,16731.63,70.45,49.97,8.88,,,0.5,,,27.43,20.17,,10.66,15.03,,15.3,34.4,84.53,INR,2026-09-27 15:55:17
CHOLAFIN,Cholamandalam Investment and Finance Company Limited,Financial Services,Credit Services,142005.54,24.57,16.93,4.65,,,6.95,,,56.59,40.55,12.0,67.67,98.18,,45.6,34.6,357.48,INR,2026-09-27 15:55:19
CHOLAHLDNG,Cholamandalam Financial Holdings Limited,Financial Services,Credit Services,26300.11,9.85,7.33,1.7,,,6.23,,,38.78,11.88,9.0,142.16,191.0,,39.3,13.9,823.0,INR,2026-09-27 15:55:22
CIEINDIA,CIE Automotive India Limited,Consumer Cyclical,Auto Parts,14825.48,16.54,13.71,1.91,12.22,6.65,0.07,1.38,0.84,11.16,9.04,1.79,23.63,28.5,,15.8,10.6,204.1,INR,2026-09-27 15:55:24
CIFL,Capital India Finance Limited,Financial Services,Credit Services,861.89,22.04,,1.28,,,1.46,,,13.29,7.32,10.0,1.0,,,,-8.9,17.21,INR,2026-09-27 15:55:27
CINELINE,Cineline India Limited,Communication Services,Entertainment,339.93,24.71,,1.97,,,0.78,,,4.51,4.93,1.4,3.61,,,,30.9,45.31,INR,2026-09-27 15:55:29
CINEVISTA,Cinevista Limited,Communication Services,Entertainment,80.64,13.25,,1.42,,,0.27,,,30.2,22.76,,1.06,,,0.8,61.8,9.86,INR,2026-09-27 15:55:31
CIPLA,Cipla Limited,Healthcare,Drug Manufacturers - Specialty & Generic,113077.64,33.56,22.05,3.28,,,1.78,,,12.55,12.01,0.93,41.71,63.48,,-39.2,3.5,426.25,INR,2026-09-27 15:55:34
CLEAN,Clean Science and Technology Limited,Basic Materials,Specialty Chemicals,8579.79,36.89,25.35,5.42,,,0.14,,,28.08,23.72,0.74,21.88,31.85,,4.7,10.5,148.94,INR,2026-09-27 15:55:36
CLEANMAX,Clean Max Enviro Energy Solutions Limited,Utilities,Utilities - Renewable,16340.56,104.14,43.45,3.52,,,2.32,,,36.81,6.69,,13.38,32.07,,,109.2,396.17,INR,2026-09-27 15:55:39
CLEDUCATE,CL Educate Limited,Consumer Defensive,Education & Training Services,297.74,,,1.16,,,1.09,,,4.86,-4.45,,-3.78,,,,-12.5,47.2,INR,2026-09-27 15:55:41
CLSEL,Chaman Lal Setia Exports Ltd.,Consumer Defensive,Packaged Foods,1465.41,11.69,,1.75,,,0.1,,,12.22,8.46,1.02,25.2,,,47.8,12.6,168.67,INR,2026-09-27 15:55:44
CMLL,Caliber Mining and Logistics Limited,Energy,Thermal Coal,3378.95,21.41,,4.28,,,1.73,,,9.91,7.67,,24.14,,,-21.6,67.1,120.85,INR,2026-09-27 15:55:46
CMPDI,Central Mine Planning & Design Institute Limited,Basic Materials,Other Industrial Metals & Mining,,22.95,,6.57,,,0.06,,,28.57,27.38,50.0,9.16,,,53.9,17.6,31.97,INR,2026-09-27 15:55:48
CMRGREEN,CMR Green Technologies Limited,Basic Materials,Aluminum,,23.05,12.4,3.21,,,0.83,,,3.86,2.24,,9.74,18.1,,16.4,64.9,70.01,INR,2026-09-27 15:55:51
CMSINFO,CMS Info Systems Limited,Industrials,Specialty Business Services,3732.2,13.12,9.18,1.58,,,0.09,,,15.14,11.77,2.14,17.77,25.4,,-10.6,1.2,147.98,INR,2026-09-27 15:55:53
CNL,Creative Newtech Limited,Technology,Electronics & Computer Distribution,1649.13,25.32,,5.0,,,0.84,,,4.97,2.65,5.0,43.38,,,39.0,20.8,219.53,INR,2026-09-27 15:55:55
COALINDIA,Coal India Limited,Energy,Thermal Coal,262593.87,8.48,7.54,2.2,,,0.12,,,21.11,18.14,4.93,50.26,56.5,0.87,1.4,45.1,193.28,INR,2026-09-27 15:55:58
COASTCORP,Coastal Corporation Limited,Consumer Defensive,Packaged Foods,241.99,7.43,,0.85,,,1.7,,,6.38,3.12,0.77,4.86,,,101.1,38.2,42.42,INR,2026-09-27 15:56:00
COCHINSHIP,Cochin Shipyard Limited,Industrials,Aerospace & Defense,36226.22,53.19,30.81,6.17,,,0.28,,,14.7,13.48,0.82,25.89,44.7,,-19.4,2.4,223.24,INR,2026-09-27 15:56:02
COCKERILL,John Cockerill India Limited,Industrials,Metal Fabrication,,909.26,,-41.06,7.95,1.62,,1.01,0.92,-10.32,0.81,9.0,8.75,,,,263.6,-193.74,INR,2026-09-27 15:56:05
COFFEEDAY,Coffee Day Enterprises Limited,Consumer Cyclical,Restaurants,639.88,3.64,3.03,0.23,,,0.26,,,6.5,15.47,,8.32,10.0,,-97.0,7.6,132.23,INR,2026-09-27 15:56:08
COFORGE,Coforge Limited,Technology,Information Technology Services,79038.09,36.5,25.0,6.28,,,0.08,,,15.96,9.64,0.9,48.88,71.36,,63.4,49.9,283.96,INR,2026-09-27 15:56:10
COHANCE,Cohance Lifesciences Limited,Healthcare,Drug Manufacturers - Specialty & Generic,17570.78,166.39,46.69,4.5,,,0.1,,,-11.46,4.96,,2.76,9.84,,,-23.1,102.03,INR,2026-09-27 15:56:12
COLPAL,Colgate-Palmolive (India) Limited,Consumer Defensive,Household & Personal Products,50475.1,37.45,31.75,31.86,,,2.99,,,27.68,21.72,2.59,49.55,58.44,,7.0,11.8,58.24,INR,2026-09-27 15:56:16
COMFINTE,Comfort Intech Limited,Industrials,Conglomerates,208.28,,,1.14,,,0.1,,,3.9,-2.31,0.77,-0.01,,,-8.5,56.3,5.7,INR,2026-09-27 15:56:18
COMPEAU,Competent Automobiles Company Limited,Consumer Cyclical,Auto & Truck Dealerships,224.33,9.46,,0.43,,,1.09,,,1.85,0.82,27.0,38.58,,,41.4,47.8,858.34,INR,2026-09-27 15:56:21
COMPUSOFT,Compucom Software Limited,Consumer Defensive,Education & Training Services,104.37,36.64,,0.72,,,0.34,,,-6.1,8.68,1.9,0.36,,,1.9,-8.1,18.32,INR,2026-09-27 15:56:23
COMSYN,Commercial Syn Bags Limited,Consumer Cyclical,Packaging & Containers,1140.99,40.01,,6.36,,,0.72,,,11.64,7.32,18.0,7.07,,,60.8,20.6,44.5,INR,2026-09-27 15:56:26
CONCOR,Container Corporation of India Limited,Industrials,Railroads,35148.67,28.24,19.78,2.72,,,0.07,,,13.64,13.67,1.86,16.34,23.33,,0.1,0.3,169.93,INR,2026-09-27 15:56:28
CONCORDBIO,Concord Biotech Limited,Healthcare,Biotechnology,15207.01,52.84,34.17,7.54,,,0.12,,,24.96,24.84,0.52,27.51,42.54,,32.8,26.2,192.81,INR,2026-09-27 15:56:31
CONFIPET,Confidence Petroleum India Limited,Energy,Oil & Gas Refining & Marketing,2933.02,21.8,,2.08,,,0.49,,,4.21,2.24,11.0,4.05,,,207.0,116.6,42.53,INR,2026-09-27 15:56:33
CONTROLPR,Control Print Limited,Industrials,Business Equipment & Supplies,946.54,24.27,,2.09,,,1.51,,,9.09,8.01,1.69,24.38,,,-54.2,3.8,283.13,INR,2026-09-27 15:56:35
CORALFINAC,Coral India Finance and Housing Limited,Real Estate,Real Estate Services,128.04,8.87,,0.62,,,,,,85.12,97.23,0.63,3.58,,,-8.3,-9.1,51.58,INR,2026-09-27 15:56:38
CORDELIA,Waterways Leisure Tourism Limited,Industrials,Marine Shipping,7616.63,,,85.47,,,1.47,,,19.72,6.76,,-0.94,,,-34.5,7.8,1.23,INR,2026-09-27 15:56:41
CORDSCABLE,Cords Cable Industries Limited,Industrials,Electrical Equipment & Parts,450.92,18.36,,2.24,,,0.55,,,5.26,2.52,34.0,19.0,,,101.7,9.5,155.66,INR,2026-09-27 15:56:43
COROMANDEL,Coromandel International Limited,Basic Materials,Agricultural Inputs,57844.92,31.65,20.33,4.61,,,0.11,,,6.77,5.62,0.56,62.06,96.62,,-24.6,15.9,426.42,INR,2026-09-27 15:56:45
CORONA,CORONA Remedies Limited,Healthcare,Drug Manufacturers - General,,64.94,40.38,17.34,,,0.22,,,18.91,13.46,47.0,32.61,52.44,,30.1,21.9,122.12,INR,2026-09-27 15:56:48
COSMOFIRST,Cosmo First Limited,Consumer Cyclical,Packaging & Containers,2204.89,13.32,,1.38,,,1.04,,,8.41,4.17,47.0,63.79,,,25.4,45.7,615.86,INR,2026-09-27 15:56:51
CPCAP,CP Capital Limited,Financial Services,Credit Services,280.14,6.21,,0.49,,,0.13,,,88.74,57.07,,24.78,,,23.5,13.2,314.75,INR,2026-09-27 15:56:53
CPEDU,Career Point Edutech Ltd.,Consumer Defensive,Education & Training Services,322.27,13.58,,,,,,,,0.0,0.0,2.82,13.04,,,,,,INR,2026-09-27 15:56:55
CPL,Captain Polyplast Limited,Industrials,Farm & Heavy Construction Machinery,,13.45,,1.97,,,0.47,,,10.6,6.57,,4.7,,,8.5,16.4,32.16,INR,2026-09-27 15:56:58
CPPLUS,Aditya Infotech Limited,Industrials,Building Products & Equipment,45218.69,90.91,48.91,23.14,,,0.1,,,13.61,9.77,4.0,40.56,75.4,,332.5,89.5,159.33,INR,2026-09-27 15:57:00
CRAFTSMAN,Craftsman Automation Limited,Consumer Cyclical,Auto Parts,28076.78,55.25,30.34,7.85,,,1.11,,,10.84,5.33,10.0,194.3,353.83,,116.3,36.3,1368.26,INR,2026-09-27 15:57:03
CRAMC,Canara Robeco Asset Management Company Limited,Financial Services,Asset Management,4595.57,21.2,16.7,6.16,,,2.36,,,68.55,45.59,1.74,10.87,13.8,,24.0,20.2,37.4,INR,2026-09-27 15:57:06
CRAVATEX,Cravatex Limited,Consumer Cyclical,Leisure,,11.11,,0.8,,,1.52,,,2.05,4.98,3.52,33.28,,,,29.3,462.19,INR,2026-09-27 15:57:08
CREATIVEYE,Creative Eye Limited,Communication Services,Entertainment,12.42,,,0.82,,,0.45,,,12.01,0.0,,-2.27,,,,,7.54,INR,2026-09-27 15:57:11
CREDITACC,CreditAccess Grameen Limited,Financial Services,Credit Services,20814.51,17.24,10.04,2.65,16.36,,3.03,,,64.59,39.81,,75.33,129.33,,719.7,149.5,489.54,INR,2026-09-27 15:57:48
CREST,Crest Ventures Limited,Financial Services,Financial Conglomerates,1025.87,31.28,,0.78,,,0.15,,,45.53,26.1,28.0,11.6,,,-55.4,-52.0,462.39,INR,2026-09-27 15:57:52
CRESTO,Cresto Techno Limited,Communication Services,Entertainment,22.5,,,1.97,-20.27,-8.63,,4.35,2.4,-21.27,-8.61,,-1.85,,,,-21.6,11.19,INR,2026-09-27 15:57:56
CRISIL,CRISIL Limited,Financial Services,Financial Data & Stock Exchanges,33054.77,37.31,30.03,10.1,29.05,14.87,0.1,1.87,1.4,24.68,21.43,0.88,121.14,150.52,,26.2,27.6,447.35,INR,2026-09-27 15:58:00
CRIZAC,Crizac Limited,Consumer Defensive,Education & Training Services,3198.5,14.52,11.72,5.47,,,0.31,,,28.08,21.32,8.75,12.59,15.6,,2.9,-4.0,33.41,INR,2026-09-27 15:58:04
CROMPTON,Crompton Greaves Consumer Electricals Limited,Consumer Cyclical,"Furnishings, Fixtures & Appliances",14075.98,,19.51,4.75,,,0.06,,,8.02,-2.69,1.37,-3.48,11.21,,14.9,11.8,46.07,INR,2026-09-27 15:58:08
CROWN,Crown Lifters Limited,Industrials,Rental & Leasing Services,138.34,16.72,,1.77,,,0.75,,,38.24,21.09,,7.14,,,4.5,29.3,67.41,INR,2026-09-27 15:58:13
CSBBANK,CSB Bank Limited,Financial Services,Banks - Regional,5655.47,8.71,5.93,1.18,,,,,,30.64,24.1,,38.31,56.27,,26.5,16.9,282.13,INR,2026-09-27 15:58:17
CSLFINANCE,CSL Finance Limited,Financial Services,Credit Services,483.91,5.69,,0.79,,,1.38,,,77.31,32.51,1.39,37.85,,,3.9,15.9,272.75,INR,2026-09-27 15:58:21
CSM,CSM Technologies Limited,Technology,Information Technology Services,528.16,37.49,,3.86,,,0.7,,,-21.21,9.79,49.0,2.73,,,,21.2,26.53,INR,2026-09-27 15:58:25
CUB,City Union Bank Limited,Financial Services,Banks - Regional,22349.19,15.95,11.66,2.12,,,,,,50.98,37.79,0.89,14.14,19.35,,25.1,23.3,106.64,INR,2026-09-27 15:58:28
CUBEXTUB,Cubex Tubings Limited,Basic Materials,Copper,217.99,28.89,,2.62,,,0.52,,,1.67,2.49,,5.27,,,7.1,30.3,58.18,INR,2026-09-27 15:58:33
CUMMINSIND,Cummins India Limited,Industrials,Specialty Industrial Machinery,137075.4,57.8,41.89,16.17,,,0.43,,,20.46,18.69,1.33,85.55,118.04,,0.9,17.9,305.74,INR,2026-09-27 15:58:37
CUPID,Cupid Limited,Consumer Defensive,Household & Personal Products,36305.84,270.0,,80.43,,,0.13,,,37.98,30.35,,1.0,,,194.2,158.7,3.36,INR,2026-09-27 15:58:41
CURAA,Cura Technologies Limited,Technology,Software - Application,71.28,,,11.17,,,0.95,,,-494.4,-236.16,,-1.79,,,,-65.8,6.45,INR,2026-09-27 15:58:45
CYIENT,Cyient Limited,Industrials,Conglomerates,11396.01,32.14,15.41,2.13,,,0.08,,,9.01,4.96,2.92,34.06,71.05,93.13,-32.3,21.3,514.32,INR,2026-09-27 15:58:50
CYIENTDLM,Cyient DLM Limited,Industrials,Aerospace & Defense,7392.0,90.08,52.85,7.3,,,0.17,,,7.51,6.05,,10.34,17.62,,118.2,34.3,127.53,INR,2026-09-27 15:58:55
DABUR,Dabur India Limited,Consumer Defensive,Household & Personal Products,68403.78,34.71,29.33,5.99,,,0.11,,,16.48,14.55,2.14,11.11,13.15,3.16,15.0,10.6,64.38,INR,2026-09-27 15:58:58
DALBHARAT,Dalmia Bharat Limited,Basic Materials,Building Materials,31917.65,34.13,23.32,1.77,,,0.41,,,11.41,6.2,0.59,49.82,72.9,,-52.2,7.0,958.54,INR,2026-09-27 15:59:02
DALMIASUG,Dalmia Bharat Sugar and Industries Limited,Consumer Defensive,Confectioners,3470.27,17.07,9.2,1.07,,,0.56,,,1.05,5.82,1.4,25.12,46.6,,-79.9,-10.0,400.6,INR,2026-09-27 15:59:07
DAMCAPITAL,DAM Capital Advisors Limited,Financial Services,Capital Markets,976.74,13.76,,2.6,,,0.25,,,0.65,31.95,0.72,10.04,,,-34.8,-3.2,53.11,INR,2026-09-27 15:59:11
DANGEE,Dangee Dums Limited,Consumer Cyclical,Restaurants,50.2,,,3.43,,,1.58,,,-2.38,-4.74,,-0.09,,,,12.3,0.95,INR,2026-09-27 15:59:15
DATAMATICS,Datamatics Global Services Limited,Technology,Information Technology Services,4773.43,22.08,16.25,3.09,,,0.14,,,15.26,10.63,0.62,36.58,49.7,,43.5,9.9,261.22,INR,2026-09-27 15:59:19
DATAPATTNS,Data Patterns (India) Limited,Industrials,Aerospace & Defense,24738.2,92.6,54.58,14.25,,,0.3,,,21.93,28.46,23.0,47.72,80.96,,-13.5,16.8,310.08,INR,2026-09-27 15:59:23
DAVANGERE,Davangere Sugar Company Limited,Consumer Defensive,Confectioners,407.02,48.0,,0.93,,,0.6,,,22.99,3.26,,0.05,,,-28.0,44.2,2.59,INR,2026-09-27 15:59:27
DBCORP,D. B. Corp Limited,Communication Services,Publishing,3239.07,9.21,8.46,1.33,,,0.11,,,18.55,14.66,3.85,19.73,21.47,,24.6,7.9,136.3,INR,2026-09-27 15:59:31
DBEIL,Deepak Builders & Engineers India Limited,Industrials,Engineering & Construction,308.83,,,0.69,,,0.4,,,11.36,5.12,1.4,-2.31,,,-80.8,-15.7,9.55,INR,2026-09-27 15:59:36
DBL,Dilip Buildcon Limited,Industrials,Engineering & Construction,6700.04,5.36,16.71,0.79,,,1.16,,,14.93,13.57,24.0,76.88,24.68,,-50.7,-9.3,521.53,INR,2026-09-27 15:59:40
DBOL,Dhampur Bio Organics Limited,Consumer Defensive,Farm Products,804.27,32.09,,0.79,,,1.03,,,-0.74,3.91,1.23,3.81,,,,-2.3,154.64,INR,2026-09-27 15:59:44
DBREALTY,Valor Estate Limited,Real Estate,Real Estate - Development,5428.41,454.91,,1.07,,,0.18,,,20.62,1.36,,0.22,,,,-86.8,93.11,INR,2026-09-27 15:59:48
DCAL,Dishman Carbogen Amcis Limited,Healthcare,Biotechnology,2636.93,27.04,13.46,0.39,,,0.46,,,-4.52,0.56,,6.22,12.5,,,-4.3,426.9,INR,2026-09-27 15:59:52
DCBBANK,DCB Bank Limited,Financial Services,Banks - Regional,6897.53,8.76,6.24,1.05,,,,,,34.86,25.28,0.68,24.43,34.3,,35.6,17.4,203.01,INR,2026-09-27 15:59:57
DCI,DC Infotech and Communication Limited,Technology,Electronics & Computer Distribution,495.28,22.32,,4.51,,,0.81,,,4.58,2.87,3.0,13.53,,,12.0,12.9,67.0,INR,2026-09-27 16:00:01
DCMFINSERV,DCM Financial Services Limited,Financial Services,Credit Services,11.11,,,-0.21,,,,,,3642.22,0.0,,-0.42,,,,,-24.3,INR,2026-09-27 16:00:05
DCMNVL,DCM Nouvelle Limited,Consumer Cyclical,Textile Manufacturing,334.61,11.4,,1.02,,,0.98,,,14.45,2.76,,15.71,,,1149.1,13.8,175.97,INR,2026-09-27 16:00:09
DCMSHRIRAM,DCM Shriram Limited,Industrials,Conglomerates,15087.5,10.6,22.74,2.02,,,0.38,,,5.84,10.35,1.64,91.88,42.85,,511.0,9.3,482.47,INR,2026-09-27 16:00:14
DCMSIL,DCM Shriram International Limited,Industrials,Industrial Distribution,730.56,,,1.96,,,0.2,,,1.61,-3.81,48.0,-1.95,,,-99.1,-4.9,42.91,INR,2026-09-27 16:00:19
DCMSRIND,DCM Shriram Industries Limited,Consumer Defensive,Confectioners,345.45,25.13,,0.95,,,1.17,,,0.92,2.8,1.01,1.58,,,-90.8,-41.1,41.93,INR,2026-09-27 16:00:23
DCW,DCW Limited,Basic Materials,Chemicals,1438.0,20.22,,1.34,,,0.27,,,1.75,3.23,0.82,2.41,,,203.3,14.0,36.26,INR,2026-09-27 16:00:28
DCXINDIA,DCX Systems Limited,Industrials,Aerospace & Defense,1804.35,,33.75,1.08,,,0.19,,,-8.72,-3.27,,-1.83,4.8,,,-53.6,150.3,INR,2026-09-27 16:00:31
DDEVPLSTIK,Ddev Plastiks Industries Limited,Basic Materials,Specialty Chemicals,2650.55,12.42,8.0,2.62,,,0.06,,,8.73,6.74,0.68,20.62,32.0,,22.3,28.6,97.95,INR,2026-09-27 16:00:35
DECCANCE,Deccan Cements Limited,Basic Materials,Building Materials,775.39,131.48,71.89,1.03,,,1.0,,,0.6,0.83,9.0,4.21,7.7,,,45.7,536.03,INR,2026-09-27 16:00:39
DECNGOLD,Deccan Gold Mines Limited,Basic Materials,Gold,4280.68,,,7.39,,,0.1,,,-8480.45,0.0,,-2.0,,,,-6.8,28.82,INR,2026-09-27 16:00:43
DEEDEV,DEE Development Engineers Limited,Industrials,Metal Fabrication,5012.45,57.48,30.01,5.24,,,0.87,,,11.8,6.62,15.0,11.59,22.2,,22.3,31.6,127.16,INR,2026-09-27 16:00:47
DEEP,Deep Polymers Limited,Basic Materials,Specialty Chemicals,110.02,15.17,,1.05,,,0.29,,,6.28,7.01,,3.0,,,32.5,18.4,43.45,INR,2026-09-27 16:00:51
DEEPA,DEEPA JEWELLERS LIMITED,Consumer Cyclical,Luxury Goods,2048.6,19.53,,7.34,56.45,31.66,0.49,4.94,3.62,7.02,5.44,,10.91,,,,,29.03,INR,2026-09-27 16:00:56
DEEPAKFERT,Deepak Fertilisers And Petrochemicals Corporation Limited,Basic Materials,Chemicals,17233.7,17.48,10.92,2.52,,,0.76,,,22.73,8.13,0.73,78.01,124.83,0.98,101.5,22.5,542.11,INR,2026-09-27 16:01:00
DEEPAKNTR,Deepak Nitrite Limited,Basic Materials,Chemicals,21646.94,27.63,25.58,3.71,,,0.28,,,18.49,9.14,47.0,57.45,62.04,,207.5,36.4,427.94,INR,2026-09-27 16:01:04
DEEPINDS,Deep Industries Limited,Energy,Oil & Gas E&P,4999.04,24.21,12.8,2.5,,,0.1,,,33.08,21.28,32.0,32.26,61.0,,45.1,39.8,311.87,INR,2026-09-27 16:01:09
DELHIVERY,Delhivery Limited,Industrials,Integrated Freight & Logistics,31672.67,343.66,38.4,3.26,,,0.15,,,-1.61,0.84,,1.23,11.01,,-65.0,27.8,129.79,INR,2026-09-27 16:01:13
DELTACORP,Delta Corp Limited,Consumer Cyclical,Resorts & Casinos,2057.55,,,0.92,,,2.17,,,12.15,-23.27,0.65,-5.84,,,,-8.5,83.5,INR,2026-09-27 16:01:17
DELTAMAGNT,Delta Manufacturing Limited,Consumer Cyclical,Textile Manufacturing,62.03,90.73,,26.84,,,17.33,,,3.76,-15.75,,0.63,,,,33.2,2.13,INR,2026-09-27 16:01:21
DEN,DEN Networks Limited,Communication Services,Entertainment,1257.71,8.48,-25.12,0.33,,,0.52,,,-3.01,15.19,,3.11,-1.05,,-32.3,0.6,79.84,INR,2026-09-27 16:01:25
DENORA,De Nora India Limited,Industrials,Electrical Equipment & Parts,406.91,33.37,,3.15,,,,,,15.76,10.61,0.52,22.97,,,96.7,-16.0,243.47,INR,2026-09-27 16:01:29
DENTA,Denta Water and Infra Solutions Limited,Industrials,Engineering & Construction,738.79,13.81,9.01,1.61,,,2.64,,,22.16,22.14,0.9,20.03,30.7,,-39.8,-12.8,171.81,INR,2026-09-27 16:01:34
DEVIT,Dev Information Technology Limited,Technology,Information Technology Services,126.97,1.68,,1.16,,,0.28,,,6.98,39.73,45.0,13.24,,,-2.0,2.7,19.13,INR,2026-09-27 16:01:38
DEVX,Dev Accelerator Limited,Real Estate,Real Estate Services,340.39,28.55,,2.1,,,2.0,,,23.43,4.53,,1.26,,,1012.8,-3.3,17.12,INR,2026-09-27 16:01:42
DEVYANI,Devyani International Limited,Consumer Cyclical,Restaurants,16647.15,,130.24,10.8,,,2.03,,,4.71,-0.47,,-0.22,1.04,,297.2,16.5,12.51,INR,2026-09-27 16:01:46
DGCONTENT,Digicontent Limited,Communication Services,Internet Content & Information,138.67,119.5,,3.88,,,2.66,,,-0.01,0.24,,0.2,,,,11.6,6.16,INR,2026-09-27 16:01:50
DHAMPURSUG,Dhampur Sugar Mills Limited,Consumer Defensive,Confectioners,1123.24,16.02,,0.94,5.56,2.93,0.75,1.37,0.41,13.83,3.31,2.29,10.9,,,-6.9,-20.8,186.2,INR,2026-09-27 16:01:54
DHANBANK,Dhanlaxmi Bank Limited,Financial Services,Banks - Regional,1156.86,10.04,,0.77,7.92,0.57,,,,18.08,14.88,,2.92,,,104.5,25.0,38.27,INR,2026-09-27 16:01:58
DHANUKA,Dhanuka Agritech Limited,Basic Materials,Agricultural Inputs,4298.91,16.47,13.26,2.58,,,1.82,,,8.77,13.72,21.0,58.54,72.75,,-34.6,-12.6,373.1,INR,2026-09-27 16:02:02
DHARMAJ,Dharmaj Crop Guard Limited,Basic Materials,Agricultural Inputs,997.53,16.58,,2.23,,,0.29,,,13.74,5.22,,17.8,,,16.9,4.1,132.4,INR,2026-09-27 16:02:06
DHATRE,Dhatre Udyog Limited,Basic Materials,Steel,45.0,,,0.68,,,,,,-4834.84,0.0,,-0.21,,,,,6.05,INR,2026-09-27 16:02:10
DHOOTTRANS,Dhoot Transmission Limited,Consumer Cyclical,Auto Parts,31919.72,73.54,40.85,12.08,,,0.38,,,12.36,8.65,,21.22,38.2,,37.8,49.7,129.17,INR,2026-09-27 16:02:14
DHRUV,Dhruv Consultancy Services Limited,Industrials,Engineering & Construction,40.78,,,0.61,,,0.39,,,-27.93,-93.1,,-18.14,,,,-26.1,35.45,INR,2026-09-27 16:02:18
DHUNINV,Dhunseri Investments Limited,Financial Services,Capital Markets,599.23,6.25,,0.22,,,0.27,,,46.92,19.6,31.0,157.15,,,151.4,38.7,4497.93,INR,2026-09-27 16:02:22
DIAMINESQ,Diamines and Chemicals Limited,Basic Materials,Chemicals,249.63,,,1.59,,,0.05,,,-3.72,-24.81,41.0,-10.27,,,,17.3,156.47,INR,2026-09-27 16:02:26
DIAMONDYD,Prataap Snacks Limited,Consumer Defensive,Packaged Foods,2562.9,222.2,39.89,3.66,1.4,1.03,0.06,1.94,0.72,1.04,0.56,5.0,4.82,26.85,,,4.9,292.71,INR,2026-09-27 16:02:31
DICIND,DIC India Limited,Basic Materials,Specialty Chemicals,602.6,20.81,15.35,1.36,,,0.74,2.04,1.24,6.84,2.94,46.0,31.55,42.77,,227.1,25.4,483.85,INR,2026-09-27 16:02:35
DIFFNKG,Diffusion Engineers Limited,Industrials,Specialty Industrial Machinery,1598.1,29.24,,3.96,,,0.07,,,11.15,12.55,35.0,14.72,,,36.2,36.5,108.71,INR,2026-09-27 16:02:39
DIGIDRIVE,Digidrive Distributors Limited,Consumer Cyclical,Internet Retail,70.92,12.26,,0.26,,,0.32,,,1.17,12.29,,1.5,,,,6.8,69.67,INR,2026-09-27 16:02:43
DIGISPICE,DiGiSPICE Technologies Limited,Financial Services,Financial Conglomerates,335.43,17.29,,1.68,,,0.35,,,11.17,4.14,,0.93,,,-5.4,-8.0,9.55,INR,2026-09-27 16:02:47
DIGITIDE,Digitide Solutions Limited,Industrials,Specialty Business Services,1172.11,,,1.4,,,0.58,,,2.8,-0.77,,-1.61,,,,5.3,56.11,INR,2026-09-27 16:02:51
DIGJAMLMTD,Digjam Limited,Consumer Cyclical,Textile Manufacturing,108.8,28.19,,24.9,,,13.61,,,9.89,-3.08,,1.93,,,-14.2,88.7,2.19,INR,2026-09-27 16:02:55
DISAQ,DISA India Limited,,,,,,5.61,18.75,8.62,,2.19,1.1,16.98,12.61,,,,,3.6,-16.2,2098.33,INR,2026-09-27 16:03:00
DISHTV,Dish TV India Limited,Communication Services,Entertainment,436.38,,-1.32,-0.11,,,,,,-84.39,-90.91,,-5.2,-1.8,,,-19.3,-21.01,INR,2026-09-27 16:03:04
DIVGIITTS,Divgi TorqTransfer Systems Limited,Consumer Cyclical,Auto Parts,3531.1,55.86,34.78,5.56,,,0.28,,,21.29,15.12,28.0,20.67,33.2,,182.7,91.3,207.7,INR,2026-09-27 16:03:07
DIVISLAB,Divi's Laboratories Limited,Healthcare,Drug Manufacturers - Specialty & Generic,255367.5,86.96,63.93,15.24,,,0.04,,,36.66,26.05,31.0,110.62,150.47,,65.5,27.8,631.37,INR,2026-09-27 16:03:11
DIXON,Dixon Technologies (India) Limited,Technology,Consumer Electronics,81413.73,43.67,47.56,14.92,,,0.18,,,2.29,3.64,7.0,306.63,281.56,,194.9,21.1,897.73,INR,2026-09-27 16:03:16
DJML,DJ Mediaprint & Logistics Limited,Industrials,Specialty Business Services,258.15,22.11,,2.74,,,0.43,,,11.01,7.58,21.0,3.25,,,21.8,44.0,26.27,INR,2026-09-27 16:03:20
DLF,DLF Limited,Real Estate,Real Estate - Development,169063.78,38.03,26.87,3.72,10.1,,0.67,,,8.99,65.79,1.17,17.96,25.42,0.14,4.1,-52.9,183.71,INR,2026-09-27 16:03:25
DLINKINDIA,D-Link (India) Limited,Technology,Communication Equipment,1494.4,13.93,,2.96,,,2.93,,,7.18,6.42,9.74,30.22,,,13.3,30.5,142.43,INR,2026-09-27 16:03:29
DMART,Avenue Supermarts Limited,Consumer Defensive,Discount Stores,250084.14,82.97,55.64,10.2,,,0.1,,,6.45,4.29,,46.21,68.91,,11.3,14.9,375.95,INR,2026-09-27 16:03:33
DMCC,DMCC Speciality Chemicals Limited,Basic Materials,Chemicals,761.54,19.05,,3.07,,,0.35,,,12.02,5.65,0.82,16.03,,,163.1,99.2,99.54,INR,2026-09-27 16:03:37
DNAMEDIA,Diligent Media Corporation Limited,Communication Services,Publishing,29.78,,,-0.12,,,,,,22.31,-88.56,,-0.56,,,,118.4,-21.39,INR,2026-09-27 16:03:41
DODLA,Dodla Dairy Limited,Consumer Defensive,Food Distribution,6270.47,25.64,18.99,3.75,,,3.4,,,3.51,5.67,48.0,40.54,54.73,,-35.4,19.0,277.5,INR,2026-09-27 16:03:45
DOLATALGO,Dolat Algotech Limited,Financial Services,Capital Markets,1187.65,8.25,,1.05,,,0.25,,,59.85,36.96,15.0,8.18,,,38.7,28.8,64.12,INR,2026-09-27 16:03:49
DOLLAR,Dollar Industries Limited,Consumer Cyclical,Apparel Manufacturing,1533.89,13.68,10.91,1.62,,,0.31,,,9.49,5.94,1.11,19.77,24.8,,22.1,1.4,167.26,INR,2026-09-27 16:03:53
DOLLEX,Dollex Agrotech Limited,Consumer Defensive,Confectioners,144.02,18.3,,1.85,,,1.27,,,6.59,3.47,,1.97,,,-26.9,10.3,19.46,INR,2026-09-27 16:03:57
DOLPHIN,Dolphin Offshore Enterprises (India) Limited,Energy,Oil & Gas Equipment & Services,2750.11,38.15,,7.78,,,0.57,,,47.65,50.42,,18.02,,,30.7,160.6,88.33,INR,2026-09-27 16:04:01
DOMS,DOMS Industries Limited,Industrials,Business Equipment & Supplies,12641.38,59.14,39.75,10.36,,,0.11,,,8.83,8.93,18.0,35.22,52.4,,-22.3,19.2,201.01,INR,2026-09-27 16:04:05
DONEAR,Donear Industries Limited,Consumer Cyclical,Textile Manufacturing,429.73,9.36,27.73,1.55,,,1.54,,,9.33,4.94,24.0,8.83,2.98,,27.9,8.0,53.34,INR,2026-09-27 16:04:09
DPABHUSHAN,D. P. Abhushan Limited,Consumer Cyclical,Luxury Goods,3236.31,13.51,,5.11,,,0.48,,,10.72,5.48,,104.91,,,76.9,58.0,277.67,INR,2026-09-27 16:04:13
DRAGARWQ,Dr. Agarwal's Eye Hospital Limited,Healthcare,Medical Care Facilities,,32.83,,7.27,,,0.94,,,22.22,15.34,,158.66,,,35.5,22.3,716.48,INR,2026-09-27 16:04:18
DRCSYSTEMS,DRC Systems India Limited,Technology,Information Technology Services,182.84,8.69,,1.62,,,0.37,,,20.16,20.35,,1.46,,,27.8,27.8,7.81,INR,2026-09-27 16:04:21
DREAMFOLKS,Dreamfolks Services Limited,Industrials,Airports & Air Services,337.25,,5.01,1.07,,,3.87,,,-55.69,-6.67,,-4.39,12.64,,,-88.8,58.98,INR,2026-09-27 16:04:25
DREDGECORP,Dredging Corporation of India Limited,Industrials,Engineering & Construction,2757.44,55.83,,2.22,3.19,,0.89,0.89,0.53,5.72,2.97,,17.64,,,,46.7,444.19,INR,2026-09-27 16:04:30
DRREDDY,Dr. Reddy's Laboratories Limited,Healthcare,Drug Manufacturers - Specialty & Generic,100041.93,30.21,20.32,2.61,8.84,4.01,0.19,1.9,1.16,4.25,10.0,0.67,39.75,59.1,1.67,-68.7,-5.6,460.31,INR,2026-09-27 16:04:34
DSSL,Dynacons Systems & Solutions Limited,Technology,Information Technology Services,1300.71,15.31,,4.11,,,0.75,,,10.23,6.02,5.0,66.68,,,0.6,-4.6,248.47,INR,2026-09-27 16:04:38
DUCON,Ducon Infratechnologies Limited,Industrials,Specialty Industrial Machinery,89.68,7.09,,0.29,,,0.63,,,4.42,2.43,,0.22,,,-30.8,-7.0,5.39,INR,2026-09-27 16:04:42
DVL,Dhunseri Ventures Limited,Financial Services,Capital Markets,1014.84,5.37,,0.31,,,0.29,,,42.63,39.07,1.73,53.98,,,144.6,32.5,938.64,INR,2026-09-27 16:04:47
DWARKESH,Dwarikesh Sugar Industries Limited,Consumer Defensive,Confectioners,834.04,57.71,,1.01,,,0.41,,,-9.31,1.07,22.0,0.78,,,,-11.7,44.72,INR,2026-09-27 16:04:51
DYCL,Dynamic Cables Limited,Industrials,Electrical Equipment & Parts,2214.32,24.32,,4.84,,,0.09,,,10.06,7.1,11.0,18.79,,,37.0,33.2,94.36,INR,2026-09-27 16:04:55
DYNAMATECH,Dynamatic Technologies Limited,Consumer Cyclical,Auto Parts,8932.79,209.58,70.11,11.25,,,0.8,,,8.34,2.53,6.0,62.76,187.6,,93.0,14.5,1168.8,INR,2026-09-27 16:04:58
DYNPRO,Dynemic Products Limited,Basic Materials,Specialty Chemicals,284.88,14.03,,1.16,,,0.3,,,9.45,5.48,0.65,16.34,,,7.9,-8.5,196.91,INR,2026-09-27 16:05:02
EASEMYTRIP,Easy Trip Planners Limited,Consumer Cyclical,Travel Services,2358.91,,,2.51,,,4.35,,,-0.36,-9.37,,-0.14,,,,18.4,2.36,INR,2026-09-27 16:05:06
EASTWEST,East West Freight Carriers Limited,Industrials,Integrated Freight & Logistics,30.62,,,0.51,,,1.11,,,6.23,-1.8,,-0.26,,,,-19.4,4.73,INR,2026-09-27 16:05:10
EBGNG,GNG Electronics Limited,Technology,Computer Hardware,7627.37,53.78,28.9,10.06,,,0.59,,,11.17,7.15,,12.44,23.15,,56.2,32.1,66.52,INR,2026-09-27 16:05:14
ECLERX,eClerx Services Limited,Technology,Information Technology Services,17473.76,24.57,19.34,6.86,,,0.15,,,18.71,16.81,5.0,77.28,98.18,,16.0,23.3,276.88,INR,2026-09-27 16:05:18
ECORECO,Eco Recycling Limited,Industrials,Waste Management,808.15,34.02,,7.52,,,0.05,,,60.01,41.13,24.0,12.31,,,7.2,40.5,55.67,INR,2026-09-27 16:05:22
ECOSMOBLTY,Ecos (India) Mobility & Hospitality Limited,Industrials,Rental & Leasing Services,650.52,11.05,9.35,2.45,,,2.94,,,7.42,7.01,2.2,9.81,11.6,,9.3,16.7,44.28,INR,2026-09-27 16:05:26
EDELWEISS,Edelweiss Financial Services Limited,Financial Services,Financial Conglomerates,12951.39,18.39,8.69,2.8,,,3.2,,,5.35,8.39,1.1,7.44,15.75,,83.0,23.0,48.84,INR,2026-09-27 16:05:30
EFCIL,EFC (I) Limited,Real Estate,Real Estate Services,2659.18,9.81,6.63,3.05,,,1.73,,,35.45,23.38,,18.33,27.1,,100.5,28.8,58.86,INR,2026-09-27 16:05:34
EICHERMOT,Eicher Motors Limited,Consumer Cyclical,Auto Manufacturers,202047.97,34.96,27.0,8.04,,,2.05,,,19.8,23.21,1.11,210.5,272.6,,21.3,31.5,915.01,INR,2026-09-27 16:05:38
EIDPARRY,E.I.D.- Parry (India) Limited,Basic Materials,Agricultural Inputs,12541.43,27.02,9.41,1.43,,,0.24,,,5.63,1.2,,26.08,74.9,,-42.5,3.4,494.27,INR,2026-09-27 16:05:43
EIEL,Enviro Infra Engineers Limited,Industrials,Engineering & Construction,3490.41,19.34,9.65,2.83,,,0.34,,,18.65,14.31,,10.28,20.6,,-4.9,49.1,70.27,INR,2026-09-27 16:05:47
EIHAHOTELS,EIH Associated Hotels Limited,Consumer Cyclical,Lodging,1793.36,20.41,,2.98,,,0.71,,,4.11,23.07,1.19,14.42,,,11.6,-4.0,98.86,INR,2026-09-27 16:05:51
EIHOTEL,EIH Limited,Consumer Cyclical,Lodging,18429.48,25.9,21.36,3.5,,,4.67,,,19.72,23.14,0.51,11.38,13.8,,246.0,14.5,84.15,INR,2026-09-27 16:05:55
EIMCOELECO,Eimco Elecon (India) Limited,Industrials,Farm & Heavy Construction Machinery,1327.65,33.52,24.23,2.84,,,0.93,,,15.66,16.3,17.0,68.67,95.0,0.69,6.2,14.7,810.46,INR,2026-09-27 16:05:58
EKC,Everest Kanto Cylinder Limited,Industrials,Specialty Industrial Machinery,1237.43,9.87,6.94,0.88,,,0.19,,,9.36,8.76,0.63,11.17,15.9,,-41.8,-10.5,124.74,INR,2026-09-27 16:06:02
EKI,EKI Energy Services Limited,Industrials,Consulting Services,,,,0.74,,,1.41,,,-203.69,-36.67,,-10.69,,,,-30.0,137.24,INR,2026-09-27 16:06:07
ELANTAS,ELANTAS Beck India Limited,Basic Materials,Specialty Chemicals,11004.42,62.11,,9.97,17.43,10.51,,5.85,5.09,26.72,18.8,5.0,223.48,,,80.4,35.0,1392.58,INR,2026-09-27 16:06:11
ELCIDIN,Elcid Investments Limited,,,,,,0.24,,,,,,98.78,82.73,,,,,-18.5,-20.2,433672.47,INR,2026-09-27 16:06:15
ELDEHSG,Eldeco Housing and Industries Limited,Real Estate,Real Estate Services,752.72,20.2,,1.88,,,0.39,,,35.1,19.57,1.18,37.89,,,382.0,71.0,406.47,INR,2026-09-27 16:06:19
ELECON,Elecon Engineering Company Limited,Industrials,Specialty Industrial Machinery,10283.13,43.48,20.92,4.46,,,0.12,,,15.25,9.85,44.0,10.54,21.9,,-59.9,6.1,102.76,INR,2026-09-27 16:06:23
ELECTCAST,Electrosteel Castings Limited,Industrials,Building Products & Equipment,4471.95,37.1,16.82,0.75,,,0.26,,,3.97,2.09,1.24,1.95,4.3,,-45.7,-8.5,95.82,INR,2026-09-27 16:06:27
ELECTHERM,Electrotherm (India) Limited,Basic Materials,Steel,1112.89,,,-7.23,,,,,,1.23,-0.97,,-28.65,,,-75.0,9.5,-120.8,INR,2026-09-27 16:06:31
ELGIEQUIP,Elgi Equipments Limited,Industrials,Specialty Industrial Machinery,19009.06,42.55,32.95,8.52,,,0.24,,,12.29,10.8,45.0,14.17,18.3,,20.7,22.6,70.8,INR,2026-09-27 16:06:35
ELGIRUBCO,Elgi Rubber Company Limited,Consumer Cyclical,Auto Parts,275.07,,,3.63,,,4.13,,,-1.21,-56.37,,-39.54,,,,-18.1,15.12,INR,2026-09-27 16:06:39
ELIN,Elin Electronics Limited,Industrials,Electrical Equipment & Parts,440.27,,,0.76,,,2.97,,,-0.89,-0.61,,-1.68,,,,22.8,116.7,INR,2026-09-27 16:06:43
ELITECON,Elitecon International Limited,Consumer Defensive,Tobacco,,7.83,,3.67,,,0.71,,,7.55,6.12,,1.16,,,676.3,1750.0,2.48,INR,2026-09-27 16:06:48
ELLEN,Ellenbarrie Industrial Gases Limited,Basic Materials,Chemicals,5193.48,42.9,30.2,5.32,,,0.19,,,31.76,33.83,,8.59,12.2,,86.8,18.0,69.33,INR,2026-09-27 16:06:52
ELPROINTL,Elpro International Limited,Real Estate,Real Estate Services,2911.65,22.52,,1.43,,,0.6,,,88.56,19.55,,7.63,,,56.3,47.5,119.88,INR,2026-09-27 16:06:56
EMAMILTD,Emami Limited,Consumer Defensive,Household & Personal Products,16881.11,22.67,19.45,5.81,,,0.06,,,17.65,19.12,3.08,17.17,20.01,,-16.4,14.9,66.99,INR,2026-09-27 16:07:00
EMAMIREAL,Emami Realty Limited,Real Estate,Real Estate - Development,355.91,,,-1.21,,,,,,-84.14,-167.52,,-34.88,,,,-5.7,-56.58,INR,2026-09-27 16:07:04
EMBDL,Embassy Developments Limited,Real Estate,Real Estate - Diversified,8071.92,,,0.82,,,0.53,,,-66.27,-74.24,,-6.83,,,,-68.2,71.01,INR,2026-09-27 16:07:08
EMCURE,Emcure Pharmaceuticals Limited,Healthcare,Drug Manufacturers - Specialty & Generic,37004.96,36.49,25.13,7.47,,,0.31,,,15.44,10.44,18.0,53.45,77.61,,42.1,22.8,261.12,INR,2026-09-27 16:07:12
EMIL,Electronics Mart India Limited,Consumer Cyclical,Specialty Retail,7703.44,37.28,30.74,4.75,,,1.23,,,8.16,2.62,,5.37,6.51,,458.1,39.1,42.15,INR,2026-09-27 16:07:16
EMKAY,Emkay Global Financial Services Limited,Financial Services,Capital Markets,754.97,39.99,,1.86,,,0.26,,,9.52,4.88,0.55,6.76,,,90.4,22.6,145.35,INR,2026-09-27 16:07:21
EMMVEE,Emmvee Photovoltaic Power Limited,Technology,Solar,22286.59,17.49,11.17,6.03,,,0.1,,,29.84,22.84,31.0,18.41,28.81,,102.6,51.3,53.39,INR,2026-09-27 16:07:25
EMPIND,Empire Industries Limited,Industrials,Conglomerates,,11.1,,1.77,,,0.49,,,8.6,7.5,,93.47,,,47.3,10.1,585.86,INR,2026-09-27 16:07:29
EMPOWER,Empower India Limited,Technology,Electronics & Computer Distribution,217.63,11.69,,0.67,,,0.11,,,3.8,10.68,,0.16,,,780.6,38.3,2.77,INR,2026-09-27 16:07:33
EMSLIMITED,EMS Limited,Industrials,Engineering & Construction,1970.79,28.9,,1.87,,,0.15,,,15.2,10.46,42.0,12.28,,,-59.1,-34.2,190.06,INR,2026-09-27 16:07:37
EMUDHRA,eMudhra Limited,Technology,Software - Application,5361.13,46.94,30.82,5.88,,,3.15,,,19.73,15.44,19.0,13.92,21.2,,29.2,29.5,111.06,INR,2026-09-27 16:07:41
ENDURANCE,Endurance Technologies Limited,Consumer Cyclical,Auto Parts,37217.98,38.31,25.76,5.44,,,0.19,,,7.27,6.22,43.0,69.06,102.72,,8.0,30.0,486.33,INR,2026-09-27 16:07:46
ENERGYDEV,Energy Development Company Limited,Utilities,Utilities - Regulated Electric,72.44,,,18.51,,,,,,-1.36,-8.75,,-0.78,,,,-38.4,0.82,INR,2026-09-27 16:07:50
ENGINERSIN,Engineers India Limited,Industrials,Engineering & Construction,17740.87,22.63,22.39,5.65,,,0.53,,,14.23,20.22,1.58,13.95,14.1,,141.5,-5.8,55.83,INR,2026-09-27 16:07:53
ENIL,Entertainment Network (India) Limited,Communication Services,Broadcasting,472.27,,9.91,0.62,,,0.23,,,-11.06,-1.47,2.02,-1.76,10.0,,,-2.8,158.97,INR,2026-09-27 16:07:57
ENKEIWHEL,Enkei Wheels (India) Limited,Consumer Cyclical,Auto Parts,,32.06,,2.79,9.12,5.13,1.23,1.35,0.82,6.09,1.93,,12.11,,,,36.8,138.95,INR,2026-09-27 16:08:02
ENRIN,Siemens Energy India Limited,Utilities,Utilities - Renewable,117982.73,79.37,58.85,24.52,,,4.48,,,21.94,15.77,12.0,41.74,56.3,,67.8,39.3,135.12,INR,2026-09-27 16:08:06
ENTERO,Entero Healthcare Solutions Limited,Healthcare,Medical Distribution,7929.03,63.3,31.88,4.69,,,0.39,,,4.36,1.76,,28.78,57.14,,37.3,38.2,388.09,INR,2026-09-27 16:08:09
EPACK,EPACK Durable Limited,Consumer Cyclical,"Furnishings, Fixtures & Appliances",1736.06,,18.59,1.51,,,0.77,,,4.33,-0.37,,-0.81,9.7,,-48.4,33.8,119.05,INR,2026-09-27 16:08:14
EPACKPEB,EPack Prefab Technologies Limited,Industrials,Engineering & Construction,2469.28,26.05,17.4,3.36,,,0.16,,,7.68,5.94,,9.42,14.1,,13.4,23.9,73.12,INR,2026-09-27 16:08:18
EPIGRAL,Epigral Limited,Basic Materials,Chemicals,4575.57,17.25,10.4,2.06,,,0.26,,,19.32,10.32,47.0,61.48,101.95,,-37.9,16.3,514.92,INR,2026-09-27 16:08:22
EPL,EPL Limited,Consumer Cyclical,Packaging & Containers,7638.75,19.73,13.65,2.66,,,0.34,,,11.2,7.68,2.1,12.07,17.45,,-1.4,25.3,89.42,INR,2026-09-27 16:08:26
EQUITASBNK,Equitas Small Finance Bank Limited,Financial Services,Banks - Regional,7669.08,15.03,7.41,1.25,,,0.94,,,31.5,10.93,,4.46,9.04,,,19.2,53.56,INR,2026-09-27 16:08:31
ERIS,Eris Lifesciences Limited,Healthcare,Drug Manufacturers - Specialty & Generic,17465.8,26.88,21.76,4.41,,,0.61,,,25.79,20.04,1.15,46.83,57.86,,20.7,12.6,285.48,INR,2026-09-27 16:08:34
ESABINDIA,ESAB India Limited,Industrials,Tools & Accessories,8507.72,38.32,,19.81,,,0.78,,,17.7,14.07,1.81,144.25,,,37.1,19.6,278.94,INR,2026-09-27 16:08:39
ESCORTS,Escorts Kubota Limited,Industrials,Farm & Heavy Construction Machinery,31420.52,22.73,20.55,2.58,,,1.31,,,9.02,11.29,1.16,125.65,138.97,1.61,-72.4,28.3,1105.92,INR,2026-09-27 16:08:42
ESDS,ESDS SOFTWARE SOLUTION L,Technology,Information Technology Services,20634.99,166.71,35.71,32.52,,,0.18,,,28.07,25.74,,10.56,49.3,,14.0,7.3,54.13,INR,2026-09-27 16:08:48
ESSARSHPNG,Essar Shipping Limited,Industrials,Marine Shipping,335.11,3.66,,-0.16,,,,,,-7975.0,75825.0,,4.4,,,742.1,-97.6,-100.25,INR,2026-09-27 16:08:52
ESSENTIA,Integra Essentia Limited,Consumer Defensive,Food Distribution,179.04,inf,,0.76,,,0.26,,,0.59,-0.04,,0.0,,,-96.5,42.1,1.34,INR,2026-09-27 16:08:57
ESTER,Ester Industries Limited,Basic Materials,Specialty Chemicals,898.4,,,1.07,,,0.93,,,7.24,-0.12,29.0,-0.24,,,,27.8,80.52,INR,2026-09-27 16:09:00
ETERNAL,Eternal Limited,Consumer Cyclical,Internet Retail,308380.67,712.77,89.05,9.9,,,0.15,,,0.24,0.64,,0.47,3.76,,268.0,182.0,33.83,INR,2026-09-27 16:09:07
ETHOSLTD,Ethos Limited,Consumer Cyclical,Luxury Goods,6830.7,65.36,37.45,4.59,,,0.19,,,7.67,6.01,,39.06,68.17,,47.9,33.3,556.07,INR,2026-09-27 16:09:11
EUREKAFORB,Eureka Forbes Limited,Consumer Cyclical,"Furnishings, Fixtures & Appliances",7069.68,39.01,23.88,1.54,,,0.63,,,7.24,6.46,,9.36,15.29,,47.3,15.2,237.69,INR,2026-10-01 09:58:53
EUROBOND,Euro Panel Products Limited,Industrials,Building Products & Equipment,355.13,13.87,,2.22,,,1.01,,,8.48,4.95,,10.45,,,-16.4,14.3,65.37,INR,2026-10-01 09:58:56
EUROPRATIK,Euro Pratik Sales Limited,Basic Materials,Building Materials,1941.8,22.57,,6.28,,,0.08,,,24.21,23.06,20.0,8.42,,,93.8,60.1,30.26,INR,2026-10-01 09:58:59
EVEREADY,Eveready Industries India Limited,Industrials,Electrical Equipment & Parts,2320.18,13.19,,3.72,,,0.32,,,13.21,11.97,0.77,24.2,,,22.3,9.0,85.7,INR,2026-10-01 09:59:01
EXCELINDUS,Excel Industries Limited,Basic Materials,Specialty Chemicals,1166.5,16.34,,0.68,,,0.46,,,11.16,6.62,1.49,56.78,,,-12.7,-5.1,1354.89,INR,2026-10-01 09:59:04
EXCELSOFT,Excelsoft Technologies Limited,Technology,Software - Application,920.79,19.71,14.82,1.59,,,1.14,,,8.1,15.73,,4.06,5.4,,53.6,44.1,50.25,INR,2026-10-01 09:59:06
EXICOM,Exicom Tele-Systems Limited,Industrials,Electrical Equipment & Parts,2135.01,,,3.18,,,1.09,,,-18.35,-20.37,,-18.47,,,,61.2,48.33,INR,2026-10-01 09:59:08
EXIDEIND,Exide Industries Limited,Consumer Cyclical,Auto Parts,35037.0,37.54,22.26,2.52,,,0.11,,,8.67,4.95,48.0,10.98,18.52,,28.4,17.7,163.59,INR,2026-10-01 09:59:11
EXPLEOSOL,Expleo Solutions Limited,Technology,Information Technology Services,1324.07,9.61,7.3,1.71,,,1.01,,,13.2,12.08,12.82,88.75,116.88,,67.3,12.3,500.21,INR,2026-10-01 09:59:14
EXXARO,Exxaro Tiles Limited,Industrials,Building Products & Equipment,272.03,67.56,,1.03,,,0.33,,,5.35,1.26,,0.09,,,156.1,31.3,5.93,INR,2026-10-01 09:59:16
FABTECH,Fabtech Technologies Limited,Healthcare,Health Information Services,639.56,13.13,,1.31,,,0.17,,,3.94,11.66,41.0,10.96,,,,10.3,109.44,INR,2026-10-01 09:59:19
FACT,The Fertilisers and Chemicals Travancore Limited,Basic Materials,Agricultural Inputs,48362.16,,,34.98,,,2.95,,,-2.91,-1.78,5.0,-1.67,,,,20.2,21.37,INR,2026-10-01 09:59:21
FAZE3Q,Faze Three Limited,Consumer Cyclical,Textile Manufacturing,1048.99,36.17,,2.32,,,0.61,,,5.8,3.24,,11.95,,,-24.5,8.2,186.0,INR,2026-10-01 09:59:23
FCL,Fineotex Chemical Limited,Basic Materials,Specialty Chemicals,6517.71,207.3,26.65,5.28,,,0.87,,,14.54,12.09,23.0,0.27,2.1,,54.8,174.8,10.61,INR,2026-10-01 09:59:26
FCSSOFT,FCS Software Solutions Limited,Technology,Information Technology Services,242.76,71.0,,0.58,,,,,,17.84,4.13,,0.02,,,46.7,120.1,2.44,INR,2026-10-01 09:59:28
FDC,FDC Limited,Healthcare,Drug Manufacturers - Specialty & Generic,5555.89,18.97,14.65,2.24,,,0.62,,,19.15,13.36,2.95,17.99,23.3,,9.2,3.0,152.62,INR,2026-10-01 09:59:30
FEDDERSHOL,Fedders Holding Limited,Financial Services,Credit Services,1264.49,14.74,,1.75,,,0.09,,,0.46,25.48,,4.26,,,-34.3,-11.0,35.79,INR,2026-10-01 09:59:33
FEDERALBNK,The Federal Bank Limited,Financial Services,Banks - Regional,77813.76,16.85,12.85,1.94,,,,,,42.96,30.72,38.0,18.69,24.52,,36.8,21.4,162.44,INR,2026-10-01 09:59:36
FEDFINA,Fedbank Financial Services Limited,Financial Services,Credit Services,5634.63,14.81,9.33,1.92,,,4.67,,,42.22,28.99,,10.14,16.1,,52.5,32.4,78.19,INR,2026-10-01 09:59:39
FERMENTA,Fermenta Biotech Limited,Healthcare,Drug Manufacturers - Specialty & Generic,1583.63,27.09,,3.9,,,0.28,,,10.55,11.68,0.68,20.39,,,-55.4,-10.6,141.68,INR,2026-10-01 09:59:41
FIBERWEB,Fiberweb (India) Limited,Consumer Cyclical,Textile Manufacturing,78.6,15.42,,0.42,,,0.06,,,5.13,7.98,,1.77,,,-94.6,-65.9,64.92,INR,2026-10-01 09:59:44
FIEMIND,Fiem Industries Limited,Consumer Cyclical,Auto Parts,4881.24,18.56,13.91,4.02,,,0.05,,,10.99,9.03,2.08,99.9,133.38,,12.8,18.5,461.64,INR,2026-10-01 09:59:46
FILATEX,Filatex India Limited,Consumer Cyclical,Textile Manufacturing,4694.14,24.58,7.95,4.88,,,0.1,,,5.05,4.49,27.0,4.3,13.29,,19.3,9.1,21.66,INR,2026-10-01 09:59:49
FILATFASH,Filatex Fashions Limited,Consumer Cyclical,Apparel Manufacturing,150.01,inf,,0.06,,,2.55,,,2.07,1.92,,0.0,,,-78.4,-56.7,2.95,INR,2026-10-01 09:59:51
FINCABLES,Finolex Cables Limited,Industrials,Electrical Equipment & Parts,22264.91,27.8,20.02,3.66,,,0.31,,,11.06,11.53,0.62,52.36,72.7,,53.1,44.3,397.81,INR,2026-10-01 09:59:54
FINEORG,Fine Organic Industries Limited,Basic Materials,Specialty Chemicals,15812.88,36.09,33.03,5.93,,,3.46,,,23.36,17.73,21.0,142.89,156.16,,18.0,18.0,869.06,INR,2026-10-01 09:59:58
FINKURVE,Finkurve Financial Services Limited,Financial Services,Credit Services,946.11,32.61,,2.71,,,2.44,,,22.92,18.42,,2.07,,,65.7,73.5,24.88,INR,2026-10-01 10:00:00
FINOPB,Fino Payments Bank Limited,Financial Services,Banks - Regional,1048.55,50.2,6.2,1.31,,,,,,-5.05,1.59,,2.51,20.33,,,-36.1,96.4,INR,2026-10-01 10:00:04
FINPIPE,Finolex Industries Limited,Industrials,Building Products & Equipment,9240.08,15.02,14.06,1.49,,,0.07,,,8.95,15.56,1.32,9.95,10.62,,16.7,-15.3,100.62,INR,2026-10-01 10:00:06
FIRSTCRY,Brainbees Solutions Limited,Consumer Cyclical,Internet Retail,8618.28,,52.68,1.77,,,0.3,,,-1.65,-1.42,,-2.57,3.37,,,13.1,100.33,INR,2026-10-01 10:00:09
FISCHER,Fischer Medical Ventures Limited,Healthcare,Medical Devices,2272.92,73.8,,5.58,,,0.28,,,12.07,8.22,15.0,0.45,,,-24.3,249.4,5.96,INR,2026-10-01 10:00:11
FIVESTAR,Five-Star Business Finance Limited,Financial Services,Credit Services,14907.38,13.5,10.18,2.02,,,1.12,,,59.13,47.8,39.0,37.42,49.61,,1.9,8.0,250.03,INR,2026-10-01 10:00:14
FLAIR,Flair Writing Industries Limited,Industrials,Business Equipment & Supplies,2391.84,17.13,12.32,2.1,,,0.06,,,12.22,10.91,43.0,13.25,18.42,,-0.3,10.6,108.32,INR,2026-10-01 10:00:16
FLUOROCHEM,Gujarat Fluorochemicals Limited,Basic Materials,Specialty Chemicals,47802.33,77.78,38.95,6.25,,,0.29,,,19.71,11.63,7.0,55.95,111.73,,20.1,24.0,696.7,INR,2026-10-01 10:00:19
FMGOETZE,Federal-Mogul Goetze (India) Limited,Consumer Cyclical,Auto Parts,2505.39,14.66,,1.74,,,0.07,,,8.83,8.54,3.37,30.71,,,0.5,8.8,258.21,INR,2026-10-01 10:00:22
FMNL,Future Market Networks Limited,Real Estate,Real Estate Services,58.02,7.56,,0.47,,,1.3,,,10.61,8.33,,1.15,,,26.0,1.0,18.5,INR,2026-10-01 10:00:25
FOODSIN,Foods and Inns Limited,Consumer Defensive,Packaged Foods,374.57,15.3,6.88,0.65,,,0.76,,,9.32,3.09,0.59,3.33,7.4,,-46.0,-33.3,78.67,INR,2026-10-01 10:00:27
FORCEMOT,Force Motors Limited,Consumer Cyclical,Auto Manufacturers,22366.7,17.87,,5.43,,,,,,10.26,13.61,29.0,949.91,,,22.8,6.2,3127.62,INR,2026-10-01 10:00:30
FORTIS,Fortis Healthcare Limited,Healthcare,Medical Care Facilities,57169.2,54.64,33.22,5.78,,,0.34,,,16.32,11.02,13.0,13.86,22.8,0.42,2.3,17.5,131.07,INR,2026-10-01 10:00:32
FOSECOIND,Foseco India Limited,Basic Materials,Chemicals,4870.5,49.75,,4.85,13.25,8.98,0.2,2.87,2.5,19.47,12.84,39.0,129.25,,,69.0,47.2,1326.15,INR,2026-10-01 10:00:35
FRACTAL,Fractal Analytics Limited,Technology,Software - Infrastructure,12572.37,38.28,26.53,3.82,,,0.13,,,11.3,9.53,,19.1,27.56,,97.9,20.0,191.15,INR,2026-10-01 10:00:40
FREDUN,Fredun Pharmaceuticals Limited,Healthcare,Drug Manufacturers - Specialty & Generic,2354.12,60.64,,8.22,,,0.87,,,12.59,5.24,5.0,22.97,,,94.1,90.7,169.39,INR,2026-10-01 10:00:43
FRONTSP,Frontier Springs Limited,Industrials,Metal Fabrication,1682.18,30.04,,9.17,,,0.06,,,22.93,18.01,5.0,47.4,,,-18.5,4.1,155.28,INR,2026-10-01 10:00:45
FSL,Firstsource Solutions Limited,Technology,Information Technology Services,17342.79,26.38,15.79,3.95,,,0.67,,,12.35,6.67,2.15,9.52,15.9,,-2.0,22.9,63.51,INR,2026-10-01 10:00:47
FUSION,Fusion Finance Limited,Financial Services,Credit Services,2783.12,14.08,5.85,1.14,,,2.28,,,23.22,19.64,,12.3,29.59,,,128.1,151.87,INR,2026-10-01 10:00:49
GABRIEL,Gabriel India Limited,Consumer Cyclical,Auto Parts,25947.27,76.89,34.06,14.23,,,0.11,,,6.44,5.24,37.0,17.61,39.75,,73.2,29.8,95.14,INR,2026-10-01 10:00:51
GAEL,Gujarat Ambuja Exports Limited,Consumer Defensive,Packaged Foods,7248.37,17.25,13.28,2.2,,,0.13,,,12.46,6.9,19.0,9.16,11.9,,171.9,23.5,71.83,INR,2026-10-01 10:00:54
GAIL,GAIL (India) Limited,Utilities,Utilities - Regulated Gas,112992.74,11.43,9.34,1.27,,,0.28,,,14.83,6.7,3.22,15.03,18.39,,96.9,16.7,135.55,INR,2026-10-01 10:00:56
GAJA,GAJA ALT ASSET MGT LTD,Financial Services,Asset Management,,24.65,,2.59,,,0.09,,,64.13,51.76,0.54,5.64,,,35.7,25.7,53.73,INR,2026-10-01 10:00:59
GALAPREC,Gala Precision Engineering Limited,Industrials,Specialty Industrial Machinery,1503.21,41.52,,5.12,,,0.13,,,12.06,11.37,,28.25,,,25.4,19.5,228.86,INR,2026-10-01 10:01:01
GALAXYSURF,Galaxy Surfactants Limited,Basic Materials,Specialty Chemicals,8771.51,25.18,22.43,3.2,,,0.09,,,11.97,6.15,0.94,98.26,110.29,,108.7,39.4,774.18,INR,2026-10-01 10:01:03
GALLANTT,Gallantt Ispat Limited,Basic Materials,Steel,12897.67,29.68,,3.89,,,0.17,,,13.53,9.78,37.0,18.01,,,-28.8,1.6,137.42,INR,2026-10-01 10:01:05
GANDHAR,Gandhar Oil Refinery (India) Limited,Energy,Oil & Gas Refining & Marketing,2726.92,9.22,,2.01,,,0.23,,,15.79,5.95,1.17,30.23,,,633.1,91.8,138.3,INR,2026-10-01 10:01:07
GANDHITUBE,Gandhi Special Tubes Limited,Industrials,Metal Fabrication,1104.92,15.93,,3.77,,,0.03,,,45.09,37.19,1.55,61.47,,,29.3,18.9,260.0,INR,2026-10-01 10:01:10
GANECOS,Ganesha Ecosphere Limited,Consumer Cyclical,Textile Manufacturing,2647.0,46.88,14.83,2.08,,,0.39,,,10.02,3.6,35.0,21.12,66.77,,170.0,25.7,477.04,INR,2026-10-01 10:01:12
GANESHCP,Ganesh Consumer Products Limited,Consumer Defensive,Packaged Foods,611.37,12.8,,1.64,,,0.07,,,8.25,5.3,3.27,11.82,,,31.4,-7.1,92.07,INR,2026-10-01 10:01:15
GANESHHOU,Ganesh Housing Limited,Real Estate,Real Estate - Development,5920.48,22.33,,2.54,,,0.13,,,38.74,41.4,21.0,31.8,,,-54.9,85.6,279.61,INR,2026-10-01 10:01:17
GANGAFORGE,Ganga Forging Limited,Industrials,Metal Fabrication,50.89,,,0.82,,,0.71,,,5.29,-6.58,,-0.14,,,,-7.2,1.85,INR,2026-10-01 10:01:19
GANGESSECU,Ganges Securities Limited,Consumer Defensive,Packaged Foods,115.04,39.93,,0.21,,,0.01,,,17.01,7.58,,2.88,,,18.5,23.5,539.67,INR,2026-10-01 10:01:21
GARFIBRES,Garware Technical Fibres Limited,Consumer Cyclical,Textile Manufacturing,7436.41,36.74,25.82,5.58,,,3.16,,,16.74,12.78,1.17,20.73,29.5,1.15,21.7,31.4,136.49,INR,2026-10-01 10:01:24
GARUDA,Garuda Construction and Engineering Limited,Industrials,Engineering & Construction,1620.79,11.91,,3.56,,,2.65,,,31.95,23.42,,14.63,,,48.4,40.1,48.99,INR,2026-10-01 10:01:26
GATEWAY,Gateway Distriparks Limited,Industrials,Integrated Freight & Logistics,2593.65,10.59,9.62,1.12,,,0.25,,,14.26,11.05,3.84,4.9,5.4,,-18.9,-0.2,46.17,INR,2026-10-01 10:01:28
GAYAHWS,Gayatri Highways Limited,Industrials,Infrastructure Operations,43.14,,,-0.07,,,,,,7.01,-8.94,,-0.08,,,,,-26.36,INR,2026-10-01 10:01:31
GAYAPROJ,Gayatri Projects Limited,Industrials,Engineering & Construction,1068.82,0.21,,0.71,,,0.51,,,23.93,179.82,,111.48,,,,208.7,32.42,INR,2026-10-01 10:01:33
GCSL,Gretex Corporate Services Limited,Financial Services,Capital Markets,1599.12,50.85,,9.69,,,0.07,,,44.47,18.27,11.0,13.39,,,1118.1,68.2,70.27,INR,2026-10-01 10:01:35
GEEKAYWIRE,Geekay Wires Limited,Industrials,Electrical Equipment & Parts,324.53,20.43,,0.18,17.42,8.69,0.89,3.5,1.36,9.57,6.46,1.15,1.52,,,-19.8,3.5,169.83,INR,2026-10-01 10:01:38
GEMAROMA,Gem Aromatics Limited,Basic Materials,Chemicals,827.38,,,1.84,,,0.34,,,-5.89,-3.82,,-2.81,,,,12.8,86.13,INR,2026-10-01 10:01:40
GENCON,Generic Engineering Construction and Projects Limited,Industrials,Engineering & Construction,223.78,26.18,,0.75,2.94,2.62,0.22,1.79,0.92,3.64,2.79,,1.5,,,-69.5,4.1,52.7,INR,2026-10-01 10:01:42
GENESYS,Genesys International Corporation Limited,Technology,Software - Application,1909.65,55.89,21.0,1.65,,,0.25,,,11.92,9.1,,5.11,13.6,,-25.1,14.8,173.0,INR,2026-10-01 10:01:45
GENUSPAPER,Genus Paper & Boards Limited,Basic Materials,Paper & Paper Products,273.07,19.31,13.62,0.55,,,0.87,,,6.44,1.7,,0.55,0.78,,28.6,-14.4,19.42,INR,2026-10-01 10:01:48
GENUSPOWER,Genus Power Infrastructures Limited,Industrials,Electrical Equipment & Parts,7924.55,12.22,11.06,3.57,,,1.04,,,17.6,12.6,17.0,23.44,25.9,,43.2,44.8,80.18,INR,2026-10-01 10:01:51
GEOJITFSL,Geojit Financial Services Limited,Financial Services,Capital Markets,2139.47,29.48,,1.78,,,0.09,,,11.07,10.74,1.96,2.6,,,-28.5,4.9,43.03,INR,2026-10-01 10:01:53
GESHIP,The Great Eastern Shipping Company Limited,Industrials,Marine Shipping,21736.5,5.97,7.65,1.3,,,0.06,,,54.43,60.31,3.69,258.2,201.59,,159.4,66.9,1188.12,INR,2026-10-01 10:01:56
GFLLIMITED,GFL Limited,Financial Services,Asset Management,599.95,9.9,,0.23,,,,,,-4.17,2157.29,,5.52,,,,28.6,233.79,INR,2026-10-01 10:01:58
GFSTEELS,Tikona Communication Limited,Basic Materials,Steel,114.26,46.94,,-20.95,,,,,,11.41,8.07,,0.8,,,,,-1.79,INR,2026-10-01 10:02:00
GHCL,GHCL Limited,Basic Materials,Chemicals,3685.37,7.17,5.45,1.02,,,2.35,,,23.47,17.05,2.96,56.04,73.8,,32.7,-2.7,395.15,INR,2026-10-01 10:02:03
GHCLTEXTIL,GHCL Textiles Limited,Consumer Cyclical,Textile Manufacturing,1253.51,13.02,,0.83,,,0.09,,,13.16,6.59,45.0,10.07,,,191.1,52.7,157.19,INR,2026-10-01 10:02:05
GICHSGFIN,GIC Housing Finance Limited,Financial Services,Mortgage Finance,721.6,4.58,3.35,0.34,,,4.33,,,28.64,43.64,3.37,29.24,39.99,,35.8,386.7,391.15,INR,2026-10-01 10:02:08
GICL,Globe International Carriers Limited,Industrials,Integrated Freight & Logistics,250.78,37.33,,3.19,,,0.46,,,8.87,5.63,,0.6,,,5.4,5.0,7.03,INR,2026-10-01 10:02:10
GICRE,General Insurance Corporation of India,Financial Services,Insurance - Reinsurance,57088.17,6.43,5.69,0.58,9.11,3.03,,0.52,0.25,15.1,16.82,4.0,50.6,57.22,,-31.1,-0.8,562.94,INR,2026-10-01 10:02:12
GILLANDERS,Gillanders Arbuthnot and Company Limited,Consumer Defensive,Farm Products,241.06,13.82,,0.93,,,0.58,,,4.32,4.02,,8.17,,,,3.4,120.86,INR,2026-10-01 10:02:15
GILLETTE,Gillette India Limited,Consumer Defensive,Household & Personal Products,22663.02,33.97,,23.95,,,0.0,,,26.8,21.04,2.58,204.73,,,9.4,10.8,290.45,INR,2026-10-01 10:02:17
GIPCL,Gujarat Industries Power Company Limited,Utilities,Utilities - Regulated Electric,2708.21,5.38,11.4,0.71,,,0.94,,,30.09,31.06,2.28,32.41,15.3,,174.8,34.4,247.44,INR,2026-10-01 10:02:20
GKB,GKB Ophthalmics Limited,Healthcare,Medical Instruments & Supplies,32.43,9.99,,0.61,,,0.21,,,5.77,2.17,,6.44,,,,2.3,104.82,INR,2026-10-01 10:02:23
GKENERGY,GK Energy Limited,Utilities,Utilities - Renewable,2344.16,9.63,,2.64,,,0.23,,,16.11,11.96,42.0,12.0,,,59.9,55.5,43.74,INR,2026-10-01 10:02:25
GKSL,Gujarat Kidney And Super Speciality Limited,Healthcare,Medical Care Facilities,1528.13,96.43,,4.78,,,0.11,,,20.24,15.67,,2.01,,,7.0,124.7,40.57,INR,2026-10-01 10:02:27
GKWLIMITED,GKW Limited,Industrials,Specialty Business Services,936.68,,,0.36,,,0.01,,,77.91,-16.48,,-8.94,,,-21.9,2.2,4391.46,INR,2026-10-01 10:02:29
GLAND,Gland Pharma Limited,Healthcare,Drug Manufacturers - Specialty & Generic,48183.17,41.38,30.28,4.64,,,2.74,,,21.0,16.78,0.69,70.56,96.42,,47.1,19.6,628.68,INR,2026-10-01 10:02:31
GLAXO,GlaxoSmithKline Pharmaceuticals Limited,Healthcare,Drug Manufacturers - General,46412.17,43.39,34.6,20.47,,,1.47,,,29.8,27.01,2.06,63.14,79.17,,15.7,16.6,133.84,INR,2026-10-01 10:02:34
GLENMARK,Glenmark Pharmaceuticals Limited,Healthcare,Drug Manufacturers - Specialty & Generic,65998.24,36.69,23.94,6.28,,,0.06,,,15.72,10.14,32.0,63.74,97.67,,930.3,23.1,372.48,INR,2026-10-01 10:02:36
GLFL,Gujarat Lease Financing Limited,Financial Services,Shell Companies,14.16,522.0,,-3.51,,,,,,0.0,0.0,,0.01,,0.26,,,-1.49,INR,2026-10-01 10:02:38
GLOBAL,Global Education Limited,Consumer Defensive,Education & Training Services,677.24,25.99,,5.01,20.91,14.69,,8.36,6.46,34.65,28.01,0.75,5.12,,,-10.6,-5.3,26.57,INR,2026-10-01 10:02:40
GLOBALE,Globale Tessile Limited,Consumer Cyclical,Textile Manufacturing,10.95,,,1.14,,,1.07,,,0.83,-4.57,,-1.1,,,,888.3,9.03,INR,2026-10-01 10:02:42
GLOBALVECT,Global Vectra Helicorp Limited,Industrials,Airports & Air Services,182.0,,,-22.47,,,,,,-10.06,-6.64,,-24.79,,,,1.1,-5.79,INR,2026-10-01 10:02:44
GLOBE,Globe Enterprises (India) Limited,Consumer Cyclical,Textile Manufacturing,96.39,9.3,,0.64,,,1.14,,,4.53,1.57,,0.23,,,219.0,47.0,3.33,INR,2026-10-01 10:02:47
GLOBECIVIL,Globe Civil Projects Limited,Industrials,Engineering & Construction,248.49,9.19,,1.06,,,0.64,,,14.54,5.88,,4.53,,,40.4,37.1,39.24,INR,2026-10-01 10:02:49
GLOBUSSPR,Globus Spirits Limited,Consumer Defensive,Beverages - Wineries & Distilleries,2487.49,6.78,16.89,2.07,,,0.48,,,6.48,3.59,0.83,116.63,46.8,,50.3,12.7,381.48,INR,2026-10-01 10:02:51
GLOSTERLTD,Gloster Limited,Consumer Cyclical,Textile Manufacturing,600.68,46.91,,0.55,,,0.88,,,4.83,0.83,3.71,11.7,,,,39.8,994.82,INR,2026-10-01 10:02:54
GLOTTIS,Glottis Limited,Industrials,Integrated Freight & Logistics,576.13,14.27,,2.06,,,0.19,,,6.82,4.56,,4.37,,,-10.6,40.7,30.27,INR,2026-10-01 10:02:56
GMBREW,G.M. Breweries Limited,Consumer Defensive,Beverages - Wineries & Distilleries,2209.3,13.09,15.94,2.05,,,3.2,,,5.6,8.88,0.93,73.87,60.67,,45.9,25.8,471.95,INR,2026-10-01 10:02:58
GMDCLTD,Gujarat Mineral Development Corporation Limited,Energy,Thermal Coal,15950.88,16.68,14.62,2.26,,,4.47,,,17.39,33.82,1.87,30.07,34.3,,-0.2,23.8,222.29,INR,2026-10-01 10:03:00
GMMPFAUDLR,GMM Pfaudler Limited,Industrials,Specialty Industrial Machinery,6528.24,92.55,30.76,5.42,,,0.84,,,5.74,1.93,14.0,15.69,47.2,,114.4,16.4,267.92,INR,2026-10-01 10:03:02
GMRAIRPORT,GMR Airports Limited,Industrials,Airports & Air Services,100596.97,230.15,61.13,-39.68,,,,,,25.01,3.07,,0.41,1.54,,,23.7,-2.38,INR,2026-10-01 10:03:05
GMRP&UI,GMR Power And Urban Infra Limited,Energy,Thermal Coal,8113.21,13.32,8.8,4.26,,,5.5,,,17.16,7.67,,7.8,11.8,,,3.4,24.38,INR,2026-10-01 10:03:07
GNA,G N A Axles Limited,Consumer Cyclical,Auto Parts,2538.28,19.18,15.98,2.53,12.29,6.51,0.22,2.37,1.75,5.51,8.08,50.0,30.82,37.0,,21.1,7.4,233.89,INR,2026-10-01 10:03:09
GNFC,Gujarat Narmada Valley Fertilizers & Chemicals Limited,Basic Materials,Chemicals,8766.48,8.45,9.52,0.96,,,0.07,,,14.16,12.33,3.47,70.59,62.69,,275.9,39.8,620.1,INR,2026-10-01 10:03:12
GNRL,Gujarat Natural Resources Limited,Energy,Oil & Gas E&P,1250.51,78.54,,7.02,,,0.06,,,172.68,58.71,,1.24,,,488.8,70.6,13.88,INR,2026-10-01 10:03:14
GOACARBON,Goa Carbon Limited,Basic Materials,Specialty Chemicals,371.21,,,2.2,,,0.99,,,-7.77,-8.33,,-51.23,,,,-67.0,184.28,INR,2026-10-01 10:03:17
GOCLCORP,GOCL Corporation Limited,Basic Materials,Specialty Chemicals,1771.72,6.57,,0.56,,,0.02,,,-142.67,3188.7,8.25,54.4,,,-96.7,26.3,634.01,INR,2026-10-01 10:03:19
GOCOLORS,Go Fashion (India) Limited,Consumer Cyclical,Apparel Retail,1584.72,30.19,23.78,2.34,,,0.77,,,11.81,6.37,,9.98,12.67,,-25.9,0.0,128.56,INR,2026-10-01 10:03:22
GODAVARIB,Godavari Biorefineries Limited,Basic Materials,Chemicals,1179.61,4610.0,,1.5,,,0.67,,,-2.5,0.01,,0.05,,,,4.6,153.98,INR,2026-10-01 10:03:24
GODFRYPHLP,Godfrey Phillips India Limited,Consumer Defensive,Tobacco,29792.51,21.44,17.04,4.8,,,3.76,,,12.21,22.39,2.64,89.1,112.1,0.27,-44.3,-18.9,398.29,INR,2026-10-01 10:03:27
GODIGIT,Go Digit General Insurance Limited,Financial Services,Insurance - Property & Casualty,23958.39,48.62,29.38,5.11,,,0.07,,,4.74,4.83,,5.33,8.82,,-37.5,8.6,50.69,INR,2026-10-01 10:03:29
GODREJAGRO,Godrej Agrovet Limited,Consumer Defensive,Packaged Foods,12091.13,27.11,18.47,5.95,,,0.73,,,6.43,4.26,1.74,23.18,34.03,,-16.2,9.6,105.66,INR,2026-10-01 10:03:31
GODREJCP,Godrej Consumer Products Limited,Consumer Defensive,Household & Personal Products,86571.6,45.19,31.26,6.84,,,0.35,,,17.19,12.09,2.35,18.72,27.06,1.5,11.5,15.4,123.61,INR,2026-10-01 10:03:33
GODREJIND,Godrej Industries Limited,Industrials,Conglomerates,34389.12,29.22,,3.08,,,2.22,,,8.1,4.76,,34.94,,,-18.6,-4.7,331.84,INR,2026-10-01 10:03:36
GODREJPROP,Godrej Properties Limited,Real Estate,Real Estate - Development,48916.17,30.59,14.74,2.55,,,0.82,,,-62.25,30.75,0.61,53.09,110.18,,-41.7,16.5,635.96,INR,2026-10-01 10:03:38
GOKEX,Gokaldas Exports Limited,Consumer Cyclical,Apparel Manufacturing,5107.45,52.52,16.62,2.36,,,0.59,,,5.32,2.46,,13.27,41.95,,6.8,20.7,294.97,INR,2026-10-01 10:03:41
GOKUL,Gokul Refoils & Solvent Limited,Consumer Defensive,Packaged Foods,386.08,18.66,,1.06,,,1.06,,,1.36,0.49,,2.09,,,57.6,9.7,36.66,INR,2026-10-01 10:03:43
GOKULAGRO,Gokul Agro Resources Limited,Consumer Defensive,Packaged Foods,6272.07,14.92,,4.42,,,0.41,,,3.59,1.72,,14.25,,,71.5,7.3,48.11,INR,2026-10-01 10:03:46
GOLDIAM,Goldiam International Limited,Consumer Cyclical,Luxury Goods,4742.55,22.68,,4.29,,,0.07,,,18.8,19.66,0.9,13.89,,,120.1,41.9,73.46,INR,2026-10-01 10:03:48
GOODLUCK,Goodluck India Limited,Basic Materials,Steel,4935.92,24.36,15.36,2.99,,,0.73,,,9.22,4.64,39.0,20.32,32.23,,59.5,30.9,165.81,INR,2026-10-01 10:03:50
GOODYEAR,Goodyear India Limited,Consumer Cyclical,Auto Parts,1621.58,30.12,,2.68,,,4.45,,,-0.34,2.08,3.77,23.34,,,-53.9,18.0,262.8,INR,2026-10-01 10:03:53
GOPAL,Gopal Snacks Limited,Consumer Defensive,Packaged Foods,3132.88,36.9,24.11,6.55,,,0.32,,,4.94,5.22,40.0,6.81,10.43,,409.0,31.1,38.37,INR,2026-10-01 10:03:55
GOYALALUM,Goyal Aluminiums Limited,Basic Materials,Aluminum,84.21,24.58,,3.35,,,0.42,,,2.89,4.54,,0.24,,,83.8,9.1,1.76,INR,2026-10-01 10:03:57
GPIL,Godawari Power & Ispat Limited,Basic Materials,Steel,14314.3,17.58,9.78,2.33,,,0.08,,,16.21,13.89,45.0,12.51,22.5,,2.7,32.3,94.56,INR,2026-10-01 10:03:59
GPPL,Gujarat Pipavav Port Limited,Industrials,Marine Shipping,8206.16,14.68,14.66,3.48,,,1.54,,,55.03,45.06,6.0,11.56,11.57,,41.8,32.5,48.71,INR,2026-10-01 10:04:02
GPTHEALTH,GPT Healthcare Limited,Healthcare,Medical Care Facilities,1232.05,26.02,15.01,4.57,,,0.34,,,13.71,9.61,1.95,5.77,10.0,,65.7,17.8,32.84,INR,2026-10-01 10:04:04
GPTINFRA,GPT Infraprojects Limited,Industrials,Engineering & Construction,1485.8,15.09,,2.47,,,0.5,,,12.54,7.7,3.46,7.79,,,4.9,-3.4,47.68,INR,2026-10-01 10:04:06
GRADIENTE,Gradiente Infotainment Limited,Communication Services,Entertainment,78.45,,,0.21,0.95,0.75,3.25,9.39,1.48,2.31,9.94,,,,,,827.0,11.05,INR,2026-10-01 10:04:08
GRANDOAK,Grand Oak Canyons Distillery Limited,Financial Services,Mortgage Finance,1862.27,,,2.19,,,3.12,,,-22.88,0.0,,-0.1,,,,,16.37,INR,2026-10-01 10:04:11
GRANULES,Granules India Limited,Healthcare,Drug Manufacturers - Specialty & Generic,23007.62,31.33,21.24,4.11,,,0.3,,,17.56,11.76,21.0,26.92,39.71,1.0,59.8,22.0,205.21,INR,2026-10-01 10:04:13
GRAPHITE,Graphite India Limited,Industrials,Electrical Equipment & Parts,14936.47,70.14,14.73,2.55,,,0.06,,,14.37,7.04,0.92,10.9,51.9,,28.4,26.6,299.89,INR,2026-10-01 10:04:16
GRASIM,Grasim Industries Limited,Basic Materials,Building Materials,200875.39,35.38,19.61,1.94,,,1.35,,,18.81,3.09,32.0,83.7,151.03,,51.3,21.4,1525.54,INR,2026-10-01 10:04:19
GRAUWEIL,Grauer & Weil (India) Limited,Basic Materials,Specialty Chemicals,3759.69,23.42,,3.48,,,1.34,,,13.99,12.97,0.6,3.54,,,-8.7,17.9,23.81,INR,2026-10-01 10:04:21
GRAVISSHO,Graviss Hospitality Limited,Consumer Cyclical,Lodging,218.19,inf,,1.13,,,4.92,,,-12.73,0.06,,0.0,,,,18.1,27.41,INR,2026-10-01 10:04:24
GRAVITA,Gravita India Limited,Industrials,Metal Fabrication,10371.98,26.45,18.64,4.23,,,0.3,,,9.68,8.34,0.64,53.84,76.4,,14.1,41.8,336.74,INR,2026-10-01 10:04:26
GREAVESCOT,Greaves Cotton Limited,Industrials,Specialty Industrial Machinery,5346.24,54.26,26.38,3.74,,,0.26,,,2.89,2.72,0.85,4.23,8.7,0.14,-22.1,30.7,61.43,INR,2026-10-01 10:04:28
GREENLAM,Greenlam Industries Limited,Basic Materials,Lumber & Wood Production,5421.38,58.53,22.85,4.6,,,0.98,,,5.58,2.93,19.0,3.63,9.3,,,18.2,46.22,INR,2026-10-01 10:04:31
GREENPANEL,Greenpanel Industries Limited,Basic Materials,Lumber & Wood Production,1959.46,295.91,14.37,1.45,,,0.27,,,1.55,0.43,31.0,0.54,11.12,,,6.6,110.57,INR,2026-10-01 10:04:33
GREENPLY,Greenply Industries Limited,Basic Materials,Lumber & Wood Production,3773.29,40.82,18.05,4.18,,,0.58,,,8.4,3.45,17.0,7.4,16.74,,32.0,20.7,72.23,INR,2026-10-01 10:04:36
GREENPOWER,Orient Green Power Company Limited,Utilities,Utilities - Independent Power Producers,1029.92,16.26,,0.89,,,0.45,,,39.84,22.26,,0.54,,,-19.0,-6.8,9.82,INR,2026-10-01 10:04:43
GRINDWELL,Grindwell Norton Limited,Industrials,Building Products & Equipment,22117.43,50.64,38.84,8.73,,,2.38,,,16.24,13.76,0.99,39.45,51.43,,22.3,14.2,228.93,INR,2026-10-01 10:04:45
GRINFRA,G R Infraprojects Limited,Industrials,Engineering & Construction,7735.04,7.62,8.22,0.82,,,0.52,,,15.15,11.05,0.61,104.97,97.27,,46.4,40.1,969.38,INR,2026-10-01 10:04:47
GRMOVER,GRM Overseas Limited,Consumer Defensive,Packaged Foods,1619.31,15.83,,1.19,,,0.61,,,8.1,4.17,,4.93,,,10.2,30.5,65.42,INR,2026-10-01 10:04:50
GROBTEA,The Grob Tea Company Limited,Consumer Defensive,Farm Products,105.7,13.78,,1.14,,,0.57,,,13.25,6.42,22.0,65.99,,,141.4,28.0,798.48,INR,2026-10-01 10:04:52
GROWW,Billionbrains Garage Ventures Limited,Financial Services,Capital Markets,114544.17,46.95,29.35,11.85,,,3.03,,,64.42,45.35,,3.94,6.3,,94.3,65.2,15.61,INR,2026-10-01 10:04:54
GRPLTD,GRP Limited,Consumer Cyclical,Auto Parts,991.63,175.57,12.63,5.56,,,1.16,,,7.59,1.0,18.0,10.59,147.2,,140.2,26.7,334.43,INR,2026-10-01 10:04:56
GRSE,Garden Reach Shipbuilders & Engineers Limited,Industrials,Aerospace & Defense,24682.52,30.86,24.26,9.4,,,1.42,,,7.48,10.66,0.9,69.82,88.83,,43.8,38.5,229.27,INR,2026-10-01 10:04:58
GRWRHITECH,Garware Hi-Tech Films Limited,Basic Materials,Specialty Chemicals,16302.17,42.02,38.51,6.14,,,0.59,,,25.14,17.18,17.0,166.99,182.2,,59.8,27.9,1143.37,INR,2026-10-01 10:05:00
GSFC,Gujarat State Fertilizers & Chemicals Limited,Basic Materials,Agricultural Inputs,5950.86,8.54,8.53,0.49,,,0.22,,,4.99,5.61,3.32,17.49,17.5,,14.4,64.0,306.07,INR,2026-10-01 10:05:03
GSLSU,Global Surfaces Limited,Basic Materials,Building Materials,130.49,,,0.48,,,0.79,,,5.86,-13.32,,-7.04,,,,-12.2,63.88,INR,2026-10-01 10:05:05
GSPCROP,GSP Crop Science Limited,Basic Materials,Agricultural Inputs,2167.54,21.43,,2.43,,,0.34,,,8.78,6.6,21.0,21.74,,,12.3,2.4,191.78,INR,2026-10-01 10:05:07
GSS,GSS Infotech Limited,Technology,Information Technology Services,26.43,,,0.09,,,0.48,,,1.81,-54.53,,-18.63,,,,-2.4,115.43,INR,2026-10-01 10:05:09
GTL,GTL Limited,Communication Services,Telecom Services,107.75,0.12,,-0.02,,,,,,5.14,388.83,,56.52,,,1965.1,7.7,-346.23,INR,2026-10-01 10:05:11
GTLINFRA,GTL Infrastructure Limited,Technology,Communication Equipment,1396.23,1.31,,-0.27,,,,,,13.89,79.21,,0.83,,,,-2.2,-4.0,INR,2026-10-01 10:05:14
GTPL,GTPL Hathway Limited,Communication Services,Entertainment,620.23,82.31,4.68,0.54,,,0.4,,,0.78,0.19,3.7,0.67,11.78,,-78.0,12.4,102.28,INR,2026-10-01 10:05:16
GUFICBIO,Gufic Biosciences Limited,Healthcare,Drug Manufacturers - Specialty & Generic,4205.85,57.22,,6.33,,,0.61,,,14.92,7.49,2.0,7.33,,,70.7,16.6,66.31,INR,2026-10-01 10:05:18
GUJALKALI,Gujarat Alkalies and Chemicals Limited,Basic Materials,Chemicals,4478.92,66.58,7.04,0.86,,,0.16,,,9.52,1.47,2.86,9.16,86.6,,,12.6,706.9,INR,2026-10-01 10:05:21
GUJAPOLLO,Gujarat Apollo Industries Limited,Industrials,Specialty Industrial Machinery,428.27,74.37,,0.85,,,0.08,,,-48.7,9.34,0.6,4.44,,,-24.1,-10.0,388.23,INR,2026-10-01 10:05:23
GUJENERGY,Gujarat Energy Limited,Utilities,Utilities - Regulated Gas,21918.01,9.01,8.35,1.19,,,0.17,,,12.36,8.9,3.75,25.94,27.96,,205.0,146.6,196.86,INR,2026-10-01 10:05:25
GUJRAFFIA,Gujarat Raffia Industries Limited,,,,19.76,,0.99,,,0.08,,,7.02,1.36,,2.07,,,39.2,-18.5,41.32,INR,2026-10-01 10:05:28
GUJTHEM,Gujarat Themis Biosyn Limited,Healthcare,Drug Manufacturers - Specialty & Generic,5038.17,86.79,,14.66,,,0.56,,,38.41,28.02,17.0,4.46,,,22.1,22.1,26.41,INR,2026-10-01 10:05:29
GULFOILLUB,Gulf Oil Lubricants India Limited,Basic Materials,Specialty Chemicals,5565.09,14.96,10.74,3.61,,,0.36,,,11.02,8.58,5.43,75.08,104.52,,28.4,30.6,311.03,INR,2026-10-01 10:05:32
GULPOLY,Gulshan Polyols Limited,Basic Materials,Chemicals,1022.36,6.95,,1.43,,,0.43,,,11.63,6.25,0.91,23.65,,,307.2,7.9,115.23,INR,2026-10-01 10:05:34
GVPIL,GE Power India Limited,Industrials,Engineering & Construction,4595.67,13.43,,7.89,,,3.02,,,13.43,21.04,1.03,50.9,,,54.8,7.6,86.65,INR,2026-10-01 10:05:36
GVT&D,GE Vernova T&D India Limited,Industrials,Specialty Industrial Machinery,110484.08,84.89,53.76,41.06,,,0.89,,,24.44,19.44,24.0,50.83,80.27,,24.7,38.0,105.08,INR,2026-10-01 10:05:39
GYFTR,Gyftr Limited,Industrials,Specialty Business Services,1206.73,50.04,,2.5,5.24,4.84,0.26,3.41,2.86,0.43,5.8,,3.14,,,,,62.93,INR,2026-10-01 10:05:41
HAL,Hindustan Aeronautics Limited,Industrials,Aerospace & Defense,314110.22,33.65,27.2,7.65,,,0.16,,,15.67,27.59,43.0,139.57,172.71,,14.9,14.4,613.68,INR,2026-10-01 10:05:43
HALDER,Halder Venture Limited,Consumer Defensive,Farm Products,308.19,11.78,,1.73,,,1.97,,,6.88,4.37,,21.04,,,111.6,81.3,143.52,INR,2026-10-01 10:05:45
HALEOSLABS,Haleos Labs Limited,Healthcare,Biotechnology,453.49,28.97,,2.13,,,0.48,,,6.69,4.87,10.0,51.78,,,-36.3,-11.6,705.78,INR,2026-10-01 10:05:47
HAMPTON,Hampton Sky Realty Limited,Financial Services,Capital Markets,,,,,,,0.28,,,-342.93,-108.16,,-0.63,,,,-97.0,,INR,2026-10-01 10:05:49
HAPPSTMNDS,Happiest Minds Technologies Limited,Technology,Information Technology Services,4695.69,21.13,14.42,2.65,13.32,,0.99,1.66,1.63,15.11,9.32,2.35,14.79,21.67,,18.3,14.3,117.93,INR,2026-10-01 10:05:52
HAPPYFORGE,Happy Forgings Limited,Industrials,Metal Fabrication,19735.5,60.2,41.46,9.27,,,0.15,,,25.5,19.94,19.0,34.73,50.42,,39.2,27.0,225.56,INR,2026-10-01 10:05:54
HARDWYN,Hardwyn India Limited,Industrials,Building Products & Equipment,625.68,48.16,,1.54,,,1.56,,,11.51,6.46,,0.19,,,-22.9,-19.4,5.92,INR,2026-10-01 10:05:56
HARIOMPIPE,Hariom Pipe Industries Limited,Basic Materials,Steel,1059.86,15.42,,1.64,,,0.62,,,8.03,4.2,22.0,22.19,,,-29.7,-6.9,208.78,INR,2026-10-01 10:05:58
HARRMALAYA,Harrisons Malayalam Limited,Consumer Defensive,Farm Products,328.8,12.37,,1.84,,,0.62,,,3.26,4.95,,14.4,,,-34.0,7.3,97.03,INR,2026-10-01 10:06:01
HARSHA,Harsha Engineers International Limited,Industrials,Tools & Accessories,4354.18,28.18,19.97,3.11,,,0.27,,,11.73,9.0,32.0,16.97,23.95,,-1.4,25.2,153.96,INR,2026-10-01 10:06:03
HATHWAY,Hathway Cable and Datacom Limited,Communication Services,Entertainment,1662.13,22.36,20.87,0.4,,,0.21,,,0.0,3.47,,0.42,0.45,,-21.0,6.5,23.65,INR,2026-10-01 10:06:05
HATSUN,Hatsun Agro Product Limited,Consumer Defensive,Packaged Foods,24232.78,68.21,39.85,12.49,,,0.95,,,6.45,3.39,1.82,15.95,27.3,,-1.1,19.3,87.12,INR,2026-10-01 10:06:07
HAVELLS,Havells India Limited,Industrials,Electrical Equipment & Parts,65002.84,39.82,31.75,6.87,,,2.8,,,5.3,6.92,1.18,26.01,32.62,0.2,-16.5,19.5,150.74,INR,2026-10-01 10:06:10
HAVISHA,Sri Havisha Hospitality and Infrastructure Limited,Consumer Cyclical,Lodging,41.25,,,1.76,,,2.37,,,-19.74,-37.32,,-0.17,,,,3.3,0.77,INR,2026-10-01 10:06:12
HAWKINCOOK,Hawkins Cookers Limited,Consumer Cyclical,"Furnishings, Fixtures & Appliances",4205.4,31.04,,9.45,,,0.07,,,12.23,10.18,1.77,256.22,,,17.1,33.1,842.02,INR,2026-10-01 10:06:14
HAZOOR,Hazoor Multi Projects Limited,Real Estate,Real Estate - Development,535.42,16.16,,0.73,,,0.73,,,9.66,5.62,,1.15,,,-97.8,-33.5,25.43,INR,2026-10-01 10:06:17
HBESD,HB Estate Developers Limited,Consumer Cyclical,Lodging,,12.24,,0.83,,,1.33,,,19.46,10.64,,5.68,,,302.8,16.8,84.06,INR,2026-10-01 10:06:19
HBLENGINE,HBL Engineering Limited,Industrials,Electrical Equipment & Parts,21820.79,27.91,,9.77,,,3.02,,,21.05,23.38,50.0,28.2,,,-23.9,6.0,80.58,INR,2026-10-01 10:06:22
HBPOR,HB Portfolio Limited,Financial Services,Capital Markets,65.07,17.47,,0.25,,,0.79,,,58.66,12.45,2.07,3.46,,,158.3,36.4,240.06,INR,2026-10-01 10:06:24
HBSL,HB Stockholdings Limited,Financial Services,Capital Markets,39.61,,,0.5,,,0.14,,,88.79,0.0,2.02,-14.47,,,6.6,-0.1,110.03,INR,2026-10-01 10:06:26
HCC,Hindustan Construction Company Limited,Industrials,Engineering & Construction,5359.43,29.65,30.09,2.52,,,0.48,,,9.93,4.28,,0.69,0.68,,0.7,-9.0,8.12,INR,2026-10-01 10:06:28
HCG,HealthCare Global Enterprises Limited,Healthcare,Medical Care Facilities,9950.99,435.62,43.63,7.24,,,1.23,,,7.46,0.87,,1.53,15.28,,189.9,13.4,92.07,INR,2026-10-01 10:06:31
HCL-INSYS,HCL Infosystems Limited,Technology,Electronics & Computer Distribution,337.11,,,-1.14,,,,,,-330.38,-240.35,,-1.37,,,,-40.5,-9.01,INR,2026-10-01 10:06:33
HCLTECH,HCL Technologies Limited,Technology,Information Technology Services,338761.98,19.5,15.63,4.59,24.07,13.31,0.07,2.22,2.03,16.88,12.97,4.88,64.21,80.1,2.39,8.4,3.0,272.78,INR,2026-10-01 10:06:35
HDBFS,HDB Financial Services Limited,Financial Services,Credit Services,51397.33,18.56,13.11,2.49,,,4.84,,,42.42,29.79,0.64,33.43,47.32,,38.3,21.0,248.87,INR,2026-10-01 10:06:37
HDFCAMC,HDFC Asset Management Company Limited,Financial Services,Asset Management,98253.52,33.44,26.1,10.63,,,2.36,,,80.2,61.62,2.37,68.48,87.75,,12.0,13.4,215.42,INR,2026-10-01 10:06:40
HDFCBANK,HDFC Bank Limited,Financial Services,Banks - Regional,1103346.17,15.63,11.43,1.82,13.84,1.75,,,,33.29,26.79,1.83,45.78,62.6,0.89,18.4,16.6,393.81,INR,2026-10-01 10:06:42
HDFCLIFE,HDFC Life Insurance Company Limited,Financial Services,Insurance - Life,115172.9,57.57,44.92,5.9,10.83,0.38,0.16,1.24,0.41,2.19,1.9,40.0,9.21,11.8,,11.9,14.3,89.8,INR,2026-10-01 10:06:44
HEADSUP,Heads UP Ventures Limited,Consumer Cyclical,Apparel Retail,13.98,,,0.91,,,,,,-64.65,-51.48,,-1.34,,,,,6.94,INR,2026-10-01 10:06:47
HEALTHX,Health X Platform Limited,Healthcare,Pharmaceutical Retailers,906.6,,,1.42,,,3.35,,,0.56,-1.33,,-6.36,,,-89.4,42.0,201.37,INR,2026-10-01 10:06:49
HECPROJECT,HEC Infra Projects Limited,Industrials,Engineering & Construction,120.86,9.56,,1.84,,,0.68,,,8.66,7.03,,11.67,,,2.7,11.5,60.68,INR,2026-10-01 10:06:51
HEIDELBERG,HeidelbergCement India Limited,Basic Materials,Building Materials,2955.95,25.42,15.4,2.15,,,1.04,,,6.02,4.93,5.28,5.13,8.47,,-36.7,5.1,60.69,INR,2026-10-01 10:06:53
HEMIPROP,Hemisphere Properties India Limited,Real Estate,Real Estate - Diversified,3203.09,,,7.44,,,0.2,,,-1136.3,0.0,,-0.41,,,,-38.8,15.1,INR,2026-10-01 10:06:55
HERANBA,Heranba Industries Limited,Basic Materials,Agricultural Inputs,702.88,,,0.92,,,0.75,,,7.09,-4.94,0.61,-18.86,,,17.0,-15.3,190.36,INR,2026-10-01 10:06:58
HERITGFOOD,Heritage Foods Limited,Consumer Defensive,Packaged Foods,3739.22,27.68,19.37,3.39,,,0.33,,,2.64,2.85,0.62,14.56,20.8,,-38.4,17.7,118.9,INR,2026-10-01 10:07:00
HEROMOTOCO,Hero MotoCorp Limited,Consumer Cyclical,Auto Manufacturers,103292.88,18.95,15.85,4.78,,,3.57,,,11.63,10.72,3.53,272.29,325.62,,-17.2,34.9,1080.08,INR,2026-10-01 10:07:02
HESTERBIO,Hester Biosciences Limited,Healthcare,Drug Manufacturers - Specialty & Generic,1844.12,13.66,,5.12,,,0.53,,,20.37,41.61,0.51,158.69,,,489.8,-8.2,423.46,INR,2026-10-01 10:07:05
HEXATRADEX,Hexa Tradex Limited,Financial Services,Credit Services,851.87,,,0.18,,,0.19,,,-5482.35,-150.24,,-1.24,,,,,835.47,INR,2026-10-01 10:07:07
HEXT,Hexaware Technologies Limited,Technology,Information Technology Services,29745.65,22.37,17.5,4.43,21.47,11.84,0.1,1.43,1.12,13.74,9.32,2.96,21.81,27.87,,-13.2,17.9,110.06,INR,2026-10-01 10:07:10
HGINFRA,H.G. Infra Engineering Limited,Industrials,Engineering & Construction,2763.26,14.62,6.7,0.85,,,1.53,,,23.51,3.84,46.0,29.01,63.24,,,-25.7,500.99,INR,2026-10-01 10:07:12
HGM,Handson Global Management (HGM) Limited,Technology,Information Technology Services,52.26,,,2.56,,,1.15,,,-15.64,-12.08,,-5.43,,,,-20.6,16.19,INR,2026-10-01 10:07:14
HGS,Hinduja Global Solutions Limited,Industrials,Specialty Business Services,1743.81,,3.48,0.21,,,0.23,,,-15.05,-1.01,1.35,-28.79,107.73,,,-0.6,1785.69,INR,2026-10-01 10:07:17
HIKAL,Hikal Limited,Healthcare,Drug Manufacturers - Specialty & Generic,2705.1,,24.38,2.26,,,0.57,,,-1.41,-1.95,28.0,-2.75,9.0,,,5.9,97.23,INR,2026-10-01 10:07:19
HILINFRA,Highway Infrastructure Limited,Industrials,Infrastructure Operations,326.69,12.28,,1.34,,,0.45,,,1.01,3.16,,3.71,,,-85.3,170.9,33.91,INR,2026-10-01 10:07:22
HILTON,Hilton Metal Forging Limited,Industrials,Metal Fabrication,83.63,9.91,,0.38,,,0.37,,,5.98,1.91,,1.64,,,1119.1,167.4,42.97,INR,2026-10-01 10:07:24
HIMATSEIDE,Himatsingka Seide Limited,Consumer Cyclical,Textile Manufacturing,820.09,14.96,2.49,0.39,,,1.23,,,9.49,2.26,38.0,4.36,26.16,,-54.2,-5.4,166.74,INR,2026-10-01 10:07:26
HINDADH,Hindustan Adhesives Limited,Basic Materials,Specialty Chemicals,195.44,8.18,,1.8,,,1.12,,,21.59,8.1,,46.69,,,183.7,20.3,212.75,INR,2026-10-01 10:07:28
HINDALCO,Hindalco Industries Limited,Basic Materials,Aluminum,207310.61,12.66,8.4,1.52,,,0.73,,,13.67,5.55,0.53,73.74,111.14,,75.2,32.1,615.28,INR,2026-10-01 10:07:31
HINDALUMI,Hind Aluminium Industries Limited,Basic Materials,Aluminum,,15.73,,0.64,,,0.09,,,10.63,32.24,,5.89,,,-51.0,405.7,144.26,INR,2026-10-01 10:07:33
HINDCOMPOS,Hindustan Composites Limited,Consumer Cyclical,Auto Parts,559.97,17.79,,0.49,,,0.15,,,7.88,8.5,0.52,21.31,,,16.4,-77.0,775.29,INR,2026-10-01 10:07:36
HINDCON,Hindcon Chemicals Limited,Basic Materials,Specialty Chemicals,170.46,41.62,,2.99,,,0.19,,,13.03,6.06,,0.8,,,81.0,43.1,11.15,INR,2026-10-01 10:07:38
HINDCOPPER,Hindustan Copper Limited,Basic Materials,Copper,44831.23,39.39,22.4,13.43,,,3.32,,,48.89,32.49,0.91,11.77,20.7,,162.5,81.4,34.53,INR,2026-10-01 10:07:40
HINDOILEXP,Hindustan Oil Exploration Company Limited,Energy,Oil & Gas E&P,2233.59,89.37,,1.61,,,3.59,,,-11.1,8.41,,1.89,,,-85.8,45.2,105.17,INR,2026-10-01 10:07:43
HINDPETRO,Hindustan Petroleum Corporation Limited,Energy,Oil & Gas Refining & Marketing,73973.75,44.29,6.11,1.13,,,0.85,,,-12.85,0.36,6.92,7.85,56.87,,,26.9,308.04,INR,2026-10-01 10:07:45
HINDUNILVR,Hindustan Unilever Limited,Consumer Defensive,Household & Personal Products,437893.31,41.32,35.04,8.98,,,3.02,,,20.72,22.64,2.34,45.1,53.18,3.69,-3.0,5.0,207.44,INR,2026-10-01 10:07:47
HINDWAREAP,Hindware Home Innovation Limited,Consumer Cyclical,"Furnishings, Fixtures & Appliances",1423.91,,11.02,1.93,,,1.29,,,3.23,-0.24,,-0.73,15.45,,,15.8,88.1,INR,2026-10-01 10:07:49
HINDZINC,Hindustan Zinc Limited,Basic Materials,Other Industrial Metals & Mining,237589.68,13.91,12.56,10.5,,,0.39,,,54.71,38.07,3.71,40.41,44.75,,144.8,71.7,53.56,INR,2026-10-01 10:07:52
HIRECT,Hirect Limited,Industrials,Electrical Equipment & Parts,3968.62,93.87,,19.02,,,1.19,,,3.29,4.0,12.0,12.3,,,-26.2,20.3,60.69,INR,2026-10-01 10:07:54
HISARMETAL,Hisar Metal Industries Limited,Basic Materials,Steel,81.43,17.12,,1.24,,,1.32,,,5.87,1.8,0.66,8.81,,,328.6,3.7,121.73,INR,2026-10-01 10:07:56
HITECH,Hi-Tech Pipes Limited,Basic Materials,Steel,1454.45,19.29,12.7,1.06,,,0.2,,,2.94,1.56,3.0,3.72,5.65,,-4.2,78.5,67.44,INR,2026-10-01 10:07:58
HLEGLAS,HLE Glascoat Limited,Industrials,Specialty Industrial Machinery,3071.98,84.09,,5.69,,,0.56,,,3.67,2.61,25.0,5.26,,,-81.2,5.9,77.8,INR,2026-10-01 10:08:01
HLVLTD,HLV Limited,Consumer Cyclical,Lodging,421.93,91.43,,0.9,,,0.07,,,-7.31,2.31,,0.07,,,,14.6,7.12,INR,2026-10-01 10:08:03
HMAAGRO,HMA Agro Industries Limited,Consumer Defensive,Packaged Foods,1185.82,5.53,,1.25,,,0.88,,,0.12,2.72,1.37,4.28,,,6197.3,86.1,18.9,INR,2026-10-01 10:08:06
HNDFDS,Hindustan Foods Limited,Industrials,Conglomerates,7058.97,42.57,27.0,6.05,,,0.93,,,6.17,3.6,,13.67,21.55,,34.8,20.7,96.18,INR,2026-10-01 10:08:08
HOMEFIRST,Home First Finance Company India Limited,Financial Services,Mortgage Finance,11443.39,19.77,13.91,2.62,,,2.44,,,66.04,51.43,47.0,55.35,78.7,,34.5,29.7,417.58,INR,2026-10-01 10:08:11
HONASA,Honasa Consumer Limited,Consumer Defensive,Household & Personal Products,13906.56,55.9,40.25,9.81,,,0.1,,,13.19,9.75,0.7,7.63,10.6,,118.4,27.0,43.46,INR,2026-10-01 10:08:13
HONAUT,Honeywell Automation India Limited,Industrials,Electrical Equipment & Parts,29390.93,53.38,40.02,6.58,,,2.48,,,13.2,11.72,33.0,622.36,830.1,,20.9,1.8,5047.43,INR,2026-10-01 10:08:15
HONDAPOWER,Honda India Power Products Limited,Industrials,Specialty Industrial Machinery,1884.79,28.64,,2.35,,,0.12,,,4.09,7.32,7.85,64.88,,,17.1,22.2,792.03,INR,2026-10-01 10:08:18
HORIZONIND,Horizon Industrial Parks Limited,Real Estate,Real Estate - Development,14469.29,,,2.17,,,1.18,,,42.1,-19.71,,-0.46,,,,55.9,23.12,INR,2026-10-01 10:08:20
HPAL,HP Adhesives Limited,Basic Materials,Specialty Chemicals,306.31,166.7,,1.62,,,2.25,,,-2.54,0.76,1.18,0.2,,,,-4.1,20.57,INR,2026-10-01 10:08:22
HPIL,Hindprakash Industries Limited,Basic Materials,Specialty Chemicals,131.25,37.55,,2.41,,,0.6,,,-10.78,3.15,,3.06,,,780.3,-11.9,47.75,INR,2026-10-01 10:08:24
HPL,HPL Electric & Power Limited,Industrials,Electrical Equipment & Parts,1727.43,18.87,14.21,1.73,,,0.75,,,8.75,4.7,37.0,14.24,18.9,,1.3,34.5,155.56,INR,2026-10-01 10:08:26
HRYNSHP,Hariyana Ship Breakers Limited,Industrials,Waste Management,59.2,14.37,,0.4,,,2.98,,,76.22,23.53,,6.68,,,546.3,8.7,238.79,INR,2026-10-01 10:08:29
HSCL,Himadri Speciality Chemical Limited,Basic Materials,Specialty Chemicals,33975.5,42.92,32.69,7.22,,,0.16,,,20.38,16.07,12.0,15.69,20.6,,26.3,28.0,93.29,INR,2026-10-01 10:08:31
HTMEDIA,HT Media Limited,Communication Services,Publishing,530.88,11.42,2.07,0.33,,,0.38,,,2.45,-0.54,,2.01,11.07,0.19,,6.1,70.47,INR,2026-10-01 10:08:34
HUBTOWN,Hubtown Limited,Real Estate,Real Estate - Development,2574.01,27.78,12.24,0.98,,,0.45,,,17.56,15.39,,6.52,14.8,,-68.6,-17.0,185.47,INR,2026-10-01 10:08:36
HUDCO,Housing and Urban Development Corporation Limited,Financial Services,Credit Services,33027.35,7.76,6.87,1.5,,,6.46,,,90.61,90.68,3.6,21.26,24.0,,35.0,9.8,109.81,INR,2026-10-01 10:08:38
HUHTAMAKI,Huhtamaki India Limited,Consumer Cyclical,Packaging & Containers,1767.67,12.96,8.61,1.31,10.58,4.81,0.11,2.2,1.52,8.11,5.22,0.84,18.06,27.2,,75.3,22.5,178.59,INR,2026-10-01 10:08:40
HYUNDAI,Hyundai Motor India Limited,Consumer Cyclical,Auto Manufacturers,166595.3,33.65,22.43,8.33,,,0.05,,,5.84,7.0,1.03,60.93,91.4,,-35.1,-0.5,246.28,INR,2026-10-01 10:08:43
IBULLSLTD,Indiabulls Limited,Real Estate,Real Estate - Development,6636.2,15.5,,2.23,,,0.15,,,44.35,36.06,,1.91,,,,1922000.0,13.27,INR,2026-10-01 10:08:45
ICEMAKE,Ice Make Refrigeration Limited,Industrials,Specialty Industrial Machinery,978.74,81.5,,7.36,,,1.19,,,0.52,1.63,35.0,7.61,,,,60.4,84.3,INR,2026-10-01 10:08:47
ICICIAMC,ICICI Prudential Asset Management Company Limited,Financial Services,Asset Management,152231.62,43.84,33.34,36.5,,,4.07,,,73.66,55.5,0.79,70.26,92.39,,23.1,18.1,84.39,INR,2026-10-01 10:08:50
ICICIBANK,ICICI Bank Limited,Financial Services,Banks - Regional,949201.19,17.1,14.07,2.49,16.07,2.11,,,,38.51,27.53,0.91,77.35,94.0,0.53,13.9,11.4,530.38,INR,2026-10-01 10:08:52
ICICIGI,ICICI Lombard General Insurance Company Limited,Financial Services,Insurance - Diversified,79388.79,32.87,23.15,4.65,14.63,2.65,,0.28,0.01,7.44,8.76,0.88,48.34,68.65,,-46.0,10.9,341.46,INR,2026-10-01 10:08:54
ICICIPRULI,ICICI Life Insurance Limited,Financial Services,Insurance - Life,64610.58,38.29,31.09,4.73,12.57,0.34,0.18,1.04,0.02,1.64,2.56,37.0,11.63,14.32,,28.3,12.5,94.06,INR,2026-10-01 10:08:57
ICIL,Indo Count Industries Limited,Consumer Cyclical,Textile Manufacturing,9070.89,59.95,19.28,3.85,,,0.57,,,8.12,3.44,33.0,7.64,23.75,,67.3,25.9,118.92,INR,2026-10-01 10:08:59
ICRA,ICRA Limited,Financial Services,Financial Data & Stock Exchanges,4124.36,21.17,16.42,3.49,,,1.55,,,27.27,30.58,1.63,202.43,260.89,,32.3,31.2,1226.87,INR,2026-10-01 10:09:01
IDBI,IDBI Bank Limited,Financial Services,Banks - Regional,87879.39,9.43,16.68,1.24,13.87,2.2,,,,54.24,48.59,2.43,8.67,4.9,0.51,5.3,8.1,65.7,INR,2026-10-01 10:09:04
IDEA,Vodafone Idea Limited,Communication Services,Telecom Services,139654.18,3.69,-8.79,-3.91,,,,,,-3.77,82.28,,3.49,-1.47,,,6.1,-3.3,INR,2026-10-01 10:09:06
IDEAFORGE,ideaForge Technology Limited,Technology,Computer Hardware,3669.64,838.75,37.47,5.33,,,0.14,,,-17.32,1.4,,0.88,19.7,,,436.7,138.42,INR,2026-10-01 10:09:08
IDFCFIRSTB,IDFC First Bank Limited,Financial Services,Banks - Regional,69672.44,31.2,11.88,1.43,5.26,0.59,,,,20.75,9.09,31.0,2.59,6.8,,153.1,29.8,56.52,INR,2026-10-01 10:09:10
IEX,Indian Energy Exchange Limited,Financial Services,Capital Markets,9514.62,18.77,17.07,7.02,,,0.82,,,83.75,66.22,3.74,5.7,6.27,,11.6,10.1,15.25,INR,2026-10-01 10:09:13
IFBAGRO,IFB Agro Industries Limited,Consumer Defensive,Beverages - Wineries & Distilleries,835.64,14.02,16.74,1.24,,,0.11,,,5.58,3.95,,63.65,53.28,,18.5,35.8,718.79,INR,2026-10-01 10:09:17
IFBIND,IFB Industries Limited,Consumer Cyclical,"Furnishings, Fixtures & Appliances",4854.56,30.23,18.72,4.88,,,0.16,,,3.53,2.73,,39.63,64.0,,64.6,18.4,245.53,INR,2026-10-01 10:09:20
IFCI,IFCI Limited,Financial Services,Credit Services,18000.71,101.23,18.98,1.97,,,0.23,,,24.12,12.7,,0.66,3.52,,-16.1,-6.3,33.83,INR,2026-10-01 10:09:22
IFGLEXPOR,IFGL Refractories Limited,Basic Materials,Building Materials,1392.99,33.96,11.78,1.19,,,0.18,,,4.56,2.1,1.12,5.69,16.4,,57.8,12.9,163.0,INR,2026-10-01 10:09:24
IGARASHI,Igarashi Motors India Limited,Consumer Cyclical,Auto Parts,1254.28,76.2,,2.69,,,0.31,,,3.51,1.8,32.0,5.23,,,169.6,22.5,148.25,INR,2026-10-01 10:09:26
IGCL,Indogulf Cropsciences Limited,Basic Materials,Agricultural Inputs,346.4,8.98,,0.6,,,0.4,,,4.52,5.58,,6.1,,,-37.6,-11.0,90.98,INR,2026-10-01 10:09:29
IGIL,International Gemological Institute Limited,Basic Materials,Other Precious Metals & Mining,13584.94,25.85,17.75,9.13,,,0.1,,,56.6,44.74,1.61,12.16,17.71,,31.0,23.2,34.43,INR,2026-10-01 10:09:31
IGL,Indraprastha Gas Limited,Utilities,Utilities - Regulated Gas,19770.82,15.47,10.31,1.72,,,0.85,,,3.41,8.08,2.06,9.13,13.7,,-44.0,17.2,82.24,INR,2026-10-01 10:09:33
IGPL,I G Petrochemicals Limited,Basic Materials,Chemicals,1786.41,21.87,15.23,1.34,,,0.27,,,15.3,3.94,0.86,26.53,38.1,,,31.4,432.83,INR,2026-10-01 10:09:35
IIFL,IIFL Finance Limited,Financial Services,Credit Services,25072.95,12.0,7.78,1.8,,,4.47,,,42.17,24.17,0.67,49.11,75.77,,189.3,31.8,327.31,INR,2026-10-01 10:09:38
IIFLCAPS,IIFL Capital Services Limited,Financial Services,Capital Markets,10874.91,19.93,,3.5,,,0.59,,,36.18,24.52,0.87,17.3,,,5.0,3.3,98.6,INR,2026-10-01 10:09:40
IITL,Industrial Investment Trust Limited,Financial Services,Credit Services,277.8,,,0.7,,,0.53,,,89.97,0.0,,-3.28,,,49.0,72.9,191.01,INR,2026-10-01 10:09:42
IKIO,IKIO Technologies Limited,Technology,Electronic Components,1502.49,32.62,,2.5,,,0.11,,,8.58,7.22,,5.96,,,409.9,40.9,77.91,INR,2026-10-01 10:09:45
IKS,Inventurus Knowledge Solutions Limited,Healthcare,Health Information Services,29315.62,39.13,24.47,10.44,,,0.27,,,29.17,22.82,,44.66,71.41,,27.8,20.7,167.36,INR,2026-10-01 10:09:47
IMAGICAA,Imagicaaworld Entertainment Limited,Communication Services,Entertainment,2990.33,202.96,29.85,1.61,,,0.27,,,36.75,3.45,,0.25,1.7,,29.9,19.9,31.6,INR,2026-10-01 10:09:49
IMFA,Indian Metals and Ferro Alloys Limited,Basic Materials,Other Industrial Metals & Mining,6361.19,12.13,9.07,2.34,,,0.35,,,26.85,16.67,1.05,97.18,130.0,,108.4,49.7,503.67,INR,2026-10-01 10:09:52
IMPAL,India Motor Parts & Accessories Limited,Consumer Cyclical,Auto Parts,1299.17,13.28,30.31,0.56,,,,,,7.58,11.19,3.17,78.4,34.35,,6.3,19.1,1849.49,INR,2026-10-01 10:09:54
INA,Insolation Energy Limited,Technology,Solar,1938.84,9.66,,2.41,,,1.1,,,7.46,7.7,,9.1,,,-13.8,104.7,36.51,INR,2026-10-01 10:09:56
INCREDIBLE,Incredible Industries Limited,Basic Materials,Steel,154.23,13.04,,0.93,,,0.22,,,2.71,1.41,,2.53,,,6.7,-3.1,35.45,INR,2026-10-01 10:09:58
INDBANK,Indbank Merchant Banking Services Limited,Financial Services,Capital Markets,113.08,15.54,,1.16,,,,,,44.73,29.2,,1.64,,,11.1,4.2,21.97,INR,2026-10-01 10:10:01
INDGN,Indegene Limited,Healthcare,Health Information Services,14483.4,35.38,22.07,4.62,,,0.05,,,12.24,10.52,38.0,17.0,27.26,,-0.2,39.7,130.29,INR,2026-10-01 10:10:03
INDHOTEL,The Indian Hotels Company Limited,Consumer Cyclical,Lodging,105602.21,48.41,39.07,7.96,,,0.19,,,24.4,20.87,45.0,15.08,18.68,,20.8,15.1,91.7,INR,2026-10-01 10:10:06
INDIACEM,The India Cements Limited,Basic Materials,Building Materials,13877.95,99.85,17.77,0.91,,,0.13,,,8.22,2.07,,2.99,16.8,,,-0.5,326.7,INR,2026-10-01 10:10:08
INDIAMART,IndiaMART InterMESH Limited,Consumer Cyclical,Internet Retail,96829.75,19.88,15.48,4.36,23.15,7.25,0.97,2.0,1.98,33.81,30.62,1.84,80.97,104.04,,12.2,11.4,369.11,INR,2026-10-01 10:10:10
INDIANB,Indian Bank,Financial Services,Banks - Regional,108565.29,8.6,7.35,1.29,16.17,1.34,,,,48.04,36.41,2.26,93.68,109.72,,47.5,10.3,622.91,INR,2026-10-01 10:10:13
INDIANCARD,The Indian Card Clothing Company Limited,Consumer Cyclical,Textile Manufacturing,108.75,18.14,,0.32,,,0.93,,,-41.6,14.21,,10.09,,,98.9,1.3,577.29,INR,2026-10-01 10:10:15
INDIANHUME,The Indian Hume Pipe Company Limited,Industrials,Engineering & Construction,1832.8,12.84,14.93,1.23,,,0.28,,,8.29,10.97,0.57,27.1,23.3,,7.5,-1.5,281.76,INR,2026-10-01 10:10:17
INDIASHLTR,India Shelter Finance Corporation Limited,Financial Services,Mortgage Finance,6992.97,13.53,9.21,2.18,,,1.95,,,62.15,47.97,1.56,47.34,69.5,,19.7,21.8,294.06,INR,2026-10-01 10:10:20
INDIGO,InterGlobe Aviation Limited,Industrials,Airlines,192772.62,,21.43,27.64,,,11.13,,,1.54,-5.4,19.0,-124.24,232.6,,,19.9,180.36,INR,2026-10-01 10:10:22
INDIGOPNTS,Indigo Paints Limited,Basic Materials,Specialty Chemicals,5155.6,32.09,24.84,4.46,,,1.83,,,12.56,10.98,46.0,33.66,43.48,,61.0,19.7,242.13,INR,2026-10-01 10:10:24
INDIQUBE,IndiQube Spaces Limited,Real Estate,Real Estate Services,4124.63,,83.86,8.01,,,10.12,,,16.7,-5.97,,-4.67,2.32,,,36.7,24.28,INR,2026-10-01 10:10:27
INDNIPPON,India Nippon Electricals Limited,Consumer Cyclical,Auto Parts,2852.56,24.84,51.49,3.47,,,0.23,,,8.81,10.01,1.25,50.77,24.49,,16.5,35.5,363.08,INR,2026-10-01 10:10:29
INDOBORAX,Indo Borax & Chemicals Limited,Basic Materials,Chemicals,1539.2,27.3,,3.98,13.93,7.44,0.37,20.85,14.24,26.24,23.33,2.08,17.57,,,41.9,25.2,120.47,INR,2026-10-01 10:10:32
INDOCO,Indoco Remedies Limited,Healthcare,Drug Manufacturers - Specialty & Generic,2356.88,360.14,21.05,2.29,,,1.17,,,1.39,0.3,8.0,0.71,12.15,,,6.8,111.55,INR,2026-10-01 10:10:34
INDOFARM,Indo Farm Equipment Limited,Industrials,Farm & Heavy Construction Machinery,639.09,25.63,,1.15,,,0.27,,,9.83,5.49,,5.19,,,4.1,14.5,115.53,INR,2026-10-01 10:10:37
INDOKEM,Indokem Limited,Basic Materials,Specialty Chemicals,1676.08,751.25,,25.09,,,0.42,,,3.45,1.28,,0.8,,,52.9,12.2,23.95,INR,2026-10-01 10:10:39
INDOMIM,INDO-MIM Limited,Industrials,Metal Fabrication,60944.77,101.19,54.7,21.16,,,0.49,,,28.61,13.76,,12.18,22.53,,31.6,9.4,58.24,INR,2026-10-01 10:10:42
INDORAMA,Indo Rama Synthetics (India) Limited,Consumer Cyclical,Textile Manufacturing,2605.91,16.18,,5.01,,,2.2,,,9.87,3.55,,6.17,,,20.8,-28.3,19.91,INR,2026-10-01 10:10:44
INDOSTAR,IndoStar Capital Finance Limited,Financial Services,Credit Services,3412.05,,11.69,0.9,,,1.45,,,6.25,0.0,,-29.54,18.05,,-97.9,,234.13,INR,2026-10-01 10:10:46
INDOTECH,Indo Tech Transformers Limited,Industrials,Electrical Equipment & Parts,3549.1,35.8,,9.49,,,1.39,,,13.19,11.74,31.0,93.36,,,34.1,39.0,351.99,INR,2026-10-01 10:10:49
INDOTHAI,Indo Thai Securities Limited,Financial Services,Capital Markets,452.61,6.49,,1.59,,,0.08,,,74.95,63.75,0.6,5.42,,,28.6,43.1,22.12,INR,2026-10-01 10:10:52
INDOUS,Indo Us Bio-Tech Limited,Basic Materials,Agricultural Inputs,158.01,13.82,,1.71,,,0.4,,,11.57,10.17,,5.7,,,-35.4,7.2,45.99,INR,2026-10-01 10:10:54
INDOWIND,Indowind Energy Limited,Utilities,Utilities - Renewable,141.52,,,0.46,,,3.09,,,24.67,-0.8,,-0.07,,,-13.1,-27.0,18.96,INR,2026-10-01 10:10:57
INDPRUD,Industrial And Prudential Investment Company Limited,Financial Services,Asset Management,,17.34,,1.24,,,,,,88.08,953.45,1.89,363.68,,,-20.6,-6.7,5071.54,INR,2026-10-01 10:10:59
INDRAMEDCO,Indraprastha Medical Corporation Limited,Healthcare,Medical Care Facilities,3112.76,16.28,13.92,4.2,,,4.98,,,16.75,12.34,1.15,20.86,24.4,,8.5,11.3,80.78,INR,2026-10-01 10:11:02
INDSWFTLAB,Ind-Swift Laboratories Limited,Healthcare,Drug Manufacturers - Specialty & Generic,3500.64,60.17,,2.43,,,1.48,,,13.5,8.5,,6.69,,,181.3,25.4,165.77,INR,2026-10-01 10:11:04
INDTERRAIN,Indian Terrain Fashions Limited,Consumer Cyclical,Apparel Retail,148.71,366.88,2.68,0.8,,,0.55,,,3.87,0.11,,0.08,10.95,,,18.8,36.78,INR,2026-10-01 10:11:07
INDUSINDBK,IndusInd Bank Limited,Financial Services,Banks - Regional,69573.73,52.62,11.32,1.06,,,,,,27.31,7.65,17.0,16.97,78.89,0.72,71.7,1.0,844.19,INR,2026-10-01 10:11:10
INDUSTOWER,Indus Towers Limited,Communication Services,Telecom Services,100029.08,13.98,12.41,2.42,18.91,9.73,0.52,1.84,1.32,31.21,21.78,3.75,27.13,30.56,,0.7,4.6,156.92,INR,2026-10-01 10:11:12
INFOBEAN,InfoBeans Technologies Limited,Technology,Software - Application,1406.01,16.53,,3.4,,,3.55,,,16.72,15.32,35.0,8.77,,,-7.3,36.6,42.65,INR,2026-10-01 10:11:14
INFOMEDIA,Infomedia Press Limited,Financial Services,Shell Companies,26.1,,,-0.41,,,,,,66.67,0.0,,-0.4,,,,,-12.8,INR,2026-10-01 10:11:17
INFY,Infosys Limited,Technology,Information Technology Services,412284.49,13.09,12.72,4.47,32.0,15.3,0.1,1.86,1.59,21.17,16.37,5.03,77.74,80.01,1.8,1.2,2.9,227.86,INR,2026-10-01 10:11:19
INGERRAND,Ingersoll-Rand (India) Limited,Industrials,Specialty Industrial Machinery,13059.37,48.34,34.56,21.21,,,1.47,,,25.12,18.37,1.81,85.58,119.7,,19.5,20.3,195.04,INR,2026-10-01 10:11:21
INNOVACAP,Innova Captab Limited,Healthcare,Drug Manufacturers - Specialty & Generic,6802.33,44.11,26.21,6.24,,,0.32,,,13.04,8.8,31.0,26.95,45.35,,42.3,33.9,190.62,INR,2026-10-01 10:11:24
INNOVANA,Innovana Thinklabs Limited,Technology,Software - Application,599.66,20.66,,3.56,,,0.21,,,12.01,22.14,,14.05,,,-56.6,21.4,81.45,INR,2026-10-01 10:11:27
INNOVISION,Innovision Limited,Industrials,Staffing & Employment Services,606.05,15.15,,4.7,,,0.43,,,-4.01,1.7,,16.8,,,,18.3,54.14,INR,2026-10-01 10:11:29
INOXGREEN,Inox Green Energy Services Limited,Utilities,Utilities - Renewable,6777.84,51.12,,3.7,,,0.05,,,-3.14,44.54,,3.16,,,84.9,-23.0,43.62,INR,2026-10-01 10:11:31
INOXINDIA,INOX India Limited,Industrials,Specialty Industrial Machinery,18845.5,74.16,45.19,16.83,,,0.07,,,17.9,15.75,10.0,27.95,45.87,,-5.0,9.2,123.13,INR,2026-10-01 10:11:34
INOXWIND,Inox Wind Limited,Industrials,Specialty Industrial Machinery,12083.84,34.27,14.57,1.64,,,0.21,,,11.53,7.83,,2.04,4.8,,-58.4,-1.5,42.66,INR,2026-10-01 10:11:36
INSECTICID,Insecticides (India) Limited,Basic Materials,Agricultural Inputs,1680.55,13.42,8.56,1.38,,,0.13,,,9.47,6.05,0.68,43.05,67.51,,-24.5,-11.5,419.42,INR,2026-10-01 10:11:39
INSPIRISYS,Inspirisys Solutions Limited,Technology,Information Technology Services,348.23,9.43,,3.47,,,0.82,,,4.68,7.81,,9.32,,,-33.7,26.4,25.3,INR,2026-10-01 10:11:41
INTELLECT,Intellect Design Arena Limited,Technology,Software - Application,8607.04,24.82,14.55,2.7,,,4.96,,,12.85,11.09,0.65,24.85,42.4,,8.0,20.4,228.5,INR,2026-10-01 10:11:44
INTENTECH,Intense Technologies Limited,Technology,Software - Infrastructure,194.68,,,1.55,,,0.12,,,-1.05,-12.83,1.23,-6.87,,,-30.4,-1.3,53.62,INR,2026-10-01 10:11:46
INTERARCH,Interarch Building Solutions Limited,Industrials,Engineering & Construction,2821.56,21.03,15.61,3.19,,,1.99,,,7.7,6.8,0.74,79.78,107.5,,-0.5,20.7,525.27,INR,2026-10-01 10:11:49
INTLCONV,International Conveyors Limited,Industrials,Specialty Industrial Machinery,509.99,3.76,,1.2,,,0.17,,,18.88,63.91,0.63,21.25,,,130.1,-0.4,66.53,INR,2026-10-01 10:11:52
INVENTURE,Inventure Growth & Securities Limited,Financial Services,Capital Markets,91.35,29.0,,0.33,,,0.13,,,46.65,7.83,,0.03,,,-13.1,-9.8,2.63,INR,2026-10-01 10:11:54
IOB,Indian Overseas Bank,Financial Services,Banks - Regional,59136.99,10.31,34.12,1.52,16.53,1.33,,,,37.08,36.56,,2.98,0.9,,45.6,48.1,20.2,INR,2026-10-01 10:11:56
IOC,Indian Oil Corporation Limited,Energy,Oil & Gas Refining & Marketing,187897.19,5.44,7.07,0.83,,,0.58,,,-0.13,3.92,6.11,24.44,18.83,,,38.5,159.42,INR,2026-10-01 10:11:59
IOLCP,IOL Chemicals and Pharmaceuticals Limited,Healthcare,Drug Manufacturers - Specialty & Generic,6110.95,36.4,20.02,3.4,,,0.08,,,10.86,6.66,48.0,5.72,10.4,,89.8,37.1,61.27,INR,2026-10-01 10:12:02
IONEXCHANG,Ion Exchange (India) Limited,Industrials,Pollution & Treatment Controls,5008.19,49.38,22.63,3.61,,,0.36,,,1.43,3.23,30.0,8.25,18.0,,-91.6,20.1,112.94,INR,2026-10-01 10:12:04
IPCALAB,Ipca Laboratories Limited,Healthcare,Drug Manufacturers - Specialty & Generic,49091.77,37.54,27.52,6.09,,,0.08,,,20.04,12.93,31.0,51.55,70.31,,72.3,20.8,317.84,INR,2026-10-01 10:12:07
IPL,India Pesticides Limited,Basic Materials,Agricultural Inputs,1512.56,14.06,11.13,1.5,,,0.11,,,11.76,10.41,0.57,9.34,11.8,,-34.9,-8.5,87.68,INR,2026-10-01 10:12:09
IPRINGLTD,IP Rings Limited,Consumer Cyclical,Auto Parts,183.8,59.18,,1.78,,,1.19,,,4.68,0.88,,2.45,,,821.9,17.8,81.33,INR,2026-10-01 10:12:12
IRB,IRB Infrastructure Developers Limited,Industrials,Infrastructure Operations,20737.93,22.01,12.13,0.97,,,0.96,,,22.49,15.48,1.14,0.78,1.42,,51.3,-8.9,17.68,INR,2026-10-01 10:12:14
IRCON,Ircon International Limited,Industrials,Engineering & Construction,10525.31,17.03,14.53,1.58,,,0.86,,,8.19,5.67,1.62,6.57,7.7,,-43.6,9.5,70.68,INR,2026-10-01 10:12:17
IRCTC,Indian Railway Catering & Tourism Corporation Limited,Consumer Cyclical,Travel Services,36036.0,25.83,20.11,8.36,,,1.87,,,27.33,25.68,1.98,17.44,22.4,,-0.2,18.1,53.86,INR,2026-10-01 10:12:19
IREDA,Indian Renewable Energy Development Agency Limited,Financial Services,Credit Services,31294.84,15.87,11.31,2.27,,,5.66,,,85.36,69.25,1.34,7.02,9.85,,37.1,23.7,49.07,INR,2026-10-01 10:12:22
IRFC,Indian Railway Finance Corporation Limited,Financial Services,Credit Services,102509.37,14.29,10.75,1.8,,,7.73,,,97.76,97.27,3.66,5.49,7.3,,10.4,10.3,43.46,INR,2026-10-01 10:12:24
IRIS,IRIS RegTech Solutions Limited,Technology,Software - Application,462.79,4.21,,2.31,,,0.83,,,-9.46,92.13,,53.48,,,,9.7,97.59,INR,2026-10-01 10:12:27
IRISDOREME,Iris Clothings Limited,Consumer Cyclical,Apparel Manufacturing,1179.48,65.93,,8.27,,,0.24,,,13.15,8.76,,0.94,,,52.6,26.3,7.49,INR,2026-10-01 10:12:30
IRMENERGY,IRM Energy Limited,Utilities,Utilities - Regulated Gas,1072.48,14.67,10.7,1.07,,,0.07,,,13.92,6.47,0.56,17.8,24.4,,142.9,24.1,243.13,INR,2026-10-01 10:12:32
ISFT,IntraSoft Technologies Limited,Consumer Cyclical,Internet Retail,155.21,11.3,7.39,0.58,,,0.06,,,3.39,2.52,,8.42,12.87,,10.9,8.3,163.21,INR,2026-10-01 10:12:34
ISGEC,Isgec Heavy Engineering Limited,Industrials,Specialty Industrial Machinery,6506.26,58.79,,2.38,,,0.33,,,2.97,1.5,0.68,15.05,,,-82.9,47.7,372.2,INR,2026-10-01 10:12:37
ISHANCH,Ishan Dyes and Chemicals Limited,Basic Materials,Chemicals,131.17,,,0.88,,,0.64,,,3.17,-7.36,,-3.05,,,-49.0,154.7,54.34,INR,2026-10-01 10:12:39
ISTLTD,IST Limited,Consumer Cyclical,Auto Parts,744.4,4.53,,0.44,,,0.26,,,41.16,124.76,,140.84,,,14.9,18.7,1451.38,INR,2026-10-01 10:12:42
ITC,ITC Limited,Consumer Defensive,Tobacco,326044.06,16.43,15.52,4.5,,,3.29,,,24.87,25.94,6.09,15.84,16.76,1.78,-16.2,-11.1,57.87,INR,2026-10-01 10:12:45
ITCHOTELS,ITC Hotels Limited,Consumer Cyclical,Resorts & Casinos,33606.08,38.87,27.52,2.88,,,0.63,,,20.09,20.28,0.61,4.15,5.86,,35.4,14.8,55.97,INR,2026-10-01 10:12:47
ITDC,India Tourism Development Corporation Limited,Consumer Cyclical,Lodging,5806.59,70.59,,13.74,,,0.15,,,7.47,15.38,45.0,9.59,,,-3.7,2.7,49.29,INR,2026-10-01 10:12:49
ITI,ITI Limited,Technology,Communication Equipment,23530.18,73.39,,12.34,,,0.4,,,-2.52,15.36,,3.33,,,,-14.7,19.8,INR,2026-10-01 10:12:52
ITL,ITL Industries Limited,Industrials,Specialty Industrial Machinery,,13.0,,,,,0.25,,,7.3,4.14,35.0,27.6,,,31.2,26.0,,INR,2026-10-01 10:12:55
IVALUE,iValue Infosolutions Limited,Technology,Information Technology Services,1252.57,12.11,7.75,2.21,,,0.12,,,8.77,10.29,,18.93,29.6,,52.3,-21.1,103.95,INR,2026-10-01 10:12:57
IVC,IL&FS Investment Managers Limited,Financial Services,Financial Conglomerates,250.91,53.27,,1.33,,,,,,3.84,7.37,15.38,0.15,,,120.4,14.1,6.02,INR,2026-10-01 10:13:00
IWP,The Indian Wood Products Company Limited,Basic Materials,Lumber & Wood Production,237.98,40.43,,0.64,,,0.19,,,4.42,2.44,,0.92,,,118.2,26.8,58.22,INR,2026-10-01 10:13:02
IXIGO,Le Travenues Technology Limited,Consumer Cyclical,Travel Services,7151.97,83.16,39.66,3.52,,,2.15,,,5.51,6.74,,1.95,4.09,,70.3,13.4,46.1,INR,2026-10-01 10:13:04
IZMO,IZMO Limited,Technology,Software - Application,1305.09,23.81,,3.19,,,4.05,,,18.86,18.3,,36.59,,1.06,103.1,15.7,273.32,INR,2026-10-01 10:13:07
J&KBANK,Jammu and Kashmir Bank Limited,Financial Services,Banks - Regional,15318.55,6.65,5.52,0.9,14.61,1.25,,,,38.03,34.22,1.43,20.91,25.2,,-11.5,-4.3,154.25,INR,2026-10-01 10:13:09
JAGRAN,Jagran Prakashan Limited,Communication Services,Publishing,1339.44,7.11,6.09,0.66,,,0.05,,,10.53,9.85,11.24,8.66,10.1,,-12.5,8.5,92.58,INR,2026-10-01 10:13:12
JAGSNPHARM,Jagsonpal Pharmaceuticals Limited,Healthcare,Drug Manufacturers - Specialty & Generic,1548.22,34.98,,5.96,,,2.96,,,18.36,15.48,1.05,6.71,,,22.2,8.8,39.4,INR,2026-10-01 10:13:14
JAIBALAJI,Jai Balaji Industries Limited,Basic Materials,Steel,5686.06,39.45,,2.57,,,0.18,,,7.12,2.37,,1.58,,,20.8,24.0,24.3,INR,2026-10-01 10:13:17
JAICORPLTD,Jai Corp Limited,Basic Materials,Specialty Chemicals,1575.86,9.3,,1.05,,,0.03,,,21.75,15.36,0.55,9.66,,,-72.9,-25.5,85.58,INR,2026-10-01 10:13:19
JAINREC,Jain Resource Recycling Limited,Basic Materials,Other Industrial Metals & Mining,9952.27,27.03,18.65,6.52,,,0.82,,,3.86,3.13,,10.67,15.46,,19.7,75.9,44.25,INR,2026-10-01 10:13:22
JAIPURKURT,Nandani Creation Limited,Consumer Cyclical,Apparel Manufacturing,50.3,25.34,,0.77,,,0.58,,,5.86,1.62,,1.04,,,-6.3,24.8,34.29,INR,2026-10-01 10:13:24
JAMNAAUTO,Jamna Auto Industries Limited,Consumer Cyclical,Auto Parts,5335.8,22.84,17.32,4.63,,,0.13,,,10.95,8.82,1.83,5.84,7.7,,6.1,6.7,28.79,INR,2026-10-01 10:13:26
JARO,Jaro Institute of Technology Management and Research Limited,Consumer Defensive,Education & Training Services,934.8,15.8,,2.54,,,2.16,,,18.48,19.92,1.43,26.56,,,48.3,16.6,165.49,INR,2026-10-01 10:13:29
JASH,Jash Engineering Limited,Industrials,Specialty Industrial Machinery,3685.3,42.58,26.81,7.1,,,0.2,,,1.66,11.36,27.0,13.76,21.85,,,17.5,82.49,INR,2026-10-01 10:13:31
JAYAGROGN,Jayant Agro-Organics Limited,Basic Materials,Specialty Chemicals,665.04,12.25,11.47,1.09,,,0.2,,,4.16,2.15,1.55,18.1,19.32,,24.2,18.5,203.2,INR,2026-10-01 10:13:34
JAYBARMARU,Jay Bharat Maruti Limited,Consumer Cyclical,Auto Parts,1381.27,10.29,,1.98,,,0.76,,,6.18,5.27,0.55,12.4,,,-6.2,12.6,64.31,INR,2026-10-01 10:13:37
JAYKAY,Jaykay Enterprises Limited,Industrials,Specialty Business Services,3111.61,14.33,,2.57,,,0.06,,,10.05,77.66,,14.39,,,-78.2,-0.8,80.12,INR,2026-10-01 10:13:39
JAYNECOIND,Jayaswal Neco Industries Limited,Basic Materials,Steel,8961.34,15.88,,3.15,,,0.75,,,15.13,7.43,,5.81,,,108.5,27.7,29.26,INR,2026-10-01 10:13:42
JAYSREETEA,Jay Shree Tea & Industries Limited,Consumer Defensive,Farm Products,248.35,,,0.63,,,1.06,,,-0.07,-2.33,0.57,-7.63,,,,8.6,137.18,INR,2026-10-01 10:13:44
JBMA,JBM Auto Limited,Consumer Cyclical,Auto Parts,12898.4,57.65,27.52,11.3,,,1.9,,,8.27,3.57,15.0,9.46,19.82,,14.7,15.0,48.28,INR,2026-10-01 10:13:46
JENBURPH,Jenburkt Pharmaceuticals Limited,Healthcare,Drug Manufacturers - Specialty & Generic,,12.38,,2.08,,,1.26,,,15.17,19.46,2.26,75.12,,,-24.5,-0.0,446.47,INR,2026-10-01 10:13:49
JETFREIGHT,Jet Freight Logistics Limited,Industrials,Integrated Freight & Logistics,105.56,12.72,,1.36,,,1.05,,,3.37,1.5,,1.63,,,42.4,49.5,15.26,INR,2026-10-01 10:13:52
JGCHEM,J.G. Chemicals Limited,Basic Materials,Other Industrial Metals & Mining,2417.0,31.53,,4.61,,,1.19,,,10.25,7.02,17.0,19.56,,,59.0,44.8,133.76,INR,2026-10-01 10:13:54
JHS,JHS Svendgaard Laboratories Limited,Consumer Defensive,Household & Personal Products,114.06,,8.64,0.65,,,0.09,,,1.14,-1.7,,-0.18,1.51,,3.3,24.6,19.98,INR,2026-10-01 10:13:57
JINDALPHOT,Jindal Photo Limited,Financial Services,Asset Management,1071.45,,,1.04,,,0.06,,,97.99,0.0,,-60.52,,,-75.0,1375.9,996.01,INR,2026-10-01 10:13:59
JINDALPOLY,Jindal Poly Films Limited,Consumer Cyclical,Packaging & Containers,2919.46,,,0.96,-29.93,-4.0,1.32,3.17,2.61,-36.51,-36.53,0.82,-231.29,,,,-52.5,696.73,INR,2026-10-01 10:14:02
JINDALSAW,Jindal Saw Limited,Basic Materials,Steel,17234.9,26.45,11.6,1.37,,,0.38,,,5.23,3.58,0.72,10.22,23.3,,-75.4,9.0,197.33,INR,2026-10-01 10:14:04
JINDALSTEL,Jindal Steel Limited,Basic Materials,Steel,113388.88,41.78,12.66,2.23,,,0.44,,,11.2,4.82,18.0,26.67,88.03,,-43.5,25.9,500.34,INR,2026-10-01 10:14:07
JINDRILL,Jindal Drilling & Industries Limited,Energy,Oil & Gas Equipment & Services,1714.67,8.96,,0.94,,,0.05,,,24.89,18.83,17.0,66.05,,,-28.7,8.4,628.14,INR,2026-10-01 10:14:09
JINDWORLD,Jindal Worldwide Limited,Consumer Cyclical,Textile Manufacturing,4625.0,54.27,,5.39,,,0.65,,,7.98,3.68,,0.85,,,85.8,2.7,8.56,INR,2026-10-01 10:14:12
JIOFIN,Jio Financial Services Limited,Financial Services,Asset Management,141247.8,66.64,47.96,1.01,,,0.16,,,63.31,55.01,28.0,3.21,4.46,,155.7,208.2,211.44,INR,2026-10-01 10:14:14
JISLDVREQS,Jain Irrigation Systems Limited,Industrials,Conglomerates,1368.73,,,0.23,,,0.72,,,6.0,-0.84,,-0.74,,,,-2.4,79.71,INR,2026-10-01 10:14:17
JISLJALEQS,Jain Irrigation Systems Limited,Industrials,Conglomerates,2030.36,,,0.35,,,0.72,,,6.0,-0.84,,-0.74,,,,-2.4,79.71,INR,2026-10-01 10:14:20
JITFINFRA,JITF Infralogistics Limited,Industrials,Engineering & Construction,709.29,,,-1.38,,,,,,17.39,-1.45,,-16.52,,,,20.7,-199.69,INR,2026-10-01 10:14:22
JKCEMENT,J.K. Cement Limited,Basic Materials,Building Materials,38429.36,40.66,25.54,5.46,,,0.88,,,11.93,6.56,39.0,122.33,194.77,0.94,-17.3,28.0,910.76,INR,2026-10-01 10:14:24
JKIL,J. Kumar Infraprojects Limited,Industrials,Engineering & Construction,3427.65,9.0,6.55,1.01,,,0.18,,,10.78,6.62,0.86,50.36,69.17,,-5.6,1.8,447.92,INR,2026-10-01 10:14:27
JKIPL,Jinkushal Industries Limited,Industrials,Industrial Distribution,369.7,43.19,,1.9,,,0.5,,,-1.8,2.34,,2.23,,,-62.6,15.9,50.56,INR,2026-10-01 10:14:29
JKLAKSHMI,JK Lakshmi Cement Limited,Basic Materials,Building Materials,6001.14,16.22,9.59,1.54,,,0.67,,,9.23,5.34,1.33,29.8,50.4,,-28.1,9.4,312.99,INR,2026-10-01 10:14:32
JKPAPER,JK Paper Limited,Basic Materials,Paper & Paper Products,7006.16,22.11,6.28,1.27,,,0.45,,,10.12,4.34,1.02,17.48,61.5,0.3,60.2,12.7,304.3,INR,2026-10-01 10:14:34
JKTYRE,JK Tyre & Industries Limited,Consumer Cyclical,Auto Parts,9842.2,14.82,9.97,1.62,,,0.81,,,3.36,4.0,1.15,23.04,34.24,,-73.4,2.0,210.23,INR,2026-10-01 10:14:37
JLHL,Jupiter Life Line Hospitals Limited,Healthcare,Medical Care Facilities,8384.25,44.79,31.25,5.43,,,0.38,,,12.85,12.04,8.0,5.71,8.18,,-14.5,18.2,47.1,INR,2026-10-01 10:14:39
JMA,Jullundur Motor Agency (Delhi) Limited,Consumer Cyclical,Auto Parts,201.0,6.27,,0.73,,,,,,5.32,4.98,2.24,14.03,,,42.1,15.4,120.26,INR,2026-10-01 10:14:41
JMFINANCIL,JM Financial Limited,Financial Services,Capital Markets,12127.17,11.97,8.45,1.14,,,1.02,,,47.23,30.87,1.36,10.59,15.0,,-35.7,-10.3,111.44,INR,2026-10-01 10:14:44
JNKINDIA,JNK India Limited,Industrials,Specialty Industrial Machinery,2395.39,31.83,23.52,4.22,,,0.16,,,7.24,8.37,7.0,13.45,18.2,,917.5,81.5,101.53,INR,2026-10-01 10:14:46
JNPR,Juniper Green Energy Limited,Utilities,Utilities - Renewable,15502.36,292.96,21.34,3.89,,,4.02,,,64.2,6.15,,0.93,12.76,,54.2,81.2,70.02,INR,2026-10-01 10:14:49
JOCIL,Jocil Limited,Basic Materials,Specialty Chemicals,131.44,15.91,,0.62,,,,,,0.92,0.8,2.38,9.3,,,-2.0,-6.3,239.92,INR,2026-10-01 10:14:52
JPOLYINVST,Jindal Poly Investment and Finance Company Limited,Financial Services,Asset Management,980.18,1.21,,0.61,,,1.46,,,98.87,77.98,,769.31,,,-77.9,5.7,1526.89,INR,2026-10-01 10:14:54
JPPOWER,Jaiprakash Power Ventures Limited,Utilities,Utilities - Independent Power Producers,10335.02,21.54,-8.87,1.16,,,0.27,,,36.14,11.14,,0.7,-1.7,,68.6,12.2,13.03,INR,2026-10-01 10:14:56
JSFB,Jana Small Finance Bank Limited,Financial Services,Banks - Regional,5145.6,13.52,7.15,1.15,,,,,,18.67,12.91,,35.96,68.0,,52.3,25.1,424.58,INR,2026-10-01 10:15:01
JSL,Jindal Stainless Limited,Basic Materials,Steel,60898.13,18.76,14.24,13.53,,,0.38,,,9.1,7.38,0.54,39.39,51.91,,7.7,10.5,54.63,INR,2026-10-01 10:15:03
JSLL,Jeena Sikho Lifecare Limited,Healthcare,Medical Care Facilities,6026.1,25.11,13.54,12.9,,,0.27,,,34.17,27.78,0.9,19.31,35.8,,28.6,28.8,37.57,INR,2026-10-01 10:15:06
JSWCEMENT,JSW Cement Limited,Basic Materials,Building Materials,15152.22,19.93,19.73,2.3,,,0.68,,,10.6,10.87,44.0,5.63,5.69,,,19.9,48.84,INR,2026-10-01 10:15:08
JSWDULUX,JSW Dulux Limited,Basic Materials,Specialty Chemicals,13754.54,7.01,30.46,5.61,,,3.23,,,9.81,53.73,1.65,430.88,99.15,0.11,-12.4,-3.0,538.34,INR,2026-10-01 10:15:11
JSWENERGY,JSW Energy Limited,Utilities,Utilities - Independent Power Producers,89914.55,37.95,29.04,2.8,,,2.29,,,38.09,10.37,40.0,12.93,16.9,,-36.6,1.2,175.1,INR,2026-10-01 10:15:13
JSWHL,JSW Holdings Limited,Financial Services,Asset Management,12527.92,90.81,,0.38,,,,,,83.65,74.62,,124.3,,,-27.4,15.5,29744.25,INR,2026-10-01 10:15:15
JSWINFRA,JSW Infrastructure Limited,Industrials,Marine Shipping,80926.48,49.23,31.21,6.7,,,0.59,,,35.16,26.58,25.0,7.1,11.2,,-9.9,18.1,52.17,INR,2026-10-01 10:15:17
JSWSTEEL,JSW Steel Limited,Basic Materials,Steel,303975.03,12.3,17.09,3.04,,,0.95,,,15.3,13.06,0.57,101.28,72.86,,113.0,9.8,409.91,INR,2026-10-01 10:15:20
JTEKTINDIA,JTEKT India Limited,Consumer Cyclical,Auto Parts,3232.23,44.14,26.18,2.73,,,0.29,,,1.38,2.57,0.65,2.64,4.45,,-42.5,26.8,42.75,INR,2026-10-01 10:15:22
JTLIND,JTL Industries Limited,Basic Materials,Steel,3419.81,27.88,15.26,2.1,,,0.16,,,6.79,4.96,14.0,3.12,5.7,,99.4,32.7,41.47,INR,2026-10-01 10:15:24
JUBLCPL,Jubilant Agri and Consumer Products Limited,Basic Materials,Specialty Chemicals,3109.44,24.29,,6.76,,,0.11,,,12.05,6.58,,84.48,,,4.5,18.4,303.52,INR,2026-10-01 10:15:27
JUBLFOOD,Jubilant FoodWorks Limited,Consumer Cyclical,Restaurants,29605.22,82.45,51.06,12.92,,,2.05,,,9.68,4.42,26.0,5.46,8.82,,6.0,13.7,34.85,INR,2026-10-01 10:15:29
JUBLINGREA,Jubilant Ingrevia Limited,Basic Materials,Specialty Chemicals,10159.31,33.08,21.6,3.26,,,0.25,,,11.39,6.64,0.77,19.47,29.83,,40.9,25.3,197.83,INR,2026-10-01 10:15:31
JUBLPHARMA,Jubilant Pharmova Limited,Healthcare,Drug Manufacturers - Specialty & Generic,15707.26,44.63,19.62,2.21,,,0.51,,,5.41,4.09,48.0,22.22,50.55,0.14,-45.1,17.3,447.81,INR,2026-10-01 10:15:34
JUNIPER,Juniper Hotels Limited,Consumer Cyclical,Lodging,4768.67,28.77,15.42,1.66,,,0.42,,,24.1,15.41,,7.45,13.9,,269.5,13.0,128.92,INR,2026-10-01 10:15:36
JUSTDIAL,Just Dial Limited,Communication Services,Internet Content & Information,5611.96,11.14,9.31,1.1,,,1.66,,,23.49,40.5,,59.22,70.85,,4.1,9.9,600.45,INR,2026-10-01 10:15:38
JWL,Jupiter Wagons Limited,Industrials,Railroads,9635.49,57.66,23.92,3.26,,,0.33,,,6.89,5.33,0.69,3.91,9.43,,-13.6,46.0,69.22,INR,2026-10-01 10:15:40
JYOTHYLAB,Jyothy Labs Limited,Consumer Defensive,Household & Personal Products,6809.63,23.99,19.17,4.29,,,3.25,,,6.28,9.57,1.87,7.73,9.68,,-50.8,3.0,43.26,INR,2026-10-01 10:15:43
JYOTICNC,Jyoti CNC Automation Limited,Industrials,Specialty Industrial Machinery,23331.34,72.55,42.39,11.67,,,0.43,,,18.44,14.68,,14.14,24.2,,-20.0,24.0,87.95,INR,2026-10-01 10:15:44
JYOTIRES,Jyoti Resins and Adhesives Limited,Basic Materials,Specialty Chemicals,1009.26,15.39,10.29,3.44,,,,,,13.84,19.66,1.08,54.66,81.76,,-32.4,16.8,244.47,INR,2026-10-01 10:15:47
JYOTISTRUC,Jyoti Structures Limited,Industrials,Specialty Industrial Machinery,1064.74,16.52,,2.24,,,4.39,,,7.07,7.6,,0.54,,,74.4,61.0,3.98,INR,2026-10-01 10:15:49
KABRAEXTRU,Kabra Extrusiontechnik Limited,Industrials,Specialty Industrial Machinery,2818.81,5037.5,,6.38,,,0.33,,,-1.23,0.1,0.89,0.16,,,,44.8,126.24,INR,2026-10-01 10:15:51
KAJARIACER,Kajaria Ceramics Limited,Industrials,Building Products & Equipment,19743.45,36.64,28.85,6.53,,,0.07,,,16.42,10.8,1.01,34.29,43.54,,55.5,20.4,192.5,INR,2026-10-01 10:15:53
KAKATCEM,Kakatiya Cement Sugar and Industries Limited,Basic Materials,Building Materials,82.48,,2.17,0.45,,,0.11,,,-43.87,-38.18,2.78,-34.99,48.96,,,-29.8,235.02,INR,2026-10-01 10:15:55
KALAMANDIR,Sai Silks (Kalamandir) Limited,Consumer Cyclical,Apparel Retail,1115.14,8.18,6.25,0.88,,,0.29,,,9.87,8.27,1.97,9.25,12.1,,-14.7,-1.0,85.7,INR,2026-10-01 10:15:58
KALPATARU,Kalpataru Limited,Real Estate,Real Estate - Development,5650.63,46.67,41.58,1.37,,,2.25,,,-11.88,3.37,,5.88,6.6,,,6.5,199.91,INR,2026-10-01 10:16:00
KALYANKJIL,Kalyan Jewellers India Limited,Consumer Cyclical,Luxury Goods,57111.13,40.96,28.51,9.04,,,0.97,,,4.89,3.67,45.0,13.5,19.4,,32.0,45.7,61.16,INR,2026-10-01 10:16:02
KAMAHOLD,KAMA Holdings Limited,Industrials,Conglomerates,,6.65,,0.91,,,0.34,,,22.42,6.41,,340.65,,,73.6,31.7,2496.62,INR,2026-10-01 10:16:05
KAMANWALA,Kamanwala Housing Construction Limited,Real Estate,Real Estate - Development,23.25,,,0.21,,,0.15,,,-41.58,-33.88,,-1.88,,,829.2,,80.12,INR,2026-10-01 10:16:07
KAMATHOTEL,Kamat Hotels (India) Limited,Consumer Cyclical,Lodging,690.95,16.15,,2.89,,,0.7,,,18.73,11.26,,14.51,,,158.3,9.5,81.18,INR,2026-10-01 10:16:09
KAMOPAINTS,Kamdhenu Ventures Limited,Basic Materials,Steel,136.54,,,0.73,,,0.19,,,-8.1,-2.11,,-0.15,,,,-7.9,5.68,INR,2026-10-01 10:16:11
KANANIIND,Kanani Industries Limited,Consumer Cyclical,Luxury Goods,26.32,11.08,,0.35,,,0.69,,,-0.05,1.46,,0.12,,,,-23.2,3.8,INR,2026-10-01 10:16:14
KANCHI,Kanchi Karpooram Limited,Basic Materials,Specialty Chemicals,162.9,21.31,,0.76,,,0.18,,,12.9,4.95,26.0,17.6,,,112.9,16.4,493.23,INR,2026-10-01 10:16:16
KANCOTEA,Kanco Tea & Industries Limited,Consumer Defensive,Farm Products,,,,0.49,,,0.95,,,22.76,-6.74,,-10.12,,,12.1,12.5,108.92,INR,2026-10-01 10:16:18
KANPRPLA,Kanpur Plastipack Limited,Consumer Cyclical,Packaging & Containers,612.05,13.24,,2.28,,,0.42,,,7.04,6.09,49.0,18.88,,,94.1,13.8,109.67,INR,2026-10-01 10:16:20
KANSAINER,Kansai Nerolac Paints Limited,Basic Materials,Specialty Chemicals,14270.62,23.84,17.64,2.13,,,4.53,,,11.19,7.26,1.4,7.4,10.0,,4.8,9.8,83.02,INR,2026-10-01 10:16:22
KAPSTON,Kapston Services Limited,Industrials,Specialty Business Services,1653.08,53.73,,14.21,,,1.58,,,6.06,3.54,,10.11,,,38.5,16.2,38.23,INR,2026-10-01 10:16:24
KARMAENG,Karma Energy Limited,Utilities,Utilities - Renewable,44.23,50.3,,1.08,,,3.74,,,4.73,8.9,,0.76,,,-27.5,4.8,35.29,INR,2026-10-01 10:16:26
KARURVYSYA,The Karur Vysya Bank Limited,Financial Services,Banks - Regional,31397.35,11.44,9.86,2.23,,,,,,56.66,41.31,0.8,28.39,32.94,,44.9,26.0,145.95,INR,2026-10-01 10:16:29
KAVDEFENCE,Kavveri Defence & Wireless Technologies Limited,Technology,Communication Equipment,465.96,,,2.46,,,3.94,,,-109.26,-17.6,,-0.16,,,,-63.1,31.56,INR,2026-10-01 10:16:31
KAYNES,Kaynes Technology India Limited,Technology,Electronic Components,23503.67,67.94,38.9,5.04,,,0.19,,,11.69,8.87,,51.46,89.89,,-24.4,40.5,693.34,INR,2026-10-01 10:16:33
KCP,The KCP Limited,Basic Materials,Building Materials,1979.2,11.6,39.36,1.11,13.09,4.85,0.29,2.8,1.64,14.34,7.65,0.65,13.23,3.9,,126.4,7.7,138.22,INR,2026-10-01 10:16:35
KDDL,KDDL Limited,Consumer Cyclical,Luxury Goods,4870.51,50.11,30.72,4.51,,,0.27,,,9.53,4.18,0.59,79.03,128.9,,43.7,36.3,878.35,INR,2026-10-01 10:16:38
KDGREEN,KD Green Industries Limited,Consumer Cyclical,Footwear & Accessories,497.4,122.5,,5.8,,,0.3,,,14.79,4.09,,0.4,,,132.5,,8.44,INR,2026-10-01 10:16:40
KEC,KEC International Limited,Industrials,Engineering & Construction,10057.04,18.17,10.32,1.63,,,0.87,,,4.78,2.35,1.46,20.79,36.61,,-41.7,0.0,231.39,INR,2026-10-01 10:16:42
KECL,Kirloskar Electric Company Limited,Industrials,Specialty Industrial Machinery,796.7,399.87,,6.04,,,0.76,,,-0.67,0.35,,0.3,,,,-21.5,19.85,INR,2026-10-01 10:16:44
KEEPLEARN,DSJ Keep Learning Limited,Consumer Defensive,Education & Training Services,29.12,,,4.59,,,0.26,,,5.24,-15.96,,-0.07,,,-65.5,-22.0,0.41,INR,2026-10-01 10:16:47
KEI,KEI Industries Limited,Industrials,Electrical Equipment & Parts,42991.59,43.08,30.65,6.45,,,3.8,,,11.53,8.08,10.0,104.39,146.72,,40.0,23.0,697.18,INR,2026-10-01 10:16:49
KELLTONTEC,Kellton Tech Solutions Limited,Technology,Software - Application,671.37,7.15,,0.9,,,0.29,,,9.68,7.38,,1.78,,,-1.5,6.8,14.06,INR,2026-10-01 10:16:51
KENNAMET,Kennametal India Limited,Industrials,Tools & Accessories,9346.47,47.66,58.41,11.65,,,0.22,,,24.52,10.21,0.97,89.23,72.8,,183.7,47.7,365.0,INR,2026-10-01 10:16:53
KERNEX,Kernex Microsystems (India) Limited,Technology,Software - Application,2795.79,14.64,,11.25,,,0.66,,,31.95,21.73,,113.64,,,1371.5,800.4,147.91,INR,2026-10-01 10:16:56
KEYFINSERV,Keynote Financial Services Limited,Financial Services,Capital Markets,130.26,22.92,,0.9,,,2.87,,,78.85,17.51,43.0,10.21,,,-7.8,20.2,259.7,INR,2026-10-01 10:16:58
KFINTECH,KFin Technologies Limited,Technology,Software - Application,14663.01,43.06,30.49,8.75,,,3.31,,,26.55,24.4,1.43,19.7,27.82,,-2.6,30.1,96.98,INR,2026-10-01 10:17:00
KHAICHEM,Khaitan Chemicals and Fertilizers Limited,Basic Materials,Agricultural Inputs,476.02,8.17,,1.64,,,1.05,,,9.37,5.47,10.0,6.01,,,-49.0,-5.7,29.97,INR,2026-10-01 10:17:02
KHAITANLTD,Khaitan (India) Limited,Industrials,Industrial Distribution,72.57,9.87,,2.05,,,0.16,,,6.22,5.58,,14.64,,,55.8,39.8,70.58,INR,2026-10-01 10:17:04
KHANDSE,Khandwala Securities Limited,Financial Services,Capital Markets,26.62,,,0.95,,,0.1,,,3.3,-6.73,,-0.39,,,,99.6,18.28,INR,2026-10-01 10:17:07
KICL,Kalyani Investment Company Limited,Financial Services,Asset Management,2064.66,50.8,,0.18,,,,,,55.72,51.95,21.0,93.1,,,,2.9,26096.16,INR,2026-10-01 10:17:09
KIMS,Krishna Institute of Medical Sciences Limited,Healthcare,Medical Care Facilities,30719.28,143.98,43.25,13.02,,,1.66,,,10.39,4.85,,5.08,16.91,,-47.2,35.3,56.16,INR,2026-10-01 10:17:11
KINGFA,Kingfa Science & Technology (India) Limited,Basic Materials,Specialty Chemicals,8884.29,38.5,,6.35,,,1.1,,,15.83,10.16,31.0,170.29,,,101.6,49.1,1032.6,INR,2026-10-01 10:17:13
KIOCL,KIOCL Limited,Basic Materials,Steel,20031.48,515.0,,11.54,,,0.11,,,-22.02,5.71,,0.64,,,,73.8,28.57,INR,2026-10-01 10:17:15
KIRANVYPAR,Kiran Vyapar Limited,Financial Services,Capital Markets,,381.25,,0.22,,,0.22,,,73.0,1.15,0.53,0.48,,,19.7,21.3,836.54,INR,2026-10-01 10:17:18
KIRIINDUS,Kiri Industries Limited,Basic Materials,Specialty Chemicals,3580.0,0.58,,0.52,,,0.65,,,1.27,615.51,,944.03,,,2763.6,54.5,1052.04,INR,2026-10-01 10:17:20
KIRLFER,Kirloskar Ferrous Industries Limited,Industrials,Metal Fabrication,7686.14,21.9,11.08,1.99,,,0.27,,,8.27,5.05,1.26,21.25,42.0,,-13.4,4.3,234.22,INR,2026-10-01 10:17:23
KIRLOSBROS,Kirloskar Brothers Limited,Industrials,Specialty Industrial Machinery,13868.77,37.06,,5.63,,,0.1,,,8.0,8.01,38.0,47.13,,,-0.2,12.9,310.3,INR,2026-10-01 10:17:25
KIRLOSENG,Kirloskar Oil Engines Limited,Industrials,Specialty Industrial Machinery,33496.25,61.41,40.33,9.24,,,1.55,,,12.59,6.87,30.0,37.47,57.05,,-19.9,13.4,249.07,INR,2026-10-01 10:17:28
KIRLOSIND,Kirloskar Industries Limited,Industrials,Metal Fabrication,3738.5,24.53,,0.6,,,0.13,,,9.22,2.16,36.0,144.93,,,-23.2,4.3,5946.68,INR,2026-10-01 10:17:30
KIRLPNU,Kirloskar Pneumatic Company Limited,Industrials,Specialty Industrial Machinery,8752.8,33.24,26.19,7.01,,,0.27,,,12.11,14.54,0.88,20.26,25.72,,25.6,7.6,96.13,INR,2026-10-01 10:17:32
KISSHT,OnEMI Technology Solutions Limited,Financial Services,Credit Services,6749.63,20.15,10.28,3.35,,,1.81,,,21.47,15.15,,18.81,36.85,,59.2,46.3,113.05,INR,2026-10-01 10:17:35
KITEX,Kitex Garments Limited,Consumer Cyclical,Apparel Manufacturing,2384.02,,6.31,2.27,,,0.97,,,-4.67,-3.79,43.0,-1.19,18.95,,,-19.5,52.62,INR,2026-10-01 10:17:38
KJMCFIN,KJMC Financial Services Limited,Financial Services,Capital Markets,29.96,12.5,,0.29,,,0.13,,,79.42,29.41,1.69,5.01,,,63.5,55.5,214.29,INR,2026-10-01 10:17:40
KKCL,Kewal Kiran Clothing Limited,Consumer Cyclical,Apparel Manufacturing,2822.74,19.12,13.05,3.01,14.95,8.42,0.1,3.27,2.26,14.69,11.84,0.86,23.96,35.1,,18.8,19.4,152.31,INR,2026-10-01 10:17:43
KLBRENG-B,Kilburn Engineering Limited,Industrials,Specialty Industrial Machinery,,30.81,28.99,4.18,,,0.14,,,15.14,14.27,0.57,17.03,18.1,,-38.6,-9.5,125.52,INR,2026-10-01 10:17:46
KMCSHIL,KMC Speciality Hospitals (India) Limited,Healthcare,Medical Care Facilities,2871.6,51.49,,13.6,,,0.4,,,24.66,16.85,,3.42,,,119.9,37.9,12.95,INR,2026-10-01 10:17:48
KMEW,Knowledge Marine & Engineering Works Limited,Industrials,Marine Shipping,7580.63,59.46,29.89,12.81,,,0.39,,,58.22,39.99,,50.26,100.0,,456.9,138.1,233.22,INR,2026-10-01 10:17:50
KMSUGAR,K.M. Sugar Mills Limited,Consumer Defensive,Confectioners,261.74,5.44,,0.67,,,0.64,,,5.46,7.52,,5.23,,,-40.4,-8.8,42.6,INR,2026-10-01 10:17:53
KNACK,Knack Packaging Limited,Consumer Cyclical,Packaging & Containers,2203.92,24.24,,5.84,,,0.67,,,17.91,11.4,,7.43,,,47.9,41.1,30.82,INR,2026-10-01 10:17:55
KNAGRI,KN Agri Resources Limited,Consumer Defensive,Farm Products,501.6,15.84,,1.3,,,0.09,,,3.9,1.83,,12.67,,,41.6,34.6,153.9,INR,2026-10-01 10:17:57
KNRCON,KNR Constructions Limited,Industrials,Engineering & Construction,3233.07,8.2,13.6,0.65,,,0.49,,,14.58,14.76,21.0,14.02,8.46,,-34.5,-4.0,176.96,INR,2026-10-01 10:17:59
KOHINOOR,Kohinoor Foods Limited,Consumer Defensive,Packaged Foods,111.59,1.32,,-1.19,,,,,,-0.3,52.71,,22.87,,,,81.8,-25.31,INR,2026-10-01 10:18:02
KOKUYOCMLN,Kokuyo Camlin Limited,Industrials,Business Equipment & Supplies,752.28,34.09,,2.34,,,0.11,,,4.55,2.73,40.0,2.2,,,-27.4,0.8,32.1,INR,2026-10-01 10:18:05
KOLTEPATIL,Kolte-Patil Developers Limited,Real Estate,Real Estate - Development,3718.8,71.68,13.79,3.08,,,0.98,,,20.11,7.92,,5.85,30.4,,,1016.5,136.09,INR,2026-10-01 10:18:07
KOPRAN,Kopran Limited,Healthcare,Drug Manufacturers - General,1355.79,54.16,49.48,2.55,,,0.29,,,6.51,3.57,1.08,5.18,5.67,,-10.0,13.9,109.82,INR,2026-10-01 10:18:10
KOTAKBANK,Kotak Mahindra Bank Limited,Financial Services,Banks - Regional,429052.11,21.15,18.36,2.37,,,,,,34.76,28.47,16.0,20.39,23.49,0.94,22.5,21.0,182.2,INR,2026-10-01 10:18:12
KOTHARIPET,Kothari Petrochemicals Limited,Basic Materials,Specialty Chemicals,762.36,10.59,,2.05,,,0.6,,,13.46,12.46,1.55,12.23,,,-3.1,-8.8,63.26,INR,2026-10-01 10:18:14
KOTHARIPRO,Kothari Products Limited,Industrials,Conglomerates,388.57,19.15,,0.33,,,0.09,,,-5.0,1.97,,3.4,,,-58.5,8.6,195.92,INR,2026-10-01 10:18:17
KOTIC,Kothari Industrial Corporation Limited,Basic Materials,Agricultural Inputs,1638.37,,,6.02,,,0.21,,,-21.92,-60.06,,-9.47,,,,32.7,25.21,INR,2026-10-01 10:18:19
KOVAI,Kovai Medical Center and Hospital Limited,Healthcare,Medical Care Facilities,6598.18,25.71,,5.0,,,0.31,,,21.38,15.6,25.0,234.53,,,20.7,15.3,1205.66,INR,2026-10-01 10:18:21
KPEL,K.P. Energy Limited,Industrials,Engineering & Construction,1520.3,8.33,,2.87,,,1.0,,,9.89,10.13,36.0,26.93,,,2.6,136.7,78.09,INR,2026-10-01 10:18:23
KPIGREEN,KPI Green Energy Limited,Utilities,Utilities - Renewable,7138.92,15.64,,2.35,,,1.59,,,28.05,16.43,28.0,23.09,,,-23.1,15.1,153.7,INR,2026-10-01 10:18:26
KPIL,Kalpataru Projects International Limited,Industrials,Engineering & Construction,23450.48,20.61,14.96,3.02,,,0.46,,,6.64,4.15,0.81,66.62,91.79,,45.1,3.8,455.38,INR,2026-10-01 10:18:28
KPITTECH,KPIT Technologies Limited,Technology,Software - Application,13717.53,23.7,16.12,3.87,,,0.24,,,12.25,8.84,1.5,21.26,31.25,,-31.8,8.9,130.07,INR,2026-10-01 10:18:30
KPL,Kwality Pharmaceuticals Limited,Healthcare,Drug Manufacturers - Specialty & Generic,,46.58,,11.31,,,0.4,,,22.57,14.63,,77.58,,,114.9,45.6,319.57,INR,2026-10-01 10:18:33
KPRMILL,K.P.R. Mill Limited,Consumer Cyclical,Textile Manufacturing,37537.05,41.03,30.47,6.57,,,0.1,,,16.45,13.38,46.0,26.71,35.96,,21.6,9.6,166.69,INR,2026-10-01 10:18:35
KRBL,KRBL Limited,Consumer Defensive,Packaged Foods,8696.67,11.47,10.13,1.5,,,2.92,,,18.99,12.62,1.18,33.12,37.5,1.12,73.2,-5.6,253.74,INR,2026-10-01 10:18:37
KREBSBIO,Krebs Biochemicals & Industries Limited,Healthcare,Drug Manufacturers - Specialty & Generic,145.6,,,-0.89,,,,,,-8.65,-55.85,,-6.53,,,,27.4,-75.83,INR,2026-10-01 10:18:40
KRIDHANINF,Kridhan Infra Limited,Basic Materials,Steel,21.65,19.4,,-0.07,,,,,,-23.26,35.4,,0.1,,,-96.9,-47.0,-26.0,INR,2026-10-01 10:18:42
KRISHANA,Krishana Phoschem Limited,Basic Materials,Agricultural Inputs,5731.42,31.26,,10.22,,,1.31,,,14.13,7.7,5.0,5.93,,,54.0,34.6,18.14,INR,2026-10-01 10:18:44
KRISHIVAL,Krishival Foods Limited,Consumer Defensive,Packaged Foods,1030.13,43.45,,4.69,,,0.18,,,9.59,6.62,9.0,9.25,,,12.3,79.6,85.74,INR,2026-10-01 10:18:47
KRISHNADEF,Krishna Defence and Allied Industries Limited,Industrials,Specialty Industrial Machinery,1518.28,37.04,,7.85,,,1.12,,,28.77,18.46,12.0,27.45,,,20.7,-15.2,129.59,INR,2026-10-01 10:18:49
KRITI,Kriti Industries (India) Limited,Industrials,Building Products & Equipment,312.49,,,1.41,,,0.41,,,0.34,-1.55,,-1.62,,,,-22.7,42.17,INR,2026-10-01 10:18:51
KRITIKA,Kritika Wires Limited,Basic Materials,Steel,131.81,20.62,,1.31,,,0.55,,,0.88,0.99,,0.24,,,16.3,-21.8,3.79,INR,2026-10-01 10:18:54
KRITINUT,Kriti Nutrients Limited,Consumer Defensive,Packaged Foods,350.47,10.5,,1.53,,,3.97,,,4.17,3.54,34.0,6.66,,,-6.0,7.9,45.73,INR,2026-10-01 10:18:56
KRN,KRN Heat Exchanger and Refrigeration Limited,Technology,Electronic Components,9260.41,90.74,34.67,15.35,,,0.33,,,16.88,13.15,,15.59,40.8,,164.8,118.9,92.14,INR,2026-10-01 10:18:58
KROSS,Kross Limited,Consumer Cyclical,Auto Parts,1702.05,28.75,,3.4,,,0.11,,,10.6,8.05,,8.97,,,24.4,32.3,75.92,INR,2026-10-01 10:19:01
KRSNAA,Krsnaa Diagnostics Limited,Healthcare,Diagnostics & Research,1795.8,18.66,11.96,1.83,,,0.55,,,12.75,11.58,36.0,29.67,46.3,,-19.3,22.1,302.21,INR,2026-10-01 10:19:03
KRYSTAL,Krystal Integrated Services Limited,Industrials,Specialty Business Services,866.54,13.27,,1.74,,,0.24,,,5.49,4.97,24.0,46.73,,,51.4,11.6,357.25,INR,2026-10-01 10:19:05
KSB,KSB Limited,Industrials,Specialty Industrial Machinery,14560.12,59.21,41.62,8.57,15.19,6.95,0.37,2.04,0.96,9.67,9.01,0.51,14.13,20.1,,-18.8,3.6,97.64,INR,2026-10-01 10:19:07
KSCL,Kaveri Seed Company Limited,Basic Materials,Agricultural Inputs,3666.52,14.96,11.55,1.73,,,,,,37.76,19.52,0.67,48.01,62.2,,-14.2,-13.5,414.42,INR,2026-10-01 10:19:10
KSE,KSE Limited,Consumer Defensive,Packaged Foods,569.86,12.27,,1.63,,,0.07,,,-0.45,2.7,8.43,14.51,,,-97.6,9.1,109.22,INR,2026-10-01 10:19:12
KSHINTL,KSH International Limited,Industrials,Electrical Equipment & Parts,6843.33,51.43,28.61,8.46,,,0.4,,,5.67,3.49,,19.64,35.3,,86.1,108.4,119.36,INR,2026-10-01 10:19:15
KSHITIJPOL,Kshitij Polyline Limited,Industrials,Business Equipment & Supplies,60.77,16.42,,1.31,,,0.3,,,3.55,7.41,,0.24,,,83.0,57.6,3.0,INR,2026-10-01 10:19:17
KSL,Kalyani Steels Limited,Basic Materials,Steel,4109.66,15.51,11.11,1.95,,,0.23,,,16.75,14.16,1.04,60.56,84.55,,10.6,4.9,482.19,INR,2026-10-01 10:19:19
KSOLVES,Ksolves India Limited,Technology,Software - Application,577.59,15.65,,19.63,,,0.19,,,28.23,22.3,6.03,15.56,,,43.3,10.0,12.4,INR,2026-10-01 10:19:22
KSR,KSR Footwear Limited,Consumer Cyclical,Footwear & Accessories,71.68,,,0.95,,,0.45,,,1.98,-3.79,,-4.13,,,,-0.7,41.09,INR,2026-10-01 10:19:24
KTKBANK,The Karnataka Bank Limited,Financial Services,Banks - Regional,12249.3,8.54,7.87,0.93,,,,,,43.62,41.45,1.52,37.93,41.15,,43.3,26.1,349.84,INR,2026-10-01 10:19:26
KUANTUM,Kuantum Papers Limited,Basic Materials,Paper & Paper Products,665.65,18.34,,0.54,,,0.71,,,7.39,3.06,3.27,4.16,,,-48.3,36.3,140.76,INR,2026-10-01 10:19:28
KUSUMGAR,Kusumgar Limited,Consumer Cyclical,Textile Manufacturing,,46.68,34.11,12.09,,,0.57,,,25.35,16.43,,12.79,17.5,,541.5,101.9,49.38,INR,2026-10-01 10:19:31
KWIL,Kwality Walls (India) Limited,Consumer Defensive,Packaged Foods,9137.56,,,13.6,,,0.82,,,7.34,-17.57,,,,,34.8,16.2,2.86,INR,2026-10-01 10:19:35
LADDERUP,Ladderup Finance Limited,Financial Services,Capital Markets,53.01,9.35,,,,,0.31,,,53.56,18.31,,5.35,,,112.7,60.6,,INR,2026-10-01 10:19:41
LAGNAM,Lagnam Spintex Limited,Consumer Cyclical,Textile Manufacturing,132.22,7.22,,0.98,,,2.64,,,10.02,2.9,,10.36,,,198.8,18.4,76.63,INR,2026-10-01 10:19:44
LAHOTIOV,Lahoti Overseas Limited,Consumer Cyclical,Textile Manufacturing,119.6,7.56,,0.55,,,0.15,,,0.34,4.11,,5.42,,,90.4,2.9,74.44,INR,2026-10-01 10:19:46
LAKSHMIMIL,The Lakshmi Mills Company Limited,Consumer Cyclical,Textile Manufacturing,,55.39,,0.74,,,0.11,,,9.75,3.89,13.0,137.58,,,,8.4,10242.24,INR,2026-10-01 10:19:49
LAL,Lorenzini Apparels Limited,Consumer Cyclical,Apparel Manufacturing,145.62,26.34,,2.83,,,0.39,,,20.93,6.92,,0.32,,,124.9,81.6,2.98,INR,2026-10-01 10:19:51
LALITHAA,Lalithaa Jewellery Mart Limited,Consumer Cyclical,Luxury Goods,21061.88,22.1,,6.42,,,0.7,,,5.73,3.63,,17.03,,,-21.6,25.9,58.6,INR,2026-10-01 10:19:53
LALPATHLAB,Dr. Lal PathLabs Limited,Healthcare,Diagnostics & Research,33525.8,62.01,46.01,13.37,,,0.08,,,25.46,18.75,1.03,32.38,43.64,,28.0,19.1,150.21,INR,2026-10-01 10:19:55
LAMBODHARA,Lambodhara Textiles Limited,Consumer Cyclical,Textile Manufacturing,136.68,11.0,,1.06,,,0.3,,,6.98,5.34,37.0,11.97,,,65.7,-8.8,123.77,INR,2026-10-01 10:19:57
LANCER,Lancer Container Lines Limited,Industrials,Integrated Freight & Logistics,421.23,23.12,,0.42,,,4.22,,,0.55,3.71,,0.49,,,,23.2,26.86,INR,2026-10-01 10:20:00
LANDMARK,Landmark Cars Limited,Consumer Cyclical,Auto & Truck Dealerships,1931.85,42.94,14.74,3.3,,,1.74,,,2.74,0.88,32.0,10.85,31.6,,110.5,22.7,141.14,INR,2026-10-01 10:20:02
LANDSMILL,Landsmill Green Limited,Industrials,Conglomerates,124.14,44.0,,0.61,,,0.44,,,-213.04,117.24,,0.02,,,5381.9,,1.45,INR,2026-10-01 10:20:04
LAOPALA,La Opala RG Limited,Consumer Cyclical,"Furnishings, Fixtures & Appliances",1741.15,18.67,14.01,2.12,,,1.08,,,28.84,29.56,3.19,8.4,11.2,,3.3,9.3,73.91,INR,2026-10-01 10:20:06
LASERPOWER,Laser Power & Infra Limited,Industrials,Electrical Equipment & Parts,3704.32,24.44,,4.19,,,1.2,,,11.13,5.13,,10.8,,,-58.1,14.8,63.06,INR,2026-10-01 10:20:08
LATENTVIEW,Latent View Analytics Limited,Industrials,Consulting Services,4920.92,25.17,18.42,2.8,,,1.86,,,15.86,17.54,,9.44,12.9,,-5.3,21.5,84.82,INR,2026-10-01 10:20:11
LATTEYS,Latteys Industries Limited,Industrials,Specialty Industrial Machinery,120.28,33.74,,5.07,,,0.91,,,5.47,3.16,,0.62,,,93.6,64.2,4.12,INR,2026-10-01 10:20:13
LAURUSLABS,Laurus Labs Limited,Healthcare,Drug Manufacturers - Specialty & Generic,107997.61,98.95,67.96,20.36,,,0.46,,,25.39,15.04,12.0,20.2,29.41,,125.5,29.1,98.17,INR,2026-10-01 10:20:15
LAXMICOT,Laxmi Cotspin Limited,Consumer Cyclical,Textile Manufacturing,22.29,,,0.37,,,0.7,,,1.55,-2.49,,-1.72,,,,-63.9,34.72,INR,2026-10-01 10:20:17
LAXMIDENTL,Laxmi Dental Limited,Healthcare,Medical Instruments & Supplies,1067.12,34.38,15.33,4.39,,,0.05,,,13.44,10.76,,5.64,12.65,,22.8,13.9,44.18,INR,2026-10-01 10:20:20
LAXMIINDIA,Laxmi India Finance Limited,Financial Services,Credit Services,625.84,10.59,,1.34,,,2.87,,,42.25,30.59,,11.28,,,69.5,47.6,89.06,INR,2026-10-01 10:20:22
LCCINFOTEC,LCC Infotech Limited,Consumer Defensive,Education & Training Services,67.44,,,1.58,,,0.06,,,-2911.25,0.0,,-0.02,,,,,2.53,INR,2026-10-01 10:20:24
LCL,Lohia Corp Limited,Industrials,Specialty Industrial Machinery,5871.5,24.15,,11.26,,,0.34,,,18.62,12.77,,23.01,,,295.7,59.5,49.37,INR,2026-10-01 10:20:26
LEAPIND,LEAP India Limited,Industrials,Integrated Freight & Logistics,6018.61,88.71,,8.11,,,1.14,,,23.42,8.93,,1.54,,,30.3,19.1,16.84,INR,2026-10-01 10:20:28
LEMERITE,Le Merite Exports Limited,Consumer Cyclical,Textile Manufacturing,243.83,88.55,,1.79,,,,,,-10.96,0.83,,0.22,,,,-18.7,10.88,INR,2026-10-01 10:20:31
LEMONTREE,Lemon Tree Hotels Limited,Consumer Cyclical,Lodging,8683.4,36.92,22.22,6.24,,,0.96,,,33.39,15.84,,2.97,4.93,,20.1,9.2,17.58,INR,2026-10-01 10:20:33
LENSKART,Lenskart Solutions Limited,Healthcare,Medical Instruments & Supplies,119071.14,182.41,96.93,13.67,,,0.35,,,10.46,6.8,,3.77,7.09,,269.2,43.3,50.33,INR,2026-10-01 10:20:35
LEXUS,Lexus Granito (India) Limited,Industrials,Building Products & Equipment,22.61,13.33,,1.26,,,3.05,,,-137.8,-4.75,,0.84,,,,-80.2,8.92,INR,2026-10-01 10:20:37
LFIC,Lakshmi Finance & Industrial Corporation Limited,Financial Services,Asset Management,38.71,,,0.68,,,,,,91.97,-5.44,1.93,-1.39,,,8.0,12.2,190.82,INR,2026-10-01 10:20:39
LGBBROSLTD,L.G. Balakrishnan & Bros Limited,Consumer Cyclical,Auto Parts,5501.89,17.25,15.25,2.55,,,0.11,,,9.14,9.91,1.27,100.0,113.1,,0.1,21.6,675.3,INR,2026-10-01 10:20:41
LGEINDIA,LG Electronics India Limited,Technology,Consumer Electronics,117427.63,64.17,43.38,15.32,,,0.06,,,10.96,7.13,,26.96,39.88,,27.2,15.5,112.93,INR,2026-10-01 10:20:44
LGHL,Laxmi Goldorna House Limited,Consumer Cyclical,Luxury Goods,1070.18,,,15.15,,,1.53,,,11.95,2.96,,-0.29,,,-47.5,30.5,14.1,INR,2026-10-01 10:20:46
LIBAS,Libas Consumer Products Limited,Consumer Cyclical,Apparel Manufacturing,30.95,9.04,,0.38,,,0.17,,,5.24,2.62,,1.3,,,,-30.2,31.02,INR,2026-10-01 10:20:48
LIBERTSHOE,Liberty Shoes Ltd.,Consumer Cyclical,Footwear & Accessories,371.64,43.45,,1.58,,,0.71,,,3.25,1.16,,5.02,,,-79.5,-1.7,138.13,INR,2026-10-01 10:20:50
LICHSGFIN,LIC Housing Finance Limited,Financial Services,Mortgage Finance,28875.56,5.03,4.82,0.7,,,6.43,,,82.44,65.18,1.89,104.34,109.0,,9.9,14.5,753.06,INR,2026-10-01 10:20:53
LICI,Life Insurance Corporation of India,Financial Services,Insurance - Life,497397.85,8.28,6.69,2.82,,,0.43,,,6.43,6.51,2.53,47.5,58.81,,19.0,6.8,139.61,INR,2026-10-01 10:20:55
LIKHITHA,Likhitha Infrastructure Limited,Energy,Oil & Gas Equipment & Services,916.64,28.01,,2.23,,,0.09,,,11.01,7.79,,8.29,,,-47.2,-30.5,104.19,INR,2026-10-01 10:20:58
LINC,Linc Limited,Industrials,Business Equipment & Supplies,517.76,16.42,,2.01,,,0.1,,,5.93,5.78,1.69,5.3,,,-17.6,1.4,43.37,INR,2026-10-01 10:21:00
LINCOLN,Lincoln Pharmaceuticals Limited,Healthcare,Drug Manufacturers - Specialty & Generic,1168.33,12.12,,1.54,,,0.58,,,13.28,13.89,31.0,48.14,,,30.9,15.1,378.34,INR,2026-10-01 10:21:03
LINDEINDIA,Linde India Limited,Basic Materials,Specialty Chemicals,54850.55,102.72,74.74,12.86,,,1.85,,,19.9,20.59,6.0,62.61,86.05,0.13,-2.4,21.6,500.27,INR,2026-10-01 10:21:05
LKPSEC,LKP Securities Limited,Financial Services,Capital Markets,,16.19,,1.15,,,0.72,,,9.23,7.47,,0.88,,,-67.2,-6.9,12.34,INR,2026-10-01 10:21:07
LLOYDSENGG,Lloyds Engineering Works Limited,Industrials,Specialty Industrial Machinery,15078.75,56.91,,8.62,,,0.06,,,11.22,13.88,25.0,1.71,,,112.0,142.9,11.29,INR,2026-10-01 10:21:09
LLOYDSENT,Lloyds Enterprises Limited,Basic Materials,Steel,11830.33,138.38,,2.8,,,0.15,,,14.41,5.65,32.0,0.56,,,-74.5,70.2,27.72,INR,2026-10-01 10:21:12
LLOYDSME,Lloyds Metals and Energy Limited,Basic Materials,Steel,102979.89,21.35,12.74,7.42,,,1.45,,,34.26,21.51,5.0,85.72,143.66,,169.1,208.6,246.47,INR,2026-10-01 10:21:14
LMW,LMW Limited,Industrials,Specialty Industrial Machinery,17741.26,102.01,43.98,6.19,,,,,,3.89,5.18,21.0,162.79,377.6,,384.0,24.0,2683.25,INR,2026-10-01 10:21:17
LODHA,Lodha Developers Limited,Real Estate,Real Estate - Development,111613.23,27.11,22.76,4.79,,,0.42,,,37.09,22.69,37.0,41.2,49.08,,103.4,43.1,233.12,INR,2026-10-01 10:21:19
LOKESHMACH,Lokesh Machines Limited,Industrials,Specialty Industrial Machinery,837.0,174.55,,3.35,,,0.74,,,10.36,2.05,,2.2,,,121.8,15.4,114.47,INR,2026-10-01 10:21:21
LORDSCHLO,Lords Chloro Alkali Limited,Basic Materials,Chemicals,395.19,11.32,,1.63,,,0.72,,,17.38,8.33,,12.18,,,43.1,6.1,84.54,INR,2026-10-01 10:21:24
LOTUSCHO,Lotus Chocolate Company Limited,Consumer Defensive,Confectioners,708.83,,,11.89,,,1.7,,,2.42,-0.56,,-2.22,,,-99.3,-42.1,46.42,INR,2026-10-01 10:21:26
LOTUSEYE,Lotus Eye Hospital and Institute Limited,Healthcare,Medical Care Facilities,241.03,1448.75,,4.1,,,0.26,,,7.67,0.26,,0.08,,,12.6,26.2,28.23,INR,2026-10-01 10:21:29
LOVABLE,Lovable Lingerie Limited,Consumer Cyclical,Apparel Manufacturing,103.91,13.12,3.98,0.57,,,1.51,,,10.0,8.54,,5.35,17.66,,-1.6,-22.2,122.24,INR,2026-10-01 10:21:31
LOYALTEX,Loyal Textile Mills Limited,Consumer Cyclical,Textile Manufacturing,101.12,,,0.5,,,1.06,,,-5.96,-13.01,,-82.83,,,,-36.4,423.4,INR,2026-10-01 10:21:33
LPDC,Landmark Property Development Company Limited,Real Estate,Real Estate Services,83.17,9.84,,1.92,,,,,,628.28,98.66,,0.63,,,,,3.23,INR,2026-10-01 10:21:36
LT,Larsen & Toubro Limited,Industrials,Engineering & Construction,512565.13,30.86,20.71,4.69,,,0.98,,,10.61,5.59,1.01,120.72,179.88,1.06,14.0,8.1,794.47,INR,2026-10-01 10:21:38
LTF,L&T Finance Limited,Financial Services,Credit Services,66831.89,21.05,13.62,2.38,,,3.93,,,45.95,33.08,1.04,12.67,19.58,,28.7,29.3,112.09,INR,2026-10-01 10:21:41
LTFOODS,LT Foods Limited,Consumer Defensive,Packaged Foods,13765.11,21.35,13.1,7.72,,,0.36,,,9.15,5.49,1.0,18.57,30.25,,8.9,26.4,51.33,INR,2026-10-01 10:21:43
LTM,LTM Limited,Technology,Information Technology Services,120283.21,23.01,17.65,4.9,21.97,12.69,0.1,2.93,2.58,15.5,11.87,1.85,176.36,229.92,,16.9,18.0,827.55,INR,2026-10-01 10:21:46
LTTS,L&T Technology Services Limited,Technology,Information Technology Services,34253.14,26.8,19.87,5.29,,,0.09,,,15.69,11.68,1.88,120.49,162.5,,13.0,2.6,610.64,INR,2026-10-01 10:21:48
LUMAXIND,Lumax Industries Limited,Consumer Cyclical,Auto Parts,5149.67,27.48,16.07,5.61,,,1.06,,,5.53,4.18,0.99,200.47,342.83,,41.2,32.6,981.53,INR,2026-10-01 10:21:51
LUMAXTECH,Lumax Auto Technologies Limited,Consumer Cyclical,Auto Parts,13616.55,42.08,29.87,11.25,,,0.83,,,10.38,6.22,27.0,47.48,66.88,,109.2,32.9,177.56,INR,2026-10-01 10:21:53
LUMINO,LUMINO INDUSTRIES LIMITED,Industrials,Electrical Equipment & Parts,,17.77,,3.3,,,0.55,,,12.74,7.99,,5.57,,,32.4,19.3,29.96,INR,2026-10-01 10:21:56
LUPIN,Lupin Limited,Healthcare,Drug Manufacturers - Specialty & Generic,92665.24,16.77,19.83,4.13,,,0.29,,,25.35,18.45,0.89,120.8,102.17,,16.1,32.0,491.02,INR,2026-10-01 10:21:58
LUXIND,Lux Industries Limited,Consumer Cyclical,Apparel Manufacturing,3304.88,32.33,15.79,1.8,,,0.34,,,5.64,3.49,18.0,33.99,69.6,,-6.1,0.8,609.81,INR,2026-10-01 10:22:01
LXCHEM,Laxmi Organic Industries Limited,Basic Materials,Specialty Chemicals,4968.0,39.37,23.52,2.5,,,0.27,,,9.56,4.03,17.0,4.54,7.6,,216.6,39.7,71.64,INR,2026-10-01 10:22:03
M&M,Mahindra & Mahindra Limited,Consumer Cyclical,Auto Manufacturers,348233.06,17.65,18.41,3.48,,,1.25,,,17.03,8.61,1.12,164.32,157.54,1.26,33.6,27.5,833.02,INR,2026-10-01 10:22:06
M&MFIN,Mahindra & Mahindra Financial Services Limited,Financial Services,Credit Services,44933.5,13.79,10.61,1.69,,,4.3,,,43.8,30.89,2.31,23.45,30.48,,75.4,36.7,191.77,INR,2026-10-01 10:22:08
MAANALU,Maan Aluminium Limited,Basic Materials,Aluminum,601.41,42.3,,2.14,,,0.2,,,1.46,1.62,,2.37,,,13.6,9.8,46.87,INR,2026-10-01 10:22:10
MACPOWER,Macpower CNC Machines Limited,Industrials,Specialty Industrial Machinery,2185.51,56.1,,12.47,,,0.39,,,13.94,10.59,7.0,38.94,,,110.3,56.1,175.15,INR,2026-10-01 10:22:13
MADHAV,Madhav Marbles and Granites Limited,Industrials,Building Products & Equipment,31.14,,,0.25,,,0.07,,,-7.34,-0.75,,-0.58,,,,-1.5,138.62,INR,2026-10-01 10:22:15
MADHAVIPL,Madhav Infra Projects Limited,Industrials,Engineering & Construction,198.14,7.66,,0.83,,,0.69,,,14.01,5.21,,0.96,,,-16.4,0.9,8.9,INR,2026-10-01 10:22:17
MADRASFERT,Madras Fertilizers Limited,Basic Materials,Agricultural Inputs,939.54,13.28,,10.19,,,6.9,,,6.02,2.9,,4.39,,,-21.5,21.1,5.72,INR,2026-10-01 10:22:19
MAFATIND,Mafatlal Industries Limited,Consumer Cyclical,Textile Manufacturing,831.86,14.11,,1.08,,,0.08,,,1.49,1.65,2.13,8.17,,,-67.9,-24.0,106.92,INR,2026-10-01 10:22:22
MAGADSUGAR,Magadh Sugar & Energy Limited,Consumer Defensive,Confectioners,739.46,14.48,,0.84,,,0.79,,,-2.29,4.18,2.33,36.23,,,,-6.8,624.62,INR,2026-10-01 10:22:24
MAGNUM,Magnum Ventures Limited,Basic Materials,Paper & Paper Products,129.64,,,0.19,-0.22,1.76,0.45,2.45,0.88,3.95,-0.32,,-0.17,,,,6.6,99.61,INR,2026-10-01 10:22:26
MAHABANK,Bank of Maharashtra,Financial Services,Banks - Regional,62055.46,8.22,6.45,1.74,22.96,1.9,,,,57.52,53.41,2.77,9.82,12.5,,34.5,21.8,46.4,INR,2026-10-01 10:22:29
MAHAPEXLTD,Maha Rashtra Apex Corporation Limited,Financial Services,Credit Services,142.61,,,0.16,,,3.81,,,66.43,0.0,,-18.33,,,-85.4,-0.8,325.66,INR,2026-10-01 10:22:31
MAHEPC,Mahindra EPC Irrigation Limited,Industrials,Farm & Heavy Construction Machinery,271.26,28.38,,1.47,,,0.24,,,-3.84,3.15,,3.42,,,,-12.7,66.22,INR,2026-10-01 10:22:33
MAHLIFE,Mahindra Lifespace Developers Limited,Real Estate,Real Estate - Development,7685.83,22.96,20.41,2.12,12.04,,0.18,,,9.3,15.76,0.97,15.67,17.63,,66.9,2909.5,170.0,INR,2026-10-01 10:22:36
MAHLOG,Mahindra Logistics Limited,Industrials,Integrated Freight & Logistics,4243.12,103.49,25.41,3.61,,,0.54,,,2.15,0.52,0.57,4.13,16.82,,,23.3,118.4,INR,2026-10-01 10:22:38
MAHSCOOTER,Maharashtra Scooters Ltd.,Financial Services,Asset Management,14136.0,50.88,,0.51,,,,,,84.1,96.25,1.78,243.12,,,-90.6,-81.5,24180.45,INR,2026-10-01 10:22:40
MAHSEAMLES,Maharashtra Seamless Limited,Basic Materials,Steel,9584.97,13.28,,1.39,,,0.19,,,13.95,15.96,1.36,53.85,,,15.7,-4.7,512.91,INR,2026-10-01 10:22:43
MAITHANALL,Maithan Alloys Limited,Basic Materials,Steel,2672.44,9.2,,0.64,,,0.06,,,15.79,13.97,1.83,99.78,,,-26.7,-14.7,1424.95,INR,2026-10-01 10:22:45
MAKERSL,Makers Laboratories Limited,Healthcare,Drug Manufacturers - Specialty & Generic,109.75,32.07,,1.5,,,5.0,,,13.64,2.3,,5.8,,,244.5,22.2,123.59,INR,2026-10-01 10:22:48
MALLCOM,Mallcom (India) Limited,Industrials,Security & Protection Services,583.56,21.82,,1.83,,,0.38,,,9.22,5.08,32.0,42.85,,,-33.4,-10.6,510.25,INR,2026-10-01 10:22:50
MALUPAPER,Malu Paper Mills Limited,Basic Materials,Paper & Paper Products,54.96,,,-2.13,,,,,,3.58,-3.34,,-7.07,,,,30.8,-14.78,INR,2026-10-01 10:22:52
MAMATA,Mamata Machinery Limited,Industrials,Specialty Industrial Machinery,968.44,108.12,,5.23,,,4.5,,,-15.92,3.88,13.0,3.64,,,,-6.2,75.21,INR,2026-10-01 10:22:55
MANAKALUCO,Manaksia Aluminium Company Limited,Basic Materials,Aluminum,221.37,25.21,,1.57,,,1.69,,,7.73,1.55,15.0,1.34,,,83.0,3.9,21.56,INR,2026-10-01 10:22:57
MANAKCOAT,Manaksia Coated Metals & Industries Limited,Industrials,Metal Fabrication,1347.21,29.87,,2.95,,,0.33,,,9.48,4.55,4.0,4.23,,,0.7,4.9,42.87,INR,2026-10-01 10:23:00
MANAKSIA,Manaksia Limited,Industrials,Metal Fabrication,390.12,6.04,,0.54,,,4.07,,,6.77,7.54,,9.86,,,70.0,28.5,110.38,INR,2026-10-01 10:23:02
MANALIPETC,Manali Petrochemicals Limited,Basic Materials,Specialty Chemicals,1343.66,7.46,,1.05,,,0.11,,,26.87,16.94,0.62,10.47,,1.22,348.8,17.1,74.58,INR,2026-10-01 10:23:05
MANAPPURAM,Manappuram Finance Limited,Financial Services,Credit Services,29363.65,19.11,10.15,1.83,,,3.6,,,52.39,30.52,1.27,16.36,30.8,,322.4,80.1,170.87,INR,2026-10-01 10:23:07
MANBA,Manba Finance Limited,Financial Services,Credit Services,688.38,14.08,,1.68,,,3.8,,,47.79,33.83,0.92,9.73,,,36.0,19.0,81.39,INR,2026-10-01 10:23:10
MANCREDIT,Mangal Credit and Fincorp Limited,Financial Services,Credit Services,463.45,25.95,,2.68,,,1.92,,,79.84,23.2,35.0,8.46,,,89.7,53.1,81.79,INR,2026-10-01 10:23:12
MANGALAM,Mangalam Drugs & Organics Limited,Healthcare,Drug Manufacturers - Specialty & Generic,48.2,,,0.47,,,1.09,,,-5.38,-16.48,,-24.16,,,,-0.2,65.12,INR,2026-10-01 10:23:15
MANGLMCEM,Mangalam Cement Limited,Basic Materials,Building Materials,2694.46,23.67,16.69,2.76,,,0.91,,,6.88,6.51,15.0,41.4,58.7,,-44.0,0.8,355.41,INR,2026-10-01 10:23:17
MANINDS,Man Industries (India) Limited,Basic Materials,Steel,6926.38,33.92,12.26,3.21,,,0.3,,,10.79,5.27,,27.22,75.3,1.12,122.4,41.9,287.23,INR,2026-10-01 10:23:19
MANINFRA,Man Infraconstruction Limited,Industrials,Engineering & Construction,4990.61,23.25,,2.24,,,2.77,,,31.33,33.54,1.28,5.41,,,28.9,19.4,56.15,INR,2026-10-01 10:23:22
MANIPALHOS,Manipal Health Enterprises Limited,Healthcare,Medical Care Facilities,92293.44,138.12,49.27,9.82,,,1.46,,,17.77,7.81,,5.08,14.24,,-7.5,38.1,71.42,INR,2026-10-01 10:23:24
MANKIND,Mankind Pharma Limited,Healthcare,Drug Manufacturers - Specialty & Generic,103864.32,50.8,35.63,6.37,,,0.38,,,20.61,13.86,8.0,49.5,70.57,,29.6,12.9,394.85,INR,2026-10-01 10:23:26
MANOMAY,Manomay Tex India Limited,Consumer Cyclical,Textile Manufacturing,439.22,21.81,,2.57,,,2.03,,,6.45,2.71,,11.16,,,11.3,20.5,94.77,INR,2026-10-01 10:23:28
MANORAMA,Manorama Industries Limited,Consumer Defensive,Packaged Foods,12084.15,44.47,35.06,16.76,,,0.52,,,24.76,17.33,4.0,43.05,54.6,,67.6,39.5,114.24,INR,2026-10-01 10:23:31
MANORG,Mangalam Organics Limited,Basic Materials,Specialty Chemicals,383.22,18.75,,1.28,,,1.13,,,8.96,3.17,,23.86,,,-40.6,22.2,349.39,INR,2026-10-01 10:23:33
MANYAVAR,Vedant Fashions Limited,Consumer Cyclical,Apparel Manufacturing,12926.39,33.46,28.65,6.57,,,0.23,,,29.46,26.51,1.46,15.9,18.57,,14.7,7.2,80.94,INR,2026-10-01 10:23:35
MAPMYINDIA,C. E. Info Systems Limited,Technology,Software - Infrastructure,4687.0,34.57,20.79,5.18,,,0.78,,,33.62,28.0,41.0,24.76,41.17,,7.9,14.9,165.25,INR,2026-10-01 10:23:37
MARALOVER,Maral Overseas Limited,Consumer Cyclical,Textile Manufacturing,240.75,11.03,,2.17,,,3.65,,,3.32,2.14,,5.26,,,,16.7,26.7,INR,2026-10-01 10:23:40
MARATHON,Marathon Nextgen Realty Limited,Real Estate,Real Estate - Development,2610.1,12.65,,1.13,,,4.27,,,23.36,34.97,26.0,30.59,,,-16.1,40.3,343.51,INR,2026-10-01 10:23:43
MARICO,Marico Limited,Consumer Defensive,Household & Personal Products,101678.25,53.88,40.23,24.15,,,0.12,,,19.28,13.16,0.51,14.54,19.47,1.02,25.0,21.4,32.43,INR,2026-10-01 10:23:45
MARINE,Marine Electricals (India) Limited,Industrials,Electrical Equipment & Parts,5978.43,92.87,,12.04,,,0.18,,,9.1,6.61,7.0,4.6,,,48.7,55.2,35.47,INR,2026-10-01 10:23:47
MARKOLINES,Markolines Pavement Technologies Limited,Industrials,Infrastructure Operations,367.51,13.75,,1.82,,,0.43,,,10.24,7.62,,12.13,,,18.8,4.3,91.73,INR,2026-10-01 10:23:49
MARKSANS,Marksans Pharma Limited,Healthcare,Drug Manufacturers - General,14931.75,28.88,23.42,4.94,,,0.11,,,22.38,16.29,28.0,11.41,14.07,1.12,169.5,35.6,66.71,INR,2026-10-01 10:23:51
MARSONS,Marsons Limited,Industrials,Electrical Equipment & Parts,1970.03,43.69,,9.08,,,0.32,,,14.21,17.86,,2.62,,,-26.2,4.8,12.61,INR,2026-10-01 10:23:53
MARUTI,Maruti Suzuki India Limited,Consumer Cyclical,Auto Manufacturers,369140.04,25.75,19.38,3.44,,,0.1,,,4.83,7.27,1.17,455.94,605.86,0.77,-9.1,35.9,3408.27,INR,2026-10-01 10:23:55
MASFIN,MAS Financial Services Limited,Financial Services,Credit Services,4951.86,12.55,8.5,1.66,,,3.4,,,55.99,40.51,0.71,21.74,32.1,,26.8,27.6,164.11,INR,2026-10-01 10:23:58
MASKINVEST,Mask Investments Limited,Financial Services,Capital Markets,46.63,611.2,,0.78,,,1.19,,,-109.82,81.37,,0.25,,,,-14.2,195.46,INR,2026-10-01 10:24:00
MASTEK,Mastek Limited,Technology,Information Technology Services,4891.26,12.08,10.22,1.58,,,0.15,,,13.5,11.09,1.54,130.56,154.3,,15.0,7.7,997.28,INR,2026-10-01 10:24:03
MASTERTR,Master Trust Limited,Financial Services,Capital Markets,1005.04,7.45,,1.2,,,0.28,,,34.19,24.98,,10.96,,,27.8,15.7,67.96,INR,2026-10-01 10:24:05
MATRIMONY,Matrimony.com Limited,Communication Services,Internet Content & Information,1062.2,24.19,15.76,5.14,,,0.24,,,15.1,9.44,0.96,21.24,32.6,,127.1,13.2,99.87,INR,2026-10-01 10:24:08
MAWANASUG,Mawana Sugars Limited,Consumer Defensive,Confectioners,556.05,20.22,,1.06,,,0.8,,,-5.69,1.74,2.76,7.03,,,,3.8,134.13,INR,2026-10-01 10:24:12
MAXESTATES,Max Estates Limited,Real Estate,Real Estate - Development,9420.56,757.76,18.28,3.89,,,0.76,,,35.11,3.02,,0.76,31.5,,-27.0,-0.1,148.06,INR,2026-10-01 10:24:15
MAXHEALTH,Max Healthcare Institute Limited,Healthcare,Medical Care Facilities,89593.21,61.86,39.37,8.34,,,0.32,,,19.73,16.72,22.0,14.88,23.38,,4.7,16.7,110.43,INR,2026-10-01 10:24:17
MAXIND,Max India Limited,Healthcare,Medical Care Facilities,889.87,,,2.03,,,0.24,,,-19.7,-55.42,,-25.31,,,,66.0,77.74,INR,2026-10-01 10:24:19
MAYURUNIQ,Mayur Uniquoters Limited,Consumer Cyclical,Textile Manufacturing,3132.28,15.11,11.86,2.77,,,0.69,,,19.1,20.3,0.83,47.71,60.8,,37.8,24.7,260.67,INR,2026-10-01 10:24:21
MAZDOCK,Mazagon Dock Shipbuilders Limited,Industrials,Aerospace & Defense,84988.13,31.36,27.36,8.71,,,4.48,,,14.19,20.12,0.99,67.19,77.01,,21.5,12.1,241.83,INR,2026-10-01 10:24:23
MBAPL,Madhya Bharat Agro Products Limited,Basic Materials,Agricultural Inputs,7374.68,47.55,,13.42,,,1.57,,,14.2,8.24,6.0,3.54,,,16.9,1.6,12.55,INR,2026-10-01 10:24:26
MBEL,M & B Engineering Limited,Industrials,Engineering & Construction,1446.79,14.42,9.73,2.18,,,0.13,,,9.27,7.36,40.0,17.55,26.0,,22.0,22.5,115.84,INR,2026-10-01 10:24:28
MBLINFRA,MBL Infrastructure Limited,Industrials,Engineering & Construction,359.3,,,0.36,,,1.03,,,-10.89,-8.27,,-0.93,,,,35.6,64.41,INR,2026-10-01 10:24:30
MCCHRLS-B,Mac Charles (India) Limited,Industrials,Conglomerates,,,,-86.08,,,,,,61.58,-95.05,,-87.61,,,,47.9,-8.01,INR,2026-10-01 10:24:33
MCL,M Tek Copper Limited,Basic Materials,Copper,154.12,34.41,,3.07,,,0.83,,,3.31,1.67,,1.65,,,0.3,73.7,18.49,INR,2026-10-01 10:24:35
MCLEODRUSS,McLeod Russel India Limited,Consumer Defensive,Packaged Foods,448.01,,,-8.88,,,,,,5.14,-7.79,,-8.95,,,,21.0,-4.83,INR,2026-10-01 10:24:38
MCLOUD,Magellanic Cloud Limited,Technology,Information Technology Services,1453.23,13.19,,2.11,,,0.43,,,20.0,15.43,12.0,1.87,,,-14.6,10.0,11.71,INR,2026-10-01 10:24:40
MCX,Multi Commodity Exchange of India Limited,Financial Services,Financial Data & Stock Exchanges,83926.02,54.59,40.74,19.94,,,0.11,,,69.58,55.56,24.0,60.4,80.94,,103.5,85.3,165.34,INR,2026-10-01 10:24:42
MEDANTA,Global Health Limited,Healthcare,Medical Care Facilities,36621.41,65.96,40.55,9.24,,,0.3,,,16.7,11.88,4.0,20.66,33.61,,-0.2,26.5,147.47,INR,2026-10-01 10:24:45
MEDIASSIST,Medi Assist Healthcare Services Limited,Healthcare,Healthcare Plans,2257.86,23.87,16.7,2.63,,,0.06,,,11.06,9.8,0.66,12.66,18.1,,23.6,24.1,115.06,INR,2026-10-01 10:24:47
MEDICAMEQ,Medicamen Biotech Limited,Healthcare,Drug Manufacturers - Specialty & Generic,429.13,43.46,,1.35,,,0.17,,,6.97,4.66,31.0,7.28,,,-1.6,12.1,234.32,INR,2026-10-01 10:24:49
MEDICAPQ,Medi-Caps Limited,Real Estate,Real Estate - Diversified,32.85,,,0.29,,,,,,-81.97,-14.17,,-1.43,,,,3.7,89.53,INR,2026-10-01 10:24:52
MEDICO,Medico Remedies Limited,Healthcare,Drug Manufacturers - Specialty & Generic,184.39,13.23,,2.43,,,0.25,,,3.71,5.82,,1.68,,,38.5,81.4,9.15,INR,2026-10-01 10:24:55
MEDPLUS,MedPlus Health Services Limited,Healthcare,Pharmaceutical Retailers,7848.33,37.28,28.81,3.97,,,0.72,,,2.94,2.91,,17.53,22.68,,-21.7,21.8,164.55,INR,2026-10-01 10:24:57
MEESHO,Meesho Limited,Consumer Cyclical,Internet Retail,104211.15,,165.53,23.72,,,1.43,,,-6.58,-8.68,,-2.6,1.36,,,48.3,9.49,INR,2026-10-01 10:24:59
MEGASTAR,Megastar Foods Limited,Consumer Defensive,Packaged Foods,280.08,28.8,,2.73,,,1.28,,,3.9,1.78,,8.61,,,38.1,23.5,90.9,INR,2026-10-01 10:25:01
MEIL,Mangal Electrical Industries Limited,Industrials,Electrical Equipment & Parts,725.01,13.94,,1.21,,,0.08,,,8.06,7.62,,18.83,,,101.5,40.3,216.69,INR,2026-10-01 10:25:04
MERCANTILE,Mercantile Ventures Limited,Real Estate,Real Estate Services,,35.45,,0.97,,,,,,-1.1,7.73,,0.66,,,,9.3,24.09,INR,2026-10-01 10:25:06
MERCURYEV,Mercury Ev-Tech Limited,Consumer Cyclical,Auto Manufacturers,730.64,160.25,,2.63,,,,,,7.92,3.64,,0.24,,,-4.2,46.3,14.61,INR,2026-10-01 10:25:09
METROBRAND,Metro Brands Limited,Consumer Cyclical,Apparel Retail,22682.44,55.85,40.11,11.37,,,0.77,,,18.0,13.75,0.71,14.9,20.75,,-4.8,14.7,73.16,INR,2026-10-01 10:25:12
METROGLOBL,MetroGlobal Limited,Industrials,Conglomerates,160.72,6.97,,0.39,,,0.81,,,8.83,7.0,1.9,18.7,,,25.3,25.6,330.99,INR,2026-10-01 10:25:14
METROPOLIS,Metropolis Healthcare Limited,Healthcare,Diagnostics & Research,11229.48,55.63,34.92,7.42,,,0.15,,,17.5,11.79,36.0,9.73,15.5,,25.8,16.6,72.98,INR,2026-10-01 10:25:17
MFML,Mahalaxmi Fabric Mills Limited,Consumer Cyclical,Textile Manufacturing,20.58,,,0.21,,,0.79,,,4.64,-1.89,,-2.39,,,-98.5,-9.6,91.99,INR,2026-10-01 10:25:19
MFSL,Max Financial Services Limited,Financial Services,Insurance - Life,47848.98,435.56,124.51,9.06,,,0.36,,,1.19,0.22,,3.2,11.19,,37.2,16.8,153.85,INR,2026-10-01 10:25:22
MGEL,Mangalam Global Enterprise Limited,Consumer Defensive,Farm Products,521.69,11.07,,2.1,,,0.87,,,1.85,1.36,6.0,1.43,,,31.0,10.9,7.55,INR,2026-10-01 10:25:25
MGL,Mahanagar Gas Limited,Utilities,Utilities - Regulated Gas,10351.91,14.48,11.21,1.61,,,3.46,,,9.85,8.38,3.43,72.38,93.46,,-39.3,13.9,650.7,INR,2026-10-01 10:25:27
MHRIL,Mahindra Holidays & Resorts India Limited,Consumer Cyclical,Resorts & Casinos,3990.18,75.23,18.49,5.13,,,4.89,,,0.46,1.75,,2.63,10.7,,,4.5,38.57,INR,2026-10-01 10:25:30
MIDHANI,Mishra Dhatu Nigam Limited,Basic Materials,Steel,8109.95,59.96,35.01,5.29,,,0.27,,,8.36,10.56,0.57,7.22,12.37,,27.0,40.5,81.81,INR,2026-10-01 10:25:33
MIDWESTLTD,Midwest Limited,Basic Materials,Building Materials,3203.85,29.45,13.32,3.2,,,0.2,,,20.85,15.97,,30.08,66.5,,26.7,34.8,277.17,INR,2026-10-01 10:25:36
MIIL,Meghna Infracon Infrastructure Limited,Real Estate,Real Estate - Development,1474.28,468.03,,54.11,,,0.83,,,8.03,10.32,4.0,1.45,,,-61.6,-20.6,12.54,INR,2026-10-01 10:25:38
MILKYMIST,Milky Mist Dairy Food Limited,Consumer Defensive,Packaged Foods,23711.18,127.27,60.39,42.72,,,3.62,,,10.01,5.39,,2.42,5.1,,889.8,43.3,7.21,INR,2026-10-01 10:25:41
MINDACORP,Minda Corporation Limited,Consumer Cyclical,Auto Parts,16211.66,32.82,29.64,6.14,,,0.55,,,7.74,7.54,24.0,20.99,23.24,,215.5,33.2,112.12,INR,2026-10-01 10:25:44
MINDTECK,Mindteck (India) Limited,Technology,Information Technology Services,484.36,15.56,,1.6,,,1.28,,,6.73,7.59,0.65,9.74,,,-4.5,2.7,95.0,INR,2026-10-01 10:25:46
MIRZAINT,Mirza International Limited,Consumer Cyclical,Footwear & Accessories,386.27,,4.82,0.69,,,3.71,,,-3.3,-4.37,,-1.62,5.8,,,-9.6,40.72,INR,2026-10-01 10:25:48
MITCON,MITCON Consultancy & Engineering Services Limited,Industrials,Engineering & Construction,140.24,14.88,,0.89,6.01,4.38,0.57,1.54,1.03,21.36,6.44,,5.41,,,179.1,18.6,90.65,INR,2026-10-01 10:25:51
MITTAL,Mittal Life Style Limited,Consumer Cyclical,Textile Manufacturing,31.52,14.2,,0.49,,,0.29,,,7.92,3.3,,0.05,,,1931.3,-9.9,1.45,INR,2026-10-01 10:25:53
MKEXIM,M.K. Exim (India) Limited,Consumer Defensive,Household & Personal Products,266.42,13.52,,2.22,,,1.46,,,31.04,20.12,0.9,4.88,,,-4.5,2.4,29.79,INR,2026-10-01 10:25:55
MKPL,M. K. Proteins Limited,Consumer Defensive,Packaged Foods,150.14,30.62,,1.98,,,0.49,,,2.06,1.23,,0.13,,,-60.7,0.2,2.01,INR,2026-10-01 10:25:58
MLKFOOD,Milkfood Limited,Consumer Defensive,Packaged Foods,,4.81,,0.92,,,0.49,,,2.31,10.75,,17.67,,,,10.3,91.97,INR,2026-10-01 10:26:00
MMFL,M M Forgings Limited,Industrials,Metal Fabrication,2800.33,16.47,14.06,2.87,,,1.27,,,10.72,6.88,1.31,35.22,41.25,,78.1,16.3,201.99,INR,2026-10-01 10:26:02
MMP,MMP Industries Limited,Basic Materials,Aluminum,1207.51,22.7,,3.49,,,0.53,,,7.62,5.74,42.0,20.94,,,,26.9,136.34,INR,2026-10-01 10:26:05
MMTC,MMTC Limited,Industrials,Conglomerates,8463.0,19.06,,3.99,,,0.11,,,-3072.06,16386.81,,2.96,,,135.5,-50.0,14.13,INR,2026-10-01 10:26:07
MMWL,Media Matrix Worldwide Limited,Communication Services,Entertainment,1762.55,259.33,,26.33,,,1.16,,,1.46,0.49,,0.06,,,84.5,83.4,0.59,INR,2026-10-01 10:26:10
MOBIKWIK,One MobiKwik Systems Limited,Technology,Software - Infrastructure,1572.65,,20.17,2.9,,,0.51,,,12.29,-1.11,,-1.57,9.9,,,3.7,68.84,INR,2026-10-01 10:26:13
MODINATUR,Modi Naturals Limited,Consumer Defensive,Packaged Foods,447.09,8.53,,2.6,,,0.94,,,12.38,7.27,,39.37,,,19.1,0.4,129.36,INR,2026-10-01 10:26:16
MODIRUBBER,Modi Rubber Limited,Real Estate,Real Estate Services,296.23,11830.0,,0.44,,,3.36,,,-74.07,0.02,,0.01,,,-12.9,10.1,270.14,INR,2026-10-01 10:26:18
MODIS,Modi's Navnirman Limited,Real Estate,Real Estate - Development,720.96,23.31,,4.6,,,4.03,,,19.81,15.33,,15.79,,,26.4,27.9,79.97,INR,2026-10-01 10:26:20
MODISONLTD,Modison Limited,Industrials,Electrical Equipment & Parts,1577.23,15.53,,5.74,,,0.64,,,17.67,12.0,1.3,31.3,,,603.7,101.6,84.64,INR,2026-10-01 10:26:23
MODTHREAD,Modern Threads (India) Limited,Consumer Cyclical,Textile Manufacturing,169.15,9.35,,,,,,,,0.0,0.0,,5.2,,,,,,INR,2026-10-01 10:26:25
MOHITE,Mohite Industries Limited,Consumer Cyclical,Textile Manufacturing,50.85,23.0,,0.39,,,0.84,,,-12.32,1.49,,0.11,,,,-29.8,6.46,INR,2026-10-01 10:26:28
MOHITIND,Mohit Industries Limited,Consumer Cyclical,Textile Manufacturing,31.43,,,0.32,,,0.6,,,-3.64,-0.49,,-0.47,,,,-23.0,70.0,INR,2026-10-01 10:26:30
MOIL,MOIL Limited,Basic Materials,Other Industrial Metals & Mining,4826.06,15.89,8.84,1.78,,,,,,24.64,20.3,5.94,14.93,26.83,,70.1,6.6,133.1,INR,2026-10-01 10:26:32
MOKSH,Moksh Ornaments Limited,Consumer Cyclical,Luxury Goods,79.98,7.64,,0.62,,,0.19,,,1.63,1.32,,1.25,,,28.2,77.6,15.46,INR,2026-10-01 10:26:35
MOL,Meghmani Organics Limited,Basic Materials,Agricultural Inputs,1428.48,22.2,,0.91,,,0.47,,,12.55,3.06,,2.53,,,280.0,-11.5,61.55,INR,2026-10-01 10:26:37
MOLBIO,Molbio Diagnostics Limited,Healthcare,Medical Devices,15780.97,63.4,,13.21,,,0.34,,,20.45,14.2,,21.6,,,,309.6,103.7,INR,2026-10-01 10:26:40
MOLDTKPAC,Mold-Tek Packaging Limited,Consumer Cyclical,Packaging & Containers,2174.83,28.59,18.95,3.15,,,0.32,,,13.08,8.04,0.93,22.89,34.53,,14.2,24.9,207.59,INR,2026-10-01 10:26:43
MONARCH,Monarch Networth Capital Limited,Financial Services,Capital Markets,2696.48,14.91,,2.77,,,3.83,,,62.64,50.53,29.0,22.81,,,-0.2,-8.3,122.6,INR,2026-10-01 10:26:45
MONEYBOXX,Moneyboxx Finance Limited,Financial Services,Credit Services,383.18,288.89,,1.29,,,2.28,,,0.84,1.13,,0.19,,,-15.0,-4.5,42.43,INR,2026-10-01 10:26:47
MONTECARLO,Monte Carlo Fashions Limited,Consumer Cyclical,Apparel Manufacturing,1084.29,10.34,10.28,1.2,,,0.64,,,-20.04,8.15,3.87,50.59,50.9,,,7.6,437.63,INR,2026-10-01 10:26:50
MOREPENLAB,Morepen Laboratories Limited,Healthcare,Drug Manufacturers - Specialty & Generic,7391.35,52.69,,6.09,,,0.17,,,13.01,7.2,16.0,2.56,,,424.7,34.1,22.17,INR,2026-10-01 10:26:52
MOSCHIP,MosChip Technologies Limited,Technology,Semiconductor Equipment & Materials,3930.92,151.58,,9.56,,,0.22,,,2.99,4.72,,1.33,,,-77.5,-14.3,21.08,INR,2026-10-01 10:26:55
MOTHERSON,Samvardhana Motherson International Limited,Consumer Cyclical,Auto Parts,168752.45,38.52,23.07,4.12,,,0.44,,,4.98,3.36,31.0,4.16,6.95,,101.6,16.6,38.91,INR,2026-10-01 10:26:57
MOTILALOFS,Motilal Oswal Financial Services Limited,Financial Services,Capital Markets,59444.51,30.61,16.7,4.6,,,1.66,,,51.27,22.96,1.11,32.21,59.02,,9.6,23.9,214.14,INR,2026-10-01 10:27:00
MOTISONS,Motisons Jewellers Limited,Consumer Cyclical,Luxury Goods,2062.3,26.66,,3.77,,,0.08,,,14.82,13.09,,0.68,,,37.6,23.3,4.81,INR,2026-10-01 10:27:02
MOTOGENFIN,The Motor & General Finance Limited,Real Estate,Real Estate Services,98.32,0.66,,0.44,,,,,,63.72,1282.97,,38.43,,,884.9,80.5,57.4,INR,2026-10-01 10:27:05
MPHASIS,Mphasis Limited,Technology,Information Technology Services,42767.83,22.42,17.65,3.77,17.74,9.04,0.25,1.46,1.26,14.78,11.56,2.88,99.96,127.01,2.4,10.8,17.5,594.06,INR,2026-10-01 10:27:07
MPSLTD,MPS Limited,Communication Services,Publishing,4548.08,24.15,20.64,7.62,,,0.1,,,30.35,23.36,2.89,110.92,129.8,,43.0,20.4,351.41,INR,2026-10-01 10:27:09
MRF,MRF Limited,Consumer Cyclical,Auto Parts,52403.56,22.06,18.45,2.5,,,0.15,,,6.45,7.58,37.0,5600.14,6695.65,,-1.0,9.6,49454.97,INR,2026-10-01 10:27:12
MRPL,Mangalore Refinery and Petrochemicals Limited,Energy,Oil & Gas Refining & Marketing,28798.7,9.16,3.21,2.02,,,1.08,,,2.4,2.87,2.36,17.93,51.2,,,120.4,81.31,INR,2026-10-01 10:27:15
MSL,Mangalam Seeds Limited,Basic Materials,Agricultural Inputs,149.11,17.92,,1.63,,,0.55,,,8.33,6.66,,7.58,,,3.1,25.8,83.38,INR,2026-10-01 10:27:17
MSPL,MSP Steel & Power Limited,Basic Materials,Steel,1861.93,52.14,-1.9,1.81,,,0.31,,,4.62,1.28,,0.63,-17.3,,23.2,16.3,18.18,INR,2026-10-01 10:27:19
MSTCLTD,MSTC Limited,Industrials,Conglomerates,4987.49,21.27,,5.52,,,0.16,,,58.12,60.63,2.2,33.3,,,37.5,21.7,128.41,INR,2026-10-01 10:27:22
MSUMI,Motherson Sumi Wiring India Limited,Consumer Cyclical,Auto Parts,22381.86,35.9,22.96,10.35,,,0.11,,,5.85,5.09,1.7,0.94,1.47,,1.6,36.4,3.26,INR,2026-10-01 10:27:24
MTNL,Mahanagar Telephone Nigam Limited,Communication Services,Telecom Services,1440.18,,,-0.05,,,,,,-43.86,0.0,,-47.72,,,,229.9,-475.33,INR,2026-10-01 10:27:27
MUFIN,Mufin Green Finance Limited,Financial Services,Credit Services,2592.95,61.14,,4.01,,,2.43,,,57.06,41.07,,2.14,,,302.3,49.0,32.66,INR,2026-10-01 10:27:29
MUFTI,Credo Brands Marketing Limited,Consumer Cyclical,Apparel Retail,465.15,10.73,,1.06,,,0.52,,,5.86,7.27,2.77,6.63,,,-63.7,4.4,67.1,INR,2026-10-01 10:27:31
MUKANDLTD,Mukand Limited,Basic Materials,Steel,2615.37,4.14,,1.72,,,1.11,,,-0.79,12.35,1.11,43.77,,,97.6,20.7,105.36,INR,2026-10-01 10:27:34
MUKESHB,Mukesh Babu Financial Services Limited,Financial Services,Capital Markets,87.14,35.82,,0.25,,,0.14,,,73.77,15.62,,3.49,,,-65.5,-42.9,492.46,INR,2026-10-01 10:27:36
MUKKA,Mukka Proteins Limited,Consumer Defensive,Packaged Foods,764.4,10.98,,1.53,,,1.47,,,8.82,3.93,,2.32,,,1145.1,186.7,16.7,INR,2026-10-01 10:27:39
MUNJALAU,Munjal Auto Industries Limited,Consumer Cyclical,Auto Parts,1077.5,21.46,,2.41,,,0.91,,,3.61,2.0,0.94,5.02,,,63.2,42.4,44.76,INR,2026-10-01 10:27:41
MUNJALSHOW,Munjal Showa Limited,Consumer Cyclical,Auto Parts,499.94,20.13,,0.74,,,,,,-0.06,1.8,3.56,6.21,,,35.5,21.5,169.53,INR,2026-10-01 10:27:43
MURUDCERA,Murudeshwar Ceramics Ltd.,Industrials,Building Products & Equipment,170.07,17.23,,0.39,,,0.37,,,11.41,4.62,1.64,1.63,,,-58.1,8.6,72.02,INR,2026-10-01 10:27:46
MUTHOOTCAP,Muthoot Capital Services Limited,Financial Services,Credit Services,356.32,14.87,,0.53,,,4.82,,,14.51,9.28,,14.57,,,,64.0,407.61,INR,2026-10-01 10:27:48
MUTHOOTFIN,Muthoot Finance Limited,Financial Services,Credit Services,109966.24,9.67,8.58,2.71,31.74,6.4,3.94,106.85,106.85,74.57,55.5,1.1,283.29,319.23,,38.8,35.3,1011.32,INR,2026-10-01 10:27:50
MUTHOOTMF,Muthoot Microfin Limited,Financial Services,Credit Services,2952.53,12.04,5.79,1.03,,,3.41,,,32.11,20.95,,14.62,30.4,,1215.3,48.3,170.14,INR,2026-10-01 10:27:53
MVELECTRO,MV Electrosystems Limited,Industrials,Electrical Equipment & Parts,2287.11,,,27.41,,,0.9,,,-53.91,-28.27,,-4.66,,,,-5.0,30.58,INR,2026-10-01 10:27:55
MVGJL,Manoj Vaibhav Gems 'N' Jewellers Limited,Consumer Cyclical,Luxury Goods,1022.87,8.39,,1.23,,,0.59,,,5.91,4.19,,24.96,,,33.9,30.1,170.46,INR,2026-10-01 10:27:57
MWL,Mangalam Worldwide Limited,Basic Materials,Steel,1273.27,24.5,,4.25,,,1.6,,,8.21,4.16,7.0,1.75,,,17.8,14.7,10.09,INR,2026-10-01 10:28:00
NACLIND,NACL Industries Limited,Basic Materials,Agricultural Inputs,3077.49,262.76,,4.51,,,0.46,,,8.48,0.81,,0.5,,,59.8,-14.5,29.16,INR,2026-10-01 10:28:02
NAGREEKCAP,Nagreeka Capital & Infrastructure Ltd.,Financial Services,Asset Management,34.31,5.07,,1.2,,,3.8,,,27.28,11.64,,5.36,,,-0.9,108.3,22.62,INR,2026-10-01 10:28:05
NAGREEKEXP,Nagreeka Exports Limited,Consumer Cyclical,Textile Manufacturing,70.06,21.98,,0.43,,,1.09,,,2.52,0.53,,1.02,,,12.7,92.5,51.93,INR,2026-10-01 10:28:07
NAHARCAP,Nahar Capital and Financial Services Limited,Financial Services,Capital Markets,408.61,3.43,,0.25,,,0.6,,,80.08,226.49,0.63,71.11,,,487.4,24.6,959.65,INR,2026-10-01 10:28:10
NAHARINDUS,Nahar Industrial Enterprises Limited,Consumer Cyclical,Textile Manufacturing,561.67,7.78,,0.54,,,0.65,,,13.6,5.4,,16.71,,,510.5,-18.5,241.42,INR,2026-10-01 10:28:12
NAHARPOLY,Nahar Poly Films Limited,Consumer Cyclical,Packaging & Containers,562.57,7.79,,0.65,,,0.09,,,4.41,10.83,0.65,29.38,,,-35.9,-18.7,352.7,INR,2026-10-01 10:28:15
NAHARSPING,Nahar Spinning Mills Limited,Consumer Cyclical,Textile Manufacturing,930.48,11.79,,0.62,,,0.65,,,10.62,2.25,38.0,21.88,,,337.8,17.9,416.5,INR,2026-10-01 10:28:17
NAM-INDIA,Nippon Life India Asset Management Limited,Financial Services,Asset Management,67902.05,42.1,31.7,14.53,,,1.62,,,71.08,52.51,2.01,25.2,33.46,,27.2,24.5,73.01,INR,2026-10-01 10:28:19
NARMADA,Narmada Agrobase Limited,Basic Materials,Agricultural Inputs,95.6,26.81,,1.61,,,0.17,,,4.01,4.01,,0.47,,,-26.0,100.9,7.82,INR,2026-10-01 10:28:22
NATCOPHARM,NATCO Pharma Limited,Healthcare,Drug Manufacturers - Specialty & Generic,15168.87,13.02,17.42,1.6,,,0.08,,,18.96,32.84,0.73,63.36,47.37,,-57.0,-44.7,514.92,INR,2026-10-01 10:28:24
NATHBIOGEN,Nath Bio-Genes (India) Limited,Basic Materials,Agricultural Inputs,270.65,5.92,,0.47,,,0.2,,,10.4,9.31,1.41,24.01,,,-13.5,15.8,304.36,INR,2026-10-01 10:28:26
NATIONALUM,National Aluminium Company Limited,Basic Materials,Aluminum,61710.83,9.14,8.66,2.86,,,0.28,,,47.62,34.91,1.17,36.75,38.81,,90.9,39.3,117.65,INR,2026-10-01 10:28:29
NATIONSTD,National Standard (India) Limited,Real Estate,Real Estate - Development,228.02,20.32,,0.81,,,,,,107.08,57.79,,5.61,,,157.4,,140.62,INR,2026-10-01 10:28:31
NAUKRI,Info Edge (India) Limited,Communication Services,Internet Content & Information,78512.27,49.21,51.39,2.07,,,0.64,,,34.81,47.4,1.18,24.63,23.59,2.39,50.6,11.4,585.32,INR,2026-10-01 10:28:33
NAVA,Nava Limited,Industrials,Conglomerates,15749.35,20.79,,1.8,,,0.21,,,35.09,17.54,1.52,26.74,,,-10.0,1.6,309.02,INR,2026-10-01 10:28:36
NAVINFLUOR,Navin Fluorine International Limited,Basic Materials,Chemicals,42267.62,53.43,40.96,10.62,,,0.32,,,30.18,21.73,18.0,154.18,201.14,,107.7,44.1,775.55,INR,2026-10-01 10:28:39
NAVKARCORP,Navkar Corporation Limited,Industrials,Integrated Freight & Logistics,1306.66,32.64,6.87,0.67,,,0.09,,,10.22,5.38,,2.66,12.63,,401.9,38.3,130.08,INR,2026-10-01 10:28:41
NAVNETEDUL,Navneet Education Limited,Communication Services,Publishing,2723.8,8.06,14.15,1.32,,,0.05,,,22.72,19.59,3.71,15.27,8.7,,-10.2,-0.8,92.97,INR,2026-10-01 10:28:43
NAZARA,Nazara Technologies Limited,Communication Services,Electronic Gaming & Multimedia,15203.19,,61.27,4.99,,,0.06,,,-0.29,-1.29,,-1.45,6.45,,,-14.0,79.2,INR,2026-10-01 10:28:51
NBCC,NBCC (India) Limited,Industrials,Engineering & Construction,21162.6,28.5,27.99,7.05,,,0.01,,,9.31,5.69,1.38,2.75,2.8,,17.2,-5.9,11.12,INR,2026-10-01 10:28:53
NBIFIN,N.B.I. Industrial Finance Company Limited,Financial Services,Capital Markets,555.51,40.07,,0.21,,,,,,68.95,64.25,4.0,46.92,,,,419.5,8928.89,INR,2026-10-01 10:28:55
NCC,NCC Limited,Industrials,Engineering & Construction,8057.78,11.51,9.48,1.02,,,0.57,,,8.19,3.26,1.71,11.15,13.54,,12.6,12.2,125.33,INR,2026-10-01 10:28:57
NCLIND,NCL Industries Limited,Basic Materials,Building Materials,779.63,6.53,5.6,0.78,,,0.32,,,8.45,6.32,2.3,26.39,30.8,,-14.3,1.5,219.72,INR,2026-10-01 10:28:59
NDGL,Naga Dhunseri Group Limited,Financial Services,Capital Markets,250.0,,,,,,,,,0.0,0.0,10.0,-3.22,,,,,,INR,2026-10-01 10:29:02
NDL,Nandan Denim Limited,Consumer Cyclical,Textile Manufacturing,379.11,,0.14,0.58,,,0.18,,,2.05,1.5,,-0.45,18.19,,32.1,-40.6,4.52,INR,2026-10-01 10:29:04
NDLVENTURE,NDL Ventures Limited,Communication Services,Entertainment,420.86,543.43,,6.4,,,,,,-90.92,711.08,41.0,0.23,,,-63.3,,19.54,INR,2026-10-01 10:29:07
NDRAUTO,NDR Auto Components Limited,Consumer Cyclical,Auto Parts,1697.3,26.13,,4.73,,,0.17,,,8.56,7.54,0.54,27.23,,,20.6,19.6,150.4,INR,2026-10-01 10:29:09
NDTV,New Delhi Television Limited,Communication Services,Broadcasting,770.82,,,6.01,,,1.99,,,-66.22,-62.07,,-33.14,,,,8.9,11.37,INR,2026-10-01 10:29:12
NEAGI,Neelamalai Agro Industries Limited,Consumer Defensive,Farm Products,,5.6,,0.63,,,,,,-8.57,144.53,,590.8,,,99.0,-0.3,5260.88,INR,2026-10-01 10:29:14
NECLIFE,Nectar Lifesciences Limited,Healthcare,Drug Manufacturers - Specialty & Generic,202.61,,3.51,0.36,,,,,,-168707.59,0.0,,-3.43,2.97,,,-100.0,28.98,INR,2026-10-01 10:29:16
NELCAST,Nelcast Limited,Industrials,Metal Fabrication,1082.52,26.29,28.01,1.81,,,0.43,,,2.61,3.07,0.59,4.72,4.43,,-58.9,2.8,68.58,INR,2026-10-01 10:29:18
NELCO,Nelco Limited,Technology,Communication Equipment,2093.7,556.09,,16.25,,,0.57,,,4.0,1.24,11.0,1.65,,,30.0,6.7,56.46,INR,2026-10-01 10:29:20
NEOGEN,Neogen Chemicals Limited,Basic Materials,Specialty Chemicals,7378.42,183.01,42.49,7.93,,,1.71,,,15.99,3.85,4.0,13.42,57.8,,66.8,34.0,309.59,INR,2026-10-01 10:29:23
NEPHROPLUS,Nephrocare Health Services Limited,Healthcare,Medical Care Facilities,6515.72,76.32,30.66,5.82,,,0.07,,,13.96,8.08,,8.49,21.13,,34.9,23.7,111.27,INR,2026-10-01 10:29:25
NESCO,Nesco Limited,Industrials,Conglomerates,7314.45,17.66,19.48,2.44,,,0.09,,,52.58,39.13,0.67,58.79,53.3,,3.9,15.3,425.27,INR,2026-10-01 10:29:27
NESTLEIND,Nestlé India Limited,Consumer Defensive,Packaged Foods,252358.48,66.16,52.69,48.94,,,0.09,,,21.17,15.62,0.92,19.78,24.84,,48.3,25.2,26.74,INR,2026-10-01 10:29:29
NETWEB,Netweb Technologies India Limited,Technology,Computer Hardware,27357.76,100.2,55.15,36.13,,,0.39,,,14.3,9.65,7.0,45.93,83.44,,179.9,172.1,127.36,INR,2026-10-01 10:29:31
NETWORK18,Network18 Media & Investments Limited,Communication Services,Entertainment,3975.51,,,0.8,,,0.66,,,-4.56,-1.59,,-0.23,,,,10.3,32.23,INR,2026-10-01 10:29:34
NEULANDLAB,Neuland Laboratories Limited,Healthcare,Drug Manufacturers - Specialty & Generic,27135.22,54.37,43.09,14.48,,,0.16,,,30.6,20.99,16.0,389.03,490.83,,962.4,119.2,1461.02,INR,2026-10-01 10:29:36
NEWGEN,Newgen Software Technologies Limited,Technology,Software - Infrastructure,6615.26,21.06,16.03,3.72,,,2.21,,,13.09,19.48,1.28,22.22,29.2,,26.3,11.2,125.91,INR,2026-10-01 10:29:38
NEXTMEDIA,Next Mediaworks Limited,Communication Services,Broadcasting,24.68,,,-0.69,,,,,,0.0,0.0,,-0.75,,,,,-5.33,INR,2026-10-01 10:29:41
NFL,National Fertilizers Limited,Basic Materials,Agricultural Inputs,3164.23,8.75,,1.11,,,1.4,,,3.63,1.62,1.6,7.37,,,,27.3,57.93,INR,2026-10-01 10:29:43
NGIL,Nakoda Group of Industries Limited,Consumer Defensive,Packaged Foods,68.75,40.83,,2.34,,,0.45,,,8.1,3.66,,0.96,,,86.0,20.1,16.75,INR,2026-10-01 10:29:45
NGLFINE,NGL Fine-Chem Limited,Healthcare,Drug Manufacturers - General,1805.71,31.52,,5.48,,,0.37,,,12.96,10.69,6.0,92.73,,,99.1,33.6,532.92,INR,2026-10-01 10:29:47
NH,Narayana Hrudayalaya Limited,Healthcare,Medical Care Facilities,35558.72,43.24,24.98,7.84,,,1.29,,,11.69,9.0,25.0,40.49,70.08,,5.4,78.0,223.4,INR,2026-10-01 10:29:49
NHPC,NHPC Limited,Utilities,Utilities - Renewable,72585.42,26.47,11.29,1.76,,,1.13,,,46.02,31.09,2.21,2.73,6.4,,2.9,18.5,41.15,INR,2026-10-01 10:29:52
NIACL,The New India Assurance Company Limited,Financial Services,Insurance - Diversified,27053.57,34.85,8.49,0.7,,,,,,-1.65,1.49,0.9,4.71,19.34,,,1.5,233.87,INR,2026-10-01 10:29:54
NIBE,Nibe Limited,Industrials,Aerospace & Defense,1902.69,,,5.12,,,0.34,,,-21.95,-1.6,11.0,-4.7,,,,-23.6,239.66,INR,2026-10-01 10:29:56
NIBL,NRB Industrial Bearings Limited,Industrials,Tools & Accessories,77.08,,,-0.65,,,,,,-21.97,-40.76,,-12.43,,,,1.9,-49.2,INR,2026-10-01 10:29:58
NICCOPAR,Nicco Parks & Resorts Limited,Consumer Cyclical,Leisure,386.76,65.59,,3.7,,,0.37,,,26.46,9.99,1.23,1.26,,,,-27.6,22.35,INR,2026-10-01 10:30:01
NIITLTD,NIIT Limited,Consumer Defensive,Education & Training Services,1175.41,126.18,27.68,1.11,,,0.65,,,-13.88,2.24,1.16,0.68,3.1,,84.7,13.7,77.5,INR,2026-10-01 10:30:03
NIITMTS,NIIT Learning Systems Limited,Consumer Defensive,Education & Training Services,2755.32,10.96,9.28,1.78,,,0.21,,,12.65,12.38,1.59,18.24,21.55,,16.4,25.2,112.25,INR,2026-10-01 10:30:05
NILAINFRA,Nila Infrastructures Limited,Real Estate,Real Estate - Development,270.6,10.9,,1.44,,,0.13,,,9.53,8.22,,0.63,,,25.7,-19.9,4.76,INR,2026-10-01 10:30:08
NILASPACES,Nila Spaces Limited,Real Estate,Real Estate - Development,437.22,14.23,,2.49,,,0.46,,,35.52,16.32,,0.78,,,44.5,14.3,4.46,INR,2026-10-01 10:30:11
NILE,Nile Limited,Basic Materials,Other Industrial Metals & Mining,366.23,7.57,,1.16,,,3.79,,,3.41,4.51,,161.12,,,-45.2,14.4,1050.13,INR,2026-10-01 10:30:13
NILKAMAL,Nilkamal Limited,Consumer Cyclical,"Furnishings, Fixtures & Appliances",2815.09,22.5,16.1,1.78,,,0.26,,,4.41,3.36,1.05,83.55,116.8,,60.1,-7.2,1057.05,INR,2026-10-01 10:30:15
NIMBSPROJ,Nimbus Projects Limited,Real Estate,Real Estate - Development,363.31,,,0.44,,,0.85,,,-424.82,-17.53,,-14.42,,,,-24.7,424.89,INR,2026-10-01 10:30:18
NINSYS,NINtec Systems Limited,Technology,Information Technology Services,1494.25,46.23,,16.29,,,2.06,,,24.96,18.94,,17.4,,,20.2,18.1,49.37,INR,2026-10-01 10:30:20
NIPPOBATRY,Indo National Limited,Industrials,Electrical Equipment & Parts,243.11,,,0.8,,,0.11,,,-2.79,-5.62,1.16,-33.63,,,108.5,-2.8,403.35,INR,2026-10-01 10:30:22
NIRAJ,Niraj Cement Structurals Limited,Industrials,Engineering & Construction,165.95,6.98,,0.62,,,0.29,,,7.28,4.29,,3.98,,,257.1,10.6,44.7,INR,2026-10-01 10:30:25
NIRLON,Nirlon Limited,Real Estate,Real Estate Services,5454.39,15.28,,11.64,,,2.45,,,68.47,52.92,4.95,39.62,,,18.8,3.3,51.98,INR,2026-10-01 10:30:27
NITCO,NITCO Limited,Industrials,Building Products & Equipment,2181.5,,,5.38,,,0.86,,,-6.61,-5.57,,-1.24,,,,-22.9,16.05,INR,2026-10-01 10:30:29
NITINSPIN,Nitin Spinners Limited,Consumer Cyclical,Textile Manufacturing,3343.97,15.78,11.35,2.27,,,0.76,,,13.48,6.43,49.0,37.7,52.42,,83.6,10.3,261.51,INR,2026-10-01 10:30:32
NITIRAJ,Nitiraj Engineers Limited,Technology,Scientific & Technical Instruments,217.31,90.21,,2.65,,,0.03,,,6.07,4.4,0.66,2.35,,,,78.8,80.09,INR,2026-10-01 10:30:34
NITTAGELA,Nitta Gelatin India Limited,Basic Materials,Specialty Chemicals,1520.85,14.64,,2.97,,,0.82,,,24.22,17.47,41.0,114.43,,,31.3,-0.3,563.11,INR,2026-10-01 10:30:37
NIVABUPA,Niva Bupa Health Insurance Company Limited,Financial Services,Insurance - Life,13731.76,74.24,21.91,3.58,12.14,,0.07,1358.16,114.67,7.81,4.81,,1.0,3.39,,92.9,27.9,20.74,INR,2026-10-01 10:30:39
NKIND,N.K. Industries Limited,Consumer Defensive,Household & Personal Products,32.34,,,-0.09,,,,,,-40.81,-33.27,,-5.97,,,,-44.3,-602.36,INR,2026-10-01 10:30:41
NLCINDIA,NLC India Limited,Utilities,Utilities - Regulated Electric,35733.63,10.85,9.51,1.66,,,1.1,,,17.08,17.46,1.47,23.76,27.1,,-39.3,23.3,155.24,INR,2026-10-01 10:30:44
NMDC,NMDC Limited,Basic Materials,Steel,67160.69,9.14,7.39,1.97,,,0.19,,,34.81,23.22,2.61,8.36,10.34,,0.4,0.8,38.81,INR,2026-10-01 10:30:46
NOCIL,NOCIL Limited,Basic Materials,Specialty Chemicals,2836.08,42.99,24.26,1.6,,,0.45,,,7.81,4.83,0.88,3.95,7.0,,60.8,19.9,106.17,INR,2026-10-01 10:30:48
NOIDATOLL,Noida Toll Bridge Company Limited,Industrials,Infrastructure Operations,69.26,2.43,,-5.45,,,,,,34.46,64.78,,1.53,,,27.5,8.2,-0.68,INR,2026-10-01 10:30:50
NORBTEAEXP,Norben Tea & Exports Limited,Consumer Defensive,Farm Products,101.81,,,5.41,,,0.47,,,40.1,-3.16,,-0.21,,,13.3,4.6,12.11,INR,2026-10-01 10:30:53
NORTHARC,Northern Arc Capital Limited,Financial Services,Credit Services,4700.28,10.84,6.57,1.2,,,3.15,,,38.46,36.55,,26.81,44.23,,41.1,43.9,241.1,INR,2026-10-01 10:30:55
NOVARTIND,Novartis India Limited,Healthcare,Drug Manufacturers - Specialty & Generic,4747.79,48.64,,5.8,,,0.39,,,33.22,26.38,,39.53,,,16.6,18.6,331.34,INR,2026-10-01 10:30:57
NPST,Network People Services Technologies Limited,Technology,Software - Application,3657.79,84.86,,11.85,,,3.12,,,17.28,23.33,11.0,20.66,,,53.7,68.0,147.94,INR,2026-10-01 10:31:00
NRAIL,N R Agarwal Industries Limited,Basic Materials,Paper & Paper Products,1111.6,18.14,,1.36,,,1.01,,,8.72,2.66,30.0,36.0,,,111.3,43.1,479.11,INR,2026-10-01 10:31:02
NRBBEARING,NRB Bearings Limited,Consumer Cyclical,Auto Parts,5068.08,34.36,26.28,5.26,,,0.16,,,12.26,10.58,2.29,15.22,19.9,,14.8,19.2,99.32,INR,2026-10-01 10:31:04
NSIL,Nalwa Sons Investments Limited,Financial Services,Asset Management,2722.17,47.17,,0.18,,,0.02,,,98.29,56.26,,112.35,,0.51,3.4,-7.3,29563.97,INR,2026-10-01 10:31:06
NSLNISP,NMDC Steel Limited,Basic Materials,Steel,11948.08,145.61,,0.91,,,0.35,,,4.3,0.6,,0.28,,,97.6,8.8,45.04,INR,2026-10-01 10:31:09
NTCIND,ntc industries limited,Consumer Defensive,Tobacco,,9.93,,0.95,,,0.37,,,23.4,17.79,,13.8,,,8.0,-20.3,144.57,INR,2026-10-01 10:31:11
NTPC,NTPC Limited,Utilities,Utilities - Regulated Electric,309469.12,9.74,11.33,1.52,,,1.28,,,21.67,14.53,3.83,32.76,28.18,,11.8,7.8,209.44,INR,2026-10-01 10:31:13
NTPCGREEN,NTPC Green Energy Limited,Utilities,Utilities - Renewable,77151.47,127.17,33.56,4.14,,,1.65,,,58.36,18.48,,0.72,2.73,,38.3,62.7,22.14,INR,2026-10-01 10:31:16
NUCLEUS,Nucleus Software Exports Limited,Technology,Software - Application,1704.7,16.16,11.01,1.88,,,0.94,,,1.34,12.13,1.92,40.07,58.8,,-32.2,-3.3,344.6,INR,2026-10-01 10:31:18
NUVAMA,Nuvama Wealth Management Limited,Financial Services,Asset Management,31323.38,29.1,20.22,7.5,,,2.82,,,37.21,28.11,1.69,58.33,83.94,,15.8,22.5,226.45,INR,2026-10-01 10:31:20
NUVOCO,Nuvoco Vistas Corporation Limited,Basic Materials,Building Materials,11575.43,29.33,19.18,1.13,,,0.48,,,10.95,3.33,,11.05,16.9,,20.0,8.9,286.39,INR,2026-10-01 10:31:23
NYKAA,FSN E-Commerce Ventures Limited,Consumer Cyclical,Internet Retail,91803.27,356.0,109.15,63.8,,,0.83,,,5.27,2.4,,0.9,2.94,,243.1,29.1,5.02,INR,2026-10-01 10:31:25
OAL,Oriental Aromatics Limited,Basic Materials,Specialty Chemicals,1791.88,339.14,,2.7,,,0.61,,,4.65,0.5,9.0,1.57,,,398.9,15.2,197.46,INR,2026-10-01 10:31:27
OBCL,OBCL Limited,Industrials,Trucking,116.61,,,1.39,,,0.86,,,0.91,-2.46,,-4.03,,,-35.3,-3.4,39.84,INR,2026-10-01 10:31:29
OBEROIRLTY,Oberoi Realty Limited,Real Estate,Real Estate - Development,64179.43,24.42,16.53,3.58,,,0.16,,,53.74,41.59,45.0,72.28,106.76,,29.0,31.7,492.89,INR,2026-10-01 10:31:31
ODIGMA,Odigma Consultancy Solutions Limited,Communication Services,Advertising Agencies,65.89,,,1.28,,,,,,-1.04,-2.16,,-0.33,,,40.1,87.5,16.46,INR,2026-10-01 10:31:34
ODYCORP,Odyssey Corporation Limited,Financial Services,Capital Markets,61.93,4.07,,,,,3.86,,,39.27,9.25,0.71,1.7,,,450.3,118.4,,INR,2026-10-01 10:31:36
OFSS,Oracle Financial Services Software Limited,Technology,Software - Infrastructure,92241.04,27.07,23.36,13.31,49.9,30.94,0.57,4.41,3.95,59.57,38.15,6.26,391.18,453.35,,120.5,68.7,795.58,INR,2026-10-01 10:31:38
OIL,Oil India Limited,Energy,Oil & Gas Integrated,71790.34,8.59,6.68,1.24,,,0.59,,,40.75,21.68,2.9,51.37,66.1,,91.4,57.7,356.62,INR,2026-10-01 10:31:40
OLAELEC,Ola Electric Mobility Limited,Consumer Cyclical,Auto Manufacturers,16309.35,,-12.34,4.87,,,0.82,,,-64.18,-92.61,,-3.94,-2.99,,,-45.0,7.57,INR,2026-10-01 10:31:42
OLECTRA,Olectra Greentech Limited,Industrials,Farm & Heavy Construction Machinery,9069.92,51.02,25.52,7.39,,,0.31,,,9.32,6.98,5.0,21.66,43.3,,-0.3,65.7,149.47,INR,2026-10-01 10:31:44
OMAXAUTO,Omax Autos Limited,Consumer Cyclical,Auto Parts,425.29,10.48,,1.22,,,0.15,,,14.07,7.99,3.78,18.93,,,48.5,22.4,162.15,INR,2026-10-01 10:31:47
OMAXE,Omaxe Limited,Real Estate,Real Estate - Development,1995.04,,15.52,-2.2,,,,,,-0.14,-37.04,,-27.82,7.0,,,43.9,-49.29,INR,2026-10-01 10:31:49
OMINFRAL,Om Infra Limited,Industrials,Engineering & Construction,738.36,22.16,,0.97,,,0.11,,,7.29,6.35,0.64,3.46,,,,19.2,79.08,INR,2026-10-01 10:31:51
OMNI,Omnitech Engineering Limited,Industrials,Specialty Industrial Machinery,7183.76,69.07,41.2,9.45,,,0.64,,,26.61,18.08,,8.41,14.1,,470.8,61.5,61.47,INR,2026-10-01 10:31:53
OMPOWER,Om Power Transmission Limited,Industrials,Engineering & Construction,,12.99,,3.01,,,0.35,,,11.93,8.76,,12.32,,,26.0,36.9,53.12,INR,2026-10-01 10:31:55
ONEGLOBAL,One Global Service Provider Limited,Healthcare,Pharmaceutical Retailers,1082.21,13.95,,7.39,,,0.02,,,18.55,14.42,19.0,38.3,,,45.6,17.0,72.28,INR,2026-10-01 10:31:57
ONEPOINT,One Point One Solutions Limited,Industrials,Specialty Business Services,1953.36,43.44,,4.4,,,0.48,,,15.77,11.21,,1.71,,,72.8,129.4,16.88,INR,2026-10-01 10:31:59
ONESOURCE,OneSource Specialty Pharma Limited,Healthcare,Biotechnology,17338.68,,20.03,2.98,,,0.26,,,11.49,-3.15,,-4.27,75.5,,,37.2,507.4,INR,2026-10-01 10:32:02
ONGC,Oil and Natural Gas Corporation Limited,Energy,Oil & Gas Integrated,281710.19,6.47,5.39,0.76,,,0.43,,,2.93,6.18,6.42,34.59,41.53,,21.4,25.7,295.5,INR,2026-10-01 10:32:04
ONIDA,Onida Electronics Limited,Consumer Cyclical,"Furnishings, Fixtures & Appliances",1176.95,,,4.96,,,0.33,,,-7.2,-10.89,,-2.29,,,,29.5,6.43,INR,2026-10-01 10:32:06
ONIXSOLAR,Onix Solar Energy Limited,Technology,Solar,1257.75,21.11,,1.09,,,4.72,,,29.6,28.89,,16.16,,,1969.1,109.1,312.81,INR,2026-10-01 10:32:08
ONWARDTEC,Onward Technologies Limited,Technology,Information Technology Services,627.59,15.1,,2.57,,,0.16,,,9.19,7.63,2.78,18.94,,,-12.3,12.2,111.41,INR,2026-10-01 10:32:11
OPTIEMUS,Optiemus Infracom Limited,Technology,Electronics & Computer Distribution,7045.61,96.95,,8.92,,,0.45,,,2.69,3.28,,8.06,,,45.8,102.8,87.57,INR,2026-10-01 10:32:13
OPTIFIN,Optimus Finance Limited,Basic Materials,Chemicals,110.59,,,1.65,,,0.35,,,4.41,2.82,,-0.94,,,-8.9,50.6,8.99,INR,2026-10-01 10:32:16
ORCHASP,Orchasp Limited,Technology,Software - Application,46.42,67.0,,0.41,,,0.06,,,-16.92,5.07,,0.02,,,-48.4,-73.1,3.27,INR,2026-10-01 10:32:18
ORCHPHARMA,Orchid Pharma Limited,Healthcare,Drug Manufacturers - Specialty & Generic,5127.19,301.76,24.07,3.98,,,0.28,,,1.0,3.46,,3.35,42.0,,-78.4,75.9,253.98,INR,2026-10-01 10:32:21
ORICONENT,Oricon Enterprises Limited,Consumer Cyclical,Packaging & Containers,820.91,34.87,,0.7,,,0.27,,,-216.44,63.82,39.0,1.49,,,25.8,-80.5,74.3,INR,2026-10-01 10:32:23
ORIENTALTL,Oriental Trimex Limited,Industrials,Building Products & Equipment,35.8,17.39,,0.22,,,2.87,,,12.96,7.38,,0.28,,,37.6,363.9,21.92,INR,2026-10-01 10:32:26
ORIENTBELL,Orient Bell Limited,Industrials,Building Products & Equipment,601.36,28.61,,1.83,,,0.09,,,5.95,2.81,25.0,14.29,,,,42.6,223.53,INR,2026-10-01 10:32:28
ORIENTCEM,Orient Cement Limited,Basic Materials,Building Materials,2413.95,11.52,10.35,1.12,,,3.38,,,16.72,8.28,42.0,10.2,11.35,,-62.5,-30.3,104.44,INR,2026-10-01 10:32:30
ORIENTCER,Orient Ceratech Limited,Basic Materials,Specialty Chemicals,544.84,18.74,,1.82,,,0.13,,,12.92,6.4,0.78,2.43,,,99.2,2.2,25.08,INR,2026-10-01 10:32:33
ORIENTELEC,Orient Electric Limited,Consumer Cyclical,"Furnishings, Fixtures & Appliances",3319.07,30.2,19.08,4.37,,,0.12,,,5.03,3.13,0.96,5.15,8.15,,79.7,23.5,35.62,INR,2026-10-01 10:32:35
ORIENTHOT,Oriental Hotels Limited,Consumer Cyclical,Lodging,2546.82,38.23,,3.34,,,0.17,,,12.93,13.39,47.0,3.73,,,-20.1,3.6,42.67,INR,2026-10-01 10:32:38
ORIENTPPR,Orient Paper & Industries Limited,Basic Materials,Paper & Paper Products,349.47,,4.5,0.24,,,0.2,,,-2.93,-7.94,,-3.35,3.66,,,-4.5,69.19,INR,2026-10-01 10:32:40
ORIENTTECH,Orient Technologies Limited,Technology,Information Technology Services,1054.04,,,3.13,,,0.19,,,3.25,-0.03,,-0.07,,,-48.4,-5.0,73.5,INR,2026-10-01 10:32:42
ORIRAIL,Oriental Rail Infrastructure Limited,Industrials,Railroads,848.1,18.6,,2.02,,,0.76,,,13.36,7.95,8.0,6.8,,,83.0,16.7,62.62,INR,2026-10-01 10:32:45
ORISSAMINE,The Orissa Minerals Development Company Limited,Basic Materials,Steel,2187.6,661.71,,-40.03,,,,,,30.58,3.22,,5.51,,,,47.9,-91.08,INR,2026-10-01 10:32:47
ORKLAINDIA,Orkla India Limited,Consumer Defensive,Packaged Foods,7337.14,24.92,19.75,2.65,,,2.28,,,15.19,11.45,,21.49,27.12,,11.1,10.4,202.24,INR,2026-10-01 10:32:50
ORTINGLOBE,Ortin Global Limited,Healthcare,Drug Manufacturers - Specialty & Generic,11.57,,,10.7,,,0.81,,,-2091.25,0.0,,-1.11,,,,-59.8,1.33,INR,2026-10-01 10:32:52
OSWALAGRO,Oswal Agro Mills Limited,Real Estate,Real Estate - Development,455.98,,,0.51,,,,,,-64.75,0.0,,-2.63,,,-70.6,-76.9,66.86,INR,2026-10-01 10:32:55
OSWALGREEN,Oswal Greentech Limited,Financial Services,Asset Management,511.05,,,0.21,,,0.18,,,50.97,-62.84,,-2.36,,1.11,26.4,-32.4,92.91,INR,2026-10-01 10:32:57
OSWALPUMPS,Oswal Pumps Limited,Industrials,Electrical Equipment & Parts,3020.56,8.75,9.12,1.7,,,0.14,,,14.51,16.57,,30.28,29.07,,-43.1,-7.9,155.5,INR,2026-10-01 10:32:59
OSWALSEEDS,ShreeOswal Seeds and Chemicals Limited,Basic Materials,Agricultural Inputs,113.42,9.32,,2.23,,,1.21,,,15.5,4.57,,1.33,,,68.6,19.5,5.56,INR,2026-10-01 10:33:02
PACEDIGITK,Pace Digitek Limited,Technology,Communication Equipment,3669.47,12.04,7.8,1.52,,,0.44,,,14.7,10.77,,14.12,21.8,,13.2,51.3,112.19,INR,2026-10-01 10:33:04
PACIFICI,Pacific Industries Limited,Basic Materials,Building Materials,89.61,32.5,,0.2,,,0.13,,,0.88,1.63,,4.0,,,82.4,28.7,638.62,INR,2026-10-01 10:33:06
PAGEIND,Page Industries Limited,Consumer Cyclical,Apparel Manufacturing,41068.56,54.41,42.36,27.33,,,0.18,,,18.33,14.13,2.19,676.73,869.12,,-4.0,7.9,1347.15,INR,2026-10-01 10:33:09
PAISALO,Paisalo Digital Limited,Financial Services,Credit Services,7225.43,28.53,20.8,3.98,,,2.43,,,63.74,45.76,13.0,2.77,3.8,,30.0,20.7,19.86,INR,2026-10-01 10:33:11
PAKKA,Pakka Limited,Basic Materials,Paper & Paper Products,346.12,50.08,,0.71,,,0.99,,,11.32,3.56,,1.45,,,,43.0,102.76,INR,2026-10-01 10:33:13
PALASHSECU,Palash Securities Limited,Consumer Defensive,Packaged Foods,84.28,5.21,,0.17,,,0.02,,,39.65,26.74,,16.17,,,,-97.1,483.62,INR,2026-10-01 10:33:16
PALREDTEC,Palred Technologies Limited,Technology,Consumer Electronics,51.38,,,1.2,,,1.61,,,-3.83,-4.29,,-3.02,,,,63.9,35.02,INR,2026-10-01 10:33:18
PANACEABIO,Panacea Biotec Limited,Healthcare,Biotechnology,2214.21,,,2.81,,,2.85,,,-1.12,-1.06,,-1.16,,,-43.2,19.7,128.44,INR,2026-10-01 10:33:20
PANAMAPET,Panama Petrochem Limited,Energy,Oil & Gas Refining & Marketing,2910.04,6.08,,1.98,,,0.08,,,22.37,11.66,0.62,79.13,,,624.8,150.3,242.78,INR,2026-10-01 10:33:22
PANCHMAHQ,Panchmahal Steel Limited,Basic Materials,Steel,,144.95,,,,,0.23,,,6.58,1.02,,2.09,,,,7.3,,INR,2026-10-01 10:33:25
PANORAMA,Panorama Studios International Limited,Communication Services,Entertainment,1510.33,63.7,,6.89,,,0.59,,,10.18,6.8,,0.91,,,165.7,34.3,8.42,INR,2026-10-01 10:33:27
PANSARI,Pansari Developers Limited,Real Estate,Real Estate - Development,478.04,24.23,,3.1,12.8,1.74,0.65,1.15,0.26,-6.64,19.5,,11.31,,,26.5,-35.0,88.36,INR,2026-10-01 10:33:30
PARACABLES,Paramount Communications Limited,Technology,Communication Equipment,1872.46,28.75,,2.24,,,0.16,,,5.73,3.06,,1.99,,,6.5,17.4,25.49,INR,2026-10-01 10:33:32
PARADEEP,Paradeep Phosphates Limited,Basic Materials,Agricultural Inputs,15968.29,14.9,13.43,2.35,,,1.02,,,10.04,4.58,0.97,10.32,11.45,,53.4,63.1,65.39,INR,2026-10-01 10:33:34
PARAGMILK,Parag Milk Foods Limited,Consumer Defensive,Packaged Foods,3367.39,26.54,16.87,2.66,,,0.48,,,5.42,3.31,40.0,10.11,15.9,,-20.1,10.9,100.72,INR,2026-10-01 10:33:36
PARAS,Paras Defence and Space Technologies Limited,Industrials,Aerospace & Defense,10477.96,111.41,78.33,14.43,,,3.73,,,21.44,18.47,8.0,11.67,16.6,,42.7,37.3,90.1,INR,2026-10-01 10:33:39
PARASPETRO,Paras Petrofils Limited,Consumer Cyclical,Textile Manufacturing,69.18,,,4.0,,,,,,0.0,0.0,,-0.02,,,-34.2,,0.52,INR,2026-10-01 10:33:41
PARKHOSPS,Park Medi World Limited,Healthcare,Medical Care Facilities,11819.79,41.84,25.82,5.39,,,0.17,,,22.55,16.09,,6.54,10.6,,42.3,19.3,50.79,INR,2026-10-01 10:33:43
PARKHOTELS,Apeejay Surrendra Park Hotels Limited,Consumer Cyclical,Lodging,2235.95,35.05,17.18,1.66,,,0.28,,,15.46,8.86,0.71,2.99,6.1,,-14.4,8.1,63.27,INR,2026-10-01 10:33:46
PARNAXLAB,Parnax Lab Limited,Healthcare,Drug Manufacturers - Specialty & Generic,,14.49,,1.36,,,0.87,,,3.67,3.55,,7.79,,,-87.0,6.4,83.05,INR,2026-10-01 10:33:48
PASHUPATI,Pashupati Cotspin Limited,Consumer Cyclical,Textile Manufacturing,1223.26,,,7.16,,,0.6,,,7.8,2.24,7.0,-0.14,,,265.0,9.7,10.82,INR,2026-10-01 10:33:51
PATANJALI,Patanjali Foods Limited,Consumer Defensive,Packaged Foods,39441.08,20.02,19.87,3.01,,,0.21,,,4.32,4.61,1.12,18.11,18.25,,86.1,27.4,120.47,INR,2026-10-01 10:33:53
PATELENG,Patel Engineering Limited,Industrials,Engineering & Construction,2503.18,8.95,6.24,0.61,,,0.27,,,11.96,5.57,,2.93,4.2,1.26,21.7,3.8,42.75,INR,2026-10-01 10:33:55
PATELRMART,Patel Retail Limited,Consumer Cyclical,Department Stores,694.73,15.07,,1.91,,,0.45,,,4.72,3.54,,13.8,,,37.4,69.7,108.95,INR,2026-10-01 10:33:58
PAUSHAKLTD,Paushak Limited,Basic Materials,Specialty Chemicals,1627.36,38.42,,3.31,,,0.16,,,20.64,17.22,37.0,17.18,,,25.5,49.5,199.18,INR,2026-10-01 10:34:00
PAVNAIND,Pavna Industries Limited,Consumer Cyclical,Auto Parts,215.02,8.15,,1.08,,,0.52,,,3.95,2.3,,1.89,,,,52.1,14.25,INR,2026-10-01 10:34:03
PAYTM,One97 Communications Limited,Technology,Software - Infrastructure,107887.25,167.06,47.13,6.75,,,1.07,,,2.94,7.25,,10.1,35.8,,79.6,27.7,249.97,INR,2026-10-01 10:34:05
PBMPOLY,PBM Polytex Limited,Consumer Cyclical,Textile Manufacturing,39.91,21.57,,0.35,,,0.97,,,6.0,1.16,,2.69,,,,-16.4,165.13,INR,2026-10-01 10:34:08
PCBL,PCBL Chemical Limited,Basic Materials,Specialty Chemicals,12919.34,49.83,21.05,3.22,,,1.24,,,11.82,3.03,1.36,6.59,15.6,,64.8,17.0,101.82,INR,2026-10-01 10:34:11
PCJEWELLER,PC Jeweller Limited,Consumer Cyclical,Luxury Goods,12867.78,14.91,0.64,1.23,,,0.14,,,26.92,22.1,,0.88,20.5,,37.2,21.0,10.69,INR,2026-10-01 10:34:13
PDMJEPAPER,Pudumjee Paper Products Limited,Basic Materials,Paper & Paper Products,927.38,10.18,,1.39,,,0.06,,,15.04,11.18,0.62,9.59,,,-7.0,3.3,70.51,INR,2026-10-01 10:34:15
PDSL,PDS Limited,Industrials,Specialty Business Services,4970.85,42.92,31.15,2.82,,,0.68,,,1.74,0.87,0.94,8.2,11.3,,45.0,14.8,124.88,INR,2026-10-01 10:34:17
PEARLPOLY,Pearl Polymers Limited,Consumer Cyclical,Packaging & Containers,30.3,,,1.05,,,,,,-29.54,-26.8,,-3.15,,,-18.8,2.5,17.19,INR,2026-10-01 10:34:19
PENIND,Pennar Industries Limited,Industrials,Specialty Industrial Machinery,2456.43,17.62,12.64,2.11,,,1.0,,,7.93,3.9,,10.33,14.4,,10.9,2.9,86.16,INR,2026-10-01 10:34:22
PENINLAND,Peninsula Land Limited,Real Estate,Real Estate - Development,497.26,,,6.98,,,4.61,,,-13.72,-121.04,,-4.71,,,,-37.5,2.15,INR,2026-10-01 10:34:24
PERMAGN,Permanent Magnets Limited,Industrials,Electrical Equipment & Parts,,56.41,,4.54,,,0.56,,,11.77,5.26,26.0,14.73,,,-38.4,18.1,183.04,INR,2026-10-01 10:34:27
PERNIASPOP,PURPLE STYLE LABS LIMITED,Consumer Cyclical,Apparel Retail,,,,-69.81,,,,,,-40.7,-47.8,,-34.13,,,,13.0,-7.66,INR,2026-10-01 10:34:30
PERSISTENT,Persistent Systems Limited,Technology,Information Technology Services,83130.54,43.64,30.04,9.89,25.2,14.81,0.07,2.71,2.07,15.96,12.24,0.68,121.94,177.12,3.35,13.7,29.1,538.14,INR,2026-10-01 10:34:32
PETRONET,Petronet LNG Limited,Energy,Oil & Gas Refining & Marketing,42870.0,10.19,10.08,1.92,,,0.11,,,24.0,11.32,3.53,28.04,28.36,,35.1,-53.2,148.59,INR,2026-10-01 10:34:34
PFC,Power Finance Corporation Limited,Financial Services,Credit Services,106626.29,4.09,3.57,0.75,,,5.37,36.78,36.62,85.53,54.48,4.79,78.93,90.4,,2.1,0.8,433.11,INR,2026-10-01 10:34:36
PFIZER,Pfizer Limited,Healthcare,Drug Manufacturers - General,17699.8,24.06,18.91,4.21,,,1.67,,,35.72,28.61,1.92,160.82,204.65,,6.6,8.3,918.71,INR,2026-10-01 10:34:39
PFOCUS,Prime Focus Limited,Communication Services,Entertainment,24543.06,225.11,32.49,11.72,,,2.25,,,9.66,2.35,,1.4,9.7,,,23.8,26.88,INR,2026-10-01 10:34:41
PFS,PTC India Financial Services Limited,Financial Services,Credit Services,1900.52,8.22,4.89,0.62,,,0.57,,,79.13,63.43,,3.6,6.05,,-70.5,-56.7,47.95,INR,2026-10-01 10:34:43
PGEL,PG Electroplast Limited,Technology,Electronic Components,14091.34,68.69,29.83,4.61,,,0.2,,,5.98,3.54,5.0,7.16,16.49,,13.8,35.3,106.69,INR,2026-10-01 10:34:46
PGHH,Procter & Gamble Hygiene and Health Care Limited,Consumer Defensive,Household & Personal Products,21846.07,27.65,22.71,29.0,,,0.12,,,18.0,18.63,1.77,243.39,296.4,,-34.3,-4.9,232.1,INR,2026-10-01 10:34:48
PGHL,Procter & Gamble Health Limited,Healthcare,Drug Manufacturers - Specialty & Generic,9119.7,25.52,22.32,17.39,,,1.77,,,25.73,24.91,2.79,215.29,246.15,,45.3,7.4,316.0,INR,2026-10-01 10:34:50
PGIL,Pearl Global Industries Limited,Consumer Cyclical,Apparel Manufacturing,11765.66,37.92,23.74,8.05,,,0.66,,,9.04,5.83,0.82,33.59,53.65,,48.2,24.5,158.17,INR,2026-10-01 10:34:53
PHOENIXLTD,The Phoenix Mills Limited,Real Estate,Real Estate - Diversified,69900.99,55.36,39.18,6.36,,,0.37,,,50.8,28.16,13.0,35.3,49.89,,23.3,12.8,307.31,INR,2026-10-01 10:34:55
PHOENXINTL,Phoenix International Limited,Consumer Cyclical,Footwear & Accessories,47.68,17.21,,0.11,,,0.14,,,33.91,9.54,,1.65,,,35.5,22.0,249.45,INR,2026-10-01 10:34:58
PICCADIL,Piccadily Agro Industries Limited,Consumer Defensive,Beverages - Wineries & Distilleries,5779.25,40.69,,6.3,,,0.59,,,13.43,13.07,17.0,14.41,,,16.3,17.4,93.13,INR,2026-10-01 10:35:00
PIDILITIND,Pidilite Industries Limited,Basic Materials,Specialty Chemicals,149317.98,56.54,46.2,13.77,,,3.78,,,24.09,17.2,0.78,25.93,31.73,,29.7,21.3,106.43,INR,2026-10-01 10:35:03
PIGL,Power & Instrumental (Gujarat) Limited,Industrials,Engineering & Construction,203.96,11.94,,1.34,,,0.08,,,9.66,6.49,20.0,8.07,,,11.8,18.4,72.1,INR,2026-10-01 10:35:05
PIIND,PI Industries Limited,Basic Materials,Agricultural Inputs,34692.16,29.82,21.53,3.09,,,3.05,,,15.49,17.88,0.65,76.69,106.2,,-39.0,-10.4,740.28,INR,2026-10-01 10:35:08
PILANIINVS,Pilani Investment and Industries Corporation Limited,Financial Services,Asset Management,4373.54,,,0.28,,,0.15,,,79.49,-4.91,22.0,-10.87,,,,-70.5,14334.49,INR,2026-10-01 10:35:10
PILITA,Pil Italica Lifestyle Limited,Consumer Cyclical,"Furnishings, Fixtures & Appliances",177.66,58.15,,2.12,,,0.18,,,3.39,3.1,,0.13,,,-87.8,-30.5,3.57,INR,2026-10-01 10:35:12
PINELABS,Pine Labs Limited,Technology,Software - Infrastructure,20034.89,157.73,38.25,3.36,,,0.07,,,3.08,4.49,,1.1,4.54,,308.9,19.6,51.64,INR,2026-10-01 10:35:15
PIONEEREMB,Pioneer Embroideries Limited,Consumer Cyclical,Textile Manufacturing,61.63,,,0.39,,,0.58,,,2.1,-0.1,,-0.11,,,-88.7,12.3,50.68,INR,2026-10-01 10:35:17
PIRAMALFIN,Piramal Finance Limited,Financial Services,Credit Services,48046.3,27.27,13.39,1.6,6.04,,2.87,48.57,46.73,24.71,32.2,0.54,74.6,151.96,,66.1,2.1,1271.51,INR,2026-10-01 10:35:19
PITTIENG,Pitti Engineering Limited,Industrials,Metal Fabrication,4195.23,33.81,23.38,4.25,,,0.82,,,11.12,6.27,22.0,33.61,48.6,,28.9,15.9,267.37,INR,2026-10-01 10:35:22
PIXTRANS,PIX Transmissions Limited,Industrials,Specialty Industrial Machinery,2495.05,18.93,,3.58,,,3.48,,,26.68,21.55,0.52,96.73,,,89.3,22.8,511.32,INR,2026-10-01 10:35:24
PKTEA,The Peria Karamalai Tea and Produce Company Limited,Consumer Defensive,Farm Products,317.64,,,0.71,,,0.1,,,54.62,-6.18,7.0,-14.21,,,26.1,23.5,1451.79,INR,2026-10-01 10:35:27
PLASTIBLEN,Plastiblends India Limited,Basic Materials,Specialty Chemicals,515.47,12.06,,1.15,,,4.97,,,8.24,5.27,1.47,16.44,,,67.5,11.0,172.65,INR,2026-10-01 10:35:30
PLATIND,Platinum Industries Limited,Basic Materials,Specialty Chemicals,1130.79,22.48,,2.55,,,2.29,,,10.67,11.35,,9.16,,,-12.4,-5.6,80.81,INR,2026-10-01 10:35:32
PLAZACABLE,Plaza Wires Limited,Industrials,Electrical Equipment & Parts,254.16,23.71,,1.97,,,0.25,,,7.74,3.13,,2.45,,,316.5,38.1,29.53,INR,2026-10-01 10:35:34
PML,Paul Merchants Limited,Financial Services,Capital Markets,142.79,6.97,,0.16,,,1.14,,,0.67,-0.48,,66.46,,,-96.9,-2.5,2908.93,INR,2026-10-01 10:35:37
PNB,Punjab National Bank,Financial Services,Banks - Regional,129893.23,5.88,6.59,0.83,14.97,1.13,,,,47.98,38.15,2.65,19.22,17.15,,174.3,-6.4,136.05,INR,2026-10-01 10:35:39
PNBGILTS,PNB Gilts Ltd.,Financial Services,Capital Markets,1315.33,13.24,,0.77,,,14.8,,,87.28,37.66,2.7,5.52,,,-49.6,-48.1,94.75,INR,2026-10-01 10:35:46
PNBHOUSING,PNB Housing Finance Limited,Financial Services,Mortgage Finance,28993.57,12.53,10.6,1.51,,,2.88,,,75.16,61.35,0.71,88.7,104.89,,4.5,5.8,737.64,INR,2026-10-01 10:35:48
PNC,PNC Media and Entertainment Limited,Communication Services,Entertainment,25.88,,,0.42,,,2.36,,,-56.78,-77.21,,-9.63,,1.1,,-92.6,42.23,INR,2026-10-01 10:35:50
PNCINFRA,PNC Infratech Limited,Industrials,Engineering & Construction,3544.35,4.84,6.88,0.52,,,0.76,,,28.67,13.0,45.0,28.55,20.08,,-23.1,18.7,265.33,INR,2026-10-01 10:35:52
PNGJL,P N Gadgil Jewellers Limited,Consumer Cyclical,Luxury Goods,8541.43,17.68,13.9,4.01,,,0.89,,,6.82,3.9,,32.82,41.73,,51.9,40.7,144.61,INR,2026-10-01 10:35:55
PNGSREVA,PNGS Reva Diamond Jewellery Limited,Consumer Cyclical,Luxury Goods,1613.45,19.13,,3.13,,,0.33,,,28.46,16.77,,26.61,,,265.3,119.5,162.53,INR,2026-10-01 10:35:57
POCL,Pondy Oxides And Chemicals Limited,Basic Materials,Specialty Chemicals,3389.04,24.12,14.33,4.3,,,0.19,,,5.28,4.33,44.0,18.42,31.0,,42.6,55.1,103.36,INR,2026-10-01 10:35:59
PODDARMENT,Poddar Pigments Limited,Basic Materials,Specialty Chemicals,282.12,18.53,,0.8,,,1.74,,,2.77,4.08,1.54,14.35,,,11.6,-1.2,330.4,INR,2026-10-01 10:36:02
POEL,POCL Enterprises Limited,Basic Materials,Chemicals,428.61,11.77,,2.15,,,0.69,,,2.23,2.38,,11.81,,,-45.5,25.1,64.6,INR,2026-10-01 10:36:04
POKARNA,Pokarna Limited,Industrials,Building Products & Equipment,2172.92,22.91,,2.54,,,0.53,,,29.67,16.03,8.0,30.59,,,50.6,10.8,276.41,INR,2026-10-01 10:36:07
POLICYBZR,PB Fintech Limited,Financial Services,Insurance Brokers,47591.67,63.69,31.67,6.51,,,4.92,,,5.25,10.2,,16.17,32.52,,92.6,40.1,158.22,INR,2026-10-01 10:36:09
POLYCAB,Polycab India Limited,Industrials,Electrical Equipment & Parts,121826.1,42.29,31.84,10.07,25.55,13.4,1.74,1.74,0.84,12.72,9.18,0.59,191.22,254.03,,32.5,39.0,803.33,INR,2026-10-01 10:36:11
POLYMED,Poly Medicure Limited,Healthcare,Medical Instruments & Supplies,16647.61,52.84,33.66,5.36,,,0.11,,,16.91,15.77,21.0,31.08,48.8,,-7.6,30.3,306.44,INR,2026-10-01 10:36:14
POLYPLEX,Polyplex Corporation Limited,Basic Materials,Specialty Chemicals,3459.89,21.48,,0.79,,,0.13,,,10.73,2.04,19.0,49.42,,,,29.6,1350.62,INR,2026-10-01 10:36:16
POLYSPIN,Polyspin Exports Limited,Consumer Cyclical,Packaging & Containers,,5.5,,0.45,,,1.02,,,2.12,2.55,,5.66,,,7.3,-7.4,69.62,INR,2026-10-01 10:36:18
PONNIERODE,Ponni Sugars (Erode) Limited,Consumer Defensive,Confectioners,319.26,6.45,,0.56,,,,,,-5.07,11.08,1.34,57.54,,,,52.2,660.74,INR,2026-10-01 10:36:21
POONAWALLA,Poonawalla Fincorp Limited,Financial Services,Credit Services,39034.17,46.81,18.1,3.48,,,4.68,,,38.98,22.67,,9.52,24.61,,391.6,100.3,128.07,INR,2026-10-01 10:36:23
POWERGRID,Power Grid Corporation of India Limited,Utilities,Utilities - Regulated Electric,239118.53,12.59,13.28,2.38,,,1.51,,,55.74,33.8,3.93,20.42,19.36,,-0.9,2.7,108.05,INR,2026-10-01 10:36:25
POWERICA,Powerica Limited,Industrials,Specialty Industrial Machinery,7616.52,27.12,,3.36,,,0.29,,,8.66,8.85,,22.19,,,28.1,26.7,178.92,INR,2026-10-01 10:36:28
POWERINDIA,Hitachi Energy India Limited,Industrials,Electrical Equipment & Parts,139667.51,121.37,62.46,26.98,,,1.66,,,15.84,12.55,3.0,258.17,501.72,,123.5,68.6,1161.25,INR,2026-10-01 10:36:31
POWERMECH,Power Mech Projects Limited,Industrials,Engineering & Construction,7856.33,20.09,13.77,3.12,,,0.26,,,8.89,6.12,6.0,123.7,180.5,,51.9,25.5,796.6,INR,2026-10-01 10:36:33
PPLPHARMA,Piramal Pharma Limited,Healthcare,Drug Manufacturers - Specialty & Generic,26913.78,,49.87,3.3,,,0.7,,,-1.25,-3.41,8.0,-2.35,4.07,,,17.4,61.5,INR,2026-10-01 10:36:35
PRABHA,Prabha Energy Limited,Energy,Oil & Gas E&P,3569.08,2540.67,,5.03,,,0.38,,,18.09,16.45,,0.09,,,,49.3,45.5,INR,2026-10-01 10:36:38
PRAENG,Prajay Engineers Syndicate Limited,Real Estate,Real Estate - Development,148.19,,,0.3,,,0.34,,,-45.53,-63.54,,-2.6,,,,-67.0,69.51,INR,2026-10-01 10:36:40
PRAJIND,Praj Industries Limited,Industrials,Engineering & Construction,5606.3,184.85,29.14,4.28,,,0.13,,,0.67,0.93,1.18,1.65,10.47,,117.4,11.8,71.22,INR,2026-10-01 10:36:43
PRAKASH,Prakash Industries Limited,Basic Materials,Steel,2189.28,6.99,3.77,0.61,,,0.14,,,10.12,9.01,1.45,17.48,32.4,,-22.0,-0.5,200.38,INR,2026-10-01 10:36:45
PRAKASHSTL,Prakash Steelage Limited,Basic Materials,Steel,62.3,89.0,,6.94,,,4.67,,,1.47,0.68,,0.04,,,-57.0,2.3,0.51,INR,2026-10-01 10:36:47
PRAVEG,Praveg Limited,Communication Services,Advertising Agencies,621.94,,,1.4,,,0.36,,,-20.21,-7.64,21.0,-7.13,,,,16.8,169.85,INR,2026-10-01 10:36:50
PRAXIS,Praxis Home Retail Limited,Consumer Cyclical,Specialty Retail,82.69,,,-1.07,,,,,,-25.45,-61.98,,-3.41,,,,13.2,-4.16,INR,2026-10-01 10:36:52
PRECAM,Precision Camshafts Limited,Consumer Cyclical,Auto Parts,1099.27,26.85,,1.32,,,0.07,,,-1.59,5.34,0.85,4.31,,,-55.1,-3.6,87.97,INR,2026-10-01 10:36:54
PRECOT,Precot Limited,Consumer Cyclical,Textile Manufacturing,760.86,14.87,,1.58,,,0.72,,,16.87,5.53,0.63,42.63,,,135.4,19.1,400.61,INR,2026-10-01 10:36:56
PRECWIRE,Precision Wires India Limited,Industrials,Electrical Equipment & Parts,9251.91,51.91,32.86,11.98,,,0.39,,,3.82,2.87,36.0,9.75,15.4,,71.5,60.4,42.25,INR,2026-10-01 10:36:58
PREMCO,Premco Global Limited,Consumer Cyclical,Textile Manufacturing,,55.17,,1.31,,,0.18,,,-5.7,2.85,2.01,7.25,,,-99.5,-33.7,304.45,INR,2026-10-01 10:37:01
PREMEXPLN,Premier Explosives Limited,Basic Materials,Specialty Chemicals,3653.02,109.37,45.28,12.67,,,0.11,,,2.93,9.61,7.0,6.21,15.0,,-80.0,-27.8,53.6,INR,2026-10-01 10:37:03
PREMIERENE,Premier Energies Limited,Technology,Solar,39835.64,23.69,17.92,9.23,,,0.86,,,25.12,19.67,17.0,37.24,49.25,,50.4,35.3,95.62,INR,2026-10-01 10:37:06
PREMIERPOL,Premier Polyfilm Ltd.,Basic Materials,Specialty Chemicals,948.02,27.1,,6.43,,,0.17,,,11.74,9.59,16.0,3.34,,,51.3,34.4,14.07,INR,2026-10-01 10:37:09
PRESTIGE,Prestige Estates Projects Limited,Real Estate,Real Estate - Diversified,63407.8,55.8,25.71,3.9,7.75,,1.05,,,23.7,8.72,13.0,26.38,57.26,,-19.4,15.9,377.8,INR,2026-10-01 10:37:11
PRICOLLTD,Pricol Limited,Consumer Cyclical,Auto Parts,8797.41,32.84,22.0,7.01,,,0.3,,,8.37,6.3,0.54,21.98,32.8,,34.3,23.5,102.96,INR,2026-10-01 10:37:13
PRIMESECU,Prime Securities Limited,Financial Services,Capital Markets,1012.02,146.8,,3.25,,,0.58,,,19.18,6.89,50.0,2.03,,,-66.7,-28.8,91.74,INR,2026-10-01 10:37:16
PRIMO,Primo Chemicals Limited,Basic Materials,Chemicals,627.43,39.83,,1.55,,,0.32,,,8.95,2.85,,0.65,,,14.9,-1.2,16.72,INR,2026-10-01 10:37:18
PRINCEPIPE,Prince Pipes and Fittings Limited,Industrials,Building Products & Equipment,2780.59,26.69,16.64,1.69,,,0.09,,,6.91,3.89,39.0,9.42,15.11,,600.0,5.0,148.61,INR,2026-10-01 10:37:21
PRISMX,Prismx Global Ventures Limited,Financial Services,Capital Markets,,4.33,,0.3,,,0.1,,,-13.94,85.44,,0.12,,,-75.2,-95.8,1.74,INR,2026-10-01 10:37:23
PRIVISCL,Privi Speciality Chemicals Limited,Basic Materials,Specialty Chemicals,13905.93,40.97,25.51,9.85,,,0.74,,,17.25,13.1,28.0,86.89,139.53,,36.0,19.2,361.58,INR,2026-10-01 10:37:25
PROSTARM,Prostarm Info Systems Limited,Industrials,Electrical Equipment & Parts,818.36,22.46,,2.85,,,0.32,,,7.49,8.79,,6.19,,,150.5,38.5,48.7,INR,2026-10-01 10:37:28
PROTEAN,Protean eGov Technologies Limited,Technology,Information Technology Services,2689.39,32.12,20.02,2.48,,,0.08,,,-2.04,7.96,1.52,20.53,32.95,,-75.4,19.0,265.61,INR,2026-10-01 10:37:30
PROZONER,Prozone Realty Limited,Real Estate,Real Estate - Diversified,847.71,138.88,,1.86,,,1.35,,,-40.26,5.57,,0.4,,,86.6,-60.1,29.91,INR,2026-10-01 10:37:32
PRSMJOHNSN,Prism Johnson Limited,Basic Materials,Building Materials,5380.88,26.99,43.63,3.52,,,0.77,,,5.36,2.35,,3.96,2.45,,4003.5,-4.5,30.36,INR,2026-10-01 10:37:34
PRUDENT,Prudent Corporate Advisory Services Limited,Financial Services,Asset Management,12815.78,52.29,36.91,14.52,,,3.87,,,27.33,17.49,11.0,59.19,83.87,,44.4,20.9,213.18,INR,2026-10-01 10:37:37
PSB,Punjab & Sind Bank,Financial Services,Banks - Regional,15028.45,10.97,,1.02,9.79,0.81,,,,35.35,28.52,1.83,1.93,,,23.2,10.9,20.75,INR,2026-10-01 10:37:39
PSPPROJECT,PSP Projects Limited,Industrials,Engineering & Construction,3022.88,41.11,15.21,2.39,,,0.26,,,3.72,2.11,,18.55,50.15,,4232.2,64.8,318.84,INR,2026-10-01 10:37:41
PTC,PTC India Limited,Utilities,Utilities - Independent Power Producers,4593.46,9.04,11.76,0.77,,,0.25,,,3.1,2.9,7.07,17.17,13.2,,-49.8,19.1,202.12,INR,2026-10-01 10:37:43
PTCIL,PTC Industries Limited,Industrials,Metal Fabrication,33395.9,260.13,57.52,22.16,,,0.17,,,18.28,18.01,,85.63,387.25,,466.2,97.4,1005.23,INR,2026-10-01 10:37:46
PTL,PTL Enterprises Limited,Real Estate,Real Estate Services,500.78,10.97,6.48,0.59,,,0.64,,,83.89,71.03,11.13,3.45,5.84,,-5.1,0.0,63.62,INR,2026-10-01 10:37:48
PUNJABCHEM,Punjab Chemicals and Crop Protection Limited,Basic Materials,Chemicals,1277.72,19.54,,3.02,,,0.36,,,9.64,6.18,29.0,53.34,,,7.0,8.7,345.35,INR,2026-10-01 10:37:50
PURVA,Puravankara Limited,Real Estate,Real Estate - Development,4852.79,30.27,14.72,2.72,,,3.15,,,20.8,3.94,,6.76,13.9,,,61.8,75.3,INR,2026-10-01 10:37:53
PVP,PVP Ventures Limited,Industrials,Conglomerates,1314.26,265.63,,6.02,,,0.65,,,15.69,4.23,,0.19,,,4086.5,165.2,8.38,INR,2026-10-01 10:37:55
PVRINOX,PVR INOX Limited,Communication Services,Entertainment,11586.56,43.28,21.02,1.64,,,0.92,,,13.19,6.52,,28.46,58.6,,,10.4,750.52,INR,2026-10-01 10:37:57
PVSL,Popular Vehicles and Services Limited,Consumer Cyclical,Auto & Truck Dealerships,680.44,,,1.08,,,2.24,,,0.97,-0.03,,-0.33,,,,44.1,88.18,INR,2026-10-01 10:38:00
PWL,Physicswallah Limited,Consumer Defensive,Education & Training Services,35544.73,1750.43,58.47,7.81,,,0.23,,,-11.69,0.5,,0.07,2.1,,,23.9,15.69,INR,2026-10-01 10:38:02
PYRAMID,Pyramid Technoplast Limited,Consumer Cyclical,Packaging & Containers,579.01,18.41,,2.03,,,0.66,,,7.39,4.24,32.0,8.53,,,32.1,35.8,77.32,INR,2026-10-01 10:38:05
QPOWER,Quality Power Electrical Equipments Limited,Industrials,Electrical Equipment & Parts,12233.84,91.47,38.81,22.57,,,0.05,,,15.95,13.29,6.0,17.27,40.7,,49.6,31.7,69.99,INR,2026-10-01 10:38:07
QUADFUTURE,Quadrant Future Tek Limited,Industrials,Railroads,2164.2,,,7.72,,,0.1,,,-17.11,-23.41,,-9.64,,,,41.3,70.08,INR,2026-10-01 10:38:09
QUESS,Quess Corp Limited,Industrials,Staffing & Employment Services,5072.4,20.09,16.73,4.34,,,0.11,,,1.79,1.59,1.75,16.9,20.3,,60.9,14.5,78.21,INR,2026-10-01 10:38:12
QUICKHEAL,Quick Heal Technologies Limited,Technology,Software - Application,781.59,,,1.84,,,0.03,,,-47.61,-4.3,,-1.93,,,,-21.4,78.37,INR,2026-10-01 10:38:14
QUINT,Quint Digital Limited,Communication Services,Entertainment,324.51,10.08,,1.0,,,0.39,,,-14.47,29.83,,6.82,,,,335.8,68.98,INR,2026-10-01 10:38:16
RACE,Race Eco Chain Limited,Industrials,Waste Management,204.84,35.01,,2.61,,,1.04,,,1.48,1.15,,3.39,,,218.8,21.9,45.45,INR,2026-10-01 10:38:18
RACLGEAR,RACL Geartech Limited,Consumer Cyclical,Auto Parts,1840.66,36.61,,5.15,,,0.67,,,17.18,9.51,19.0,42.57,,,7.7,31.5,302.72,INR,2026-10-01 10:38:20
RADAAN,Radaan Mediaworks India Limited,Communication Services,Entertainment,15.92,,,-1.01,,,,,,-1.67,-56.44,,-0.68,,,,426.8,-2.91,INR,2026-10-01 10:38:22
RADHIKAJWE,Radhika Jeweltech Limited,Consumer Cyclical,Luxury Goods,812.12,10.2,,2.04,,,0.15,,,19.83,11.47,,6.74,,,25.5,53.9,33.72,INR,2026-10-01 10:38:25
RADIANTCMS,Radiant Cash Management Services Limited,Industrials,Specialty Business Services,379.03,12.12,,1.37,,,0.71,,,6.11,7.2,7.01,2.93,,,-12.9,5.7,25.96,INR,2026-10-01 10:38:27
RADICO,Radico Khaitan Limited,Consumer Defensive,Beverages - Wineries & Distilleries,58675.15,83.57,54.93,17.68,,,0.15,,,18.27,11.3,21.0,52.4,79.72,,75.9,11.8,247.63,INR,2026-10-01 10:38:29
RADIOCITY,Music Broadcast Limited,Communication Services,Broadcasting,210.46,,0.44,0.46,,,0.05,,,10.88,-24.71,,-1.21,13.5,,,-9.7,12.91,INR,2026-10-01 10:38:32
RAILTEL,RailTel Corporation of India Limited,Communication Services,Telecom Services,8296.26,23.96,17.41,3.67,16.25,5.09,2.82,1.32,1.23,10.98,8.1,1.22,10.79,14.85,,24.9,27.6,70.47,INR,2026-10-01 10:38:34
RAIN,Rain Industries Limited,Basic Materials,Specialty Chemicals,7169.21,13.26,-140.23,0.9,8.55,5.11,1.3,1.78,0.78,13.45,2.91,47.0,16.07,-1.52,,388.0,17.4,237.78,INR,2026-10-01 10:38:36
RAINBOW,Rainbow Children's Medicare Limited,Healthcare,Medical Care Facilities,13060.69,45.77,32.54,7.93,,,0.54,,,19.67,15.68,27.0,28.13,39.56,,13.2,33.2,162.36,INR,2026-10-01 10:38:39
RAJMET,Rajnandini Metal Limited,Basic Materials,Copper,85.71,inf,,1.55,,,0.24,,,1.44,0.85,,0.0,,,,-29.7,1.99,INR,2026-10-01 10:38:41
RAJPALAYAM,Rajapalayam Mills Limited,Consumer Cyclical,Textile Manufacturing,694.28,5.6,,0.29,,,0.47,,,7.2,12.17,7.0,134.51,,,116.2,38.6,2633.12,INR,2026-10-01 10:38:43
RAJRATAN,Rajratan Global Wire Limited,Basic Materials,Steel,2316.17,29.13,19.1,3.56,,,0.5,,,10.74,6.48,43.0,15.66,23.88,,69.8,29.1,128.11,INR,2026-10-01 10:38:45
RAJSREESUG,Rajshree Sugars & Chemicals Limited,Consumer Defensive,Confectioners,94.77,,,0.36,,,1.26,,,-12.88,-1.45,,-2.57,,,,8.7,79.35,INR,2026-10-01 10:38:48
RAJTV,Raj Television Network Limited,Communication Services,Broadcasting,58.14,,,0.5,,,0.17,,,-3.85,-0.83,,-0.11,,,,-9.7,22.58,INR,2026-10-01 10:38:50
RALLIS,Rallis India Limited,Basic Materials,Agricultural Inputs,3889.38,18.17,13.75,1.9,,,2.99,,,15.17,7.22,1.5,11.01,14.54,,31.6,6.8,105.05,INR,2026-10-01 10:38:53
RAMANEWS,Shree Rama Newsprint Limited,Consumer Defensive,Beverages - Non-Alcoholic,448.78,,,-5.32,,,,,,-1.92,-206.68,,-2.39,,,,6.0,-5.6,INR,2026-10-01 10:38:55
RAMAPHO,Rama Phosphates Limited,Basic Materials,Agricultural Inputs,431.01,8.02,,1.02,,,0.33,,,11.62,5.79,0.62,15.19,,,6.4,18.1,119.39,INR,2026-10-01 10:38:58
RAMBHAJO,Advit Jewels Limited,Consumer Cyclical,Luxury Goods,,38.78,,9.83,,,0.79,,,31.87,20.75,,7.49,,,37.9,37.0,29.56,INR,2026-10-01 10:39:00
RAMCOCEM,The Ramco Cements Limited,Basic Materials,Building Materials,19639.44,30.48,31.69,2.43,,,0.48,,,5.13,6.99,30.0,27.27,26.22,,-63.3,9.6,342.52,INR,2026-10-01 10:39:02
RAMCOIND,Ramco Industries Limited,Industrials,Building Products & Equipment,2645.19,8.06,26.44,0.58,,,3.79,,,16.13,17.38,40.0,37.77,11.52,,31.9,17.3,520.72,INR,2026-10-01 10:39:05
RAMCOSYS,Ramco Systems Limited,Technology,Software - Application,2077.51,49.87,24.0,5.9,,,0.12,,,2.37,5.83,,11.07,23.0,,-36.3,7.1,93.62,INR,2026-10-01 10:39:08
RAMKY,Ramky Infrastructure Limited,Industrials,Engineering & Construction,1930.27,8.18,,0.89,,,0.27,,,4.17,12.17,34.0,34.11,,,-47.2,24.3,312.69,INR,2026-10-01 10:39:10
RAMRAT,Ram Ratna Wires Limited,Industrials,Electrical Equipment & Parts,5497.79,43.4,,9.49,,,1.15,,,4.15,2.1,43.0,13.57,,,127.8,88.6,62.08,INR,2026-10-01 10:39:13
RANASUG,Rana Sugars Limited,Consumer Defensive,Confectioners,201.79,35.51,,0.35,,,0.54,,,-4.42,0.34,,0.37,,,,-12.5,37.27,INR,2026-10-01 10:39:15
RANEHOLDIN,Rane Holdings Limited,Consumer Cyclical,Auto Parts,2171.65,25.7,,1.88,,,0.72,,,3.31,1.38,3.05,59.19,,,-26.4,18.4,808.13,INR,2026-10-01 10:39:17
RATEGAIN,RateGain Travel Technologies Limited,Technology,Software - Application,10304.8,42.45,23.63,5.12,,,0.47,,,17.07,10.38,,20.5,36.82,,102.2,187.6,169.85,INR,2026-10-01 10:39:20
RATNAMANI,Ratnamani Metals & Tubes Limited,Basic Materials,Steel,18702.65,41.67,29.88,4.55,,,0.08,,,12.97,9.94,37.0,64.03,89.3,,-43.3,-8.5,586.46,INR,2026-10-01 10:39:22
RATNAVEER,Ratnaveer Precision Engineering Limited,Basic Materials,Steel,2859.37,18.5,21.43,3.46,,,0.5,,,7.88,6.04,,18.42,15.9,,22.0,18.9,98.43,INR,2026-10-01 10:39:24
RAYMOND,Raymond Limited,Industrials,Specialty Industrial Machinery,7935.59,182.05,70.56,2.79,,,0.34,,,6.51,1.61,,6.55,16.9,,-99.6,15.5,427.34,INR,2026-10-01 10:39:26
RAYMONDLSL,Raymond Lifestyle Limited,Consumer Cyclical,Apparel Manufacturing,3871.48,89.15,14.52,0.4,,,0.23,,,-1.29,0.62,16.0,7.13,43.78,,,5.9,1581.62,INR,2026-10-01 10:39:29
RAYMONDREL,Raymond Realty Limited,Real Estate,Real Estate - Development,4347.14,14.49,,2.77,,,0.65,,,10.12,9.6,30.0,45.09,,,-18.6,40.7,235.44,INR,2026-10-01 10:39:31
RBA,Restaurant Brands Asia Limited,Consumer Cyclical,Restaurants,6669.92,,425.68,7.57,,,2.86,,,-0.4,-5.89,,-2.9,0.22,,,17.9,12.37,INR,2026-10-01 10:39:34
RBLBANK,RBL Bank Limited,Financial Services,Banks - Regional,64222.48,34.21,20.42,1.53,,,,,,15.66,11.1,25.0,12.1,20.27,,9.3,-6.2,270.96,INR,2026-10-01 10:39:36
RCF,Rashtriya Chemicals and Fertilizers Limited,Basic Materials,Agricultural Inputs,6009.54,13.46,14.72,1.18,,,0.81,,,3.83,2.39,3.33,8.09,7.4,0.05,35.1,6.4,92.7,INR,2026-10-01 10:39:38
RECLTD,REC Limited,Financial Services,Credit Services,77456.28,4.84,4.15,0.92,,,6.07,,,96.85,68.89,2.07,60.76,70.91,,-6.1,25.2,319.8,INR,2026-10-01 10:39:41
REDINGTON,Redington Limited,Technology,Information Technology Services,31376.52,18.44,13.12,3.09,,,0.27,,,1.88,1.33,1.48,21.77,30.58,,76.5,34.6,129.97,INR,2026-10-01 10:39:43
REDTAPE,REDTAPE Limited,Consumer Cyclical,Footwear & Accessories,6420.31,26.16,,6.29,,,0.7,,,15.1,9.81,1.7,4.44,,,15.2,6.9,18.48,INR,2026-10-01 10:39:45
REFEX,Refex Industries Limited,Energy,Thermal Coal,3708.6,12.49,,2.47,,,0.15,,,11.04,8.66,0.75,21.63,,,201.3,139.1,109.63,INR,2026-10-01 10:39:47
REGAAL,Regaal Resources Limited,Consumer Defensive,Packaged Foods,897.18,14.03,,1.81,,,1.26,,,12.72,5.48,28.0,6.21,,,47.0,-17.9,48.25,INR,2026-10-01 10:39:49
REGENCERAM,Regency Ceramics Limited,Industrials,Building Products & Equipment,85.94,,,-1.02,,,,,,-87.11,-49.03,,-9.29,,,,172.7,-31.78,INR,2026-10-01 10:39:51
RELAXO,Relaxo Footwears Limited,Consumer Cyclical,Footwear & Accessories,7163.21,38.57,28.95,3.24,,,0.11,,,9.65,6.73,1.2,7.46,9.94,,12.4,7.7,88.69,INR,2026-10-01 10:39:54
RELCHEMQ,Reliance Chemotex Industries Limited,Consumer Cyclical,Textile Manufacturing,87.5,15.74,,0.61,,,1.87,,,7.25,1.51,44.0,7.37,,,28.5,7.0,188.87,INR,2026-10-01 10:39:56
RELIABLE,Reliable Data Services Limited,Technology,Information Technology Services,146.54,19.32,,2.05,,,0.29,,,6.91,3.74,3.0,7.35,,,42.1,45.9,69.22,INR,2026-10-01 10:39:59
RELIANCE,Reliance Industries Limited,Energy,Oil & Gas Refining & Marketing,1598726.29,21.4,16.54,1.77,,,0.37,,,12.33,6.61,0.51,55.2,71.41,0.82,-22.4,29.7,668.04,INR,2026-10-01 10:40:01
RELIGARE,Religare Enterprises Limited,Financial Services,Insurance - Life,7873.03,149.27,,2.61,,,0.13,,,-2.62,0.55,,1.53,,,,26.0,87.38,INR,2026-10-01 10:40:03
RELTD,Ravindra Energy Limited,Technology,Solar,2937.92,54.8,,6.22,,,1.26,,,22.88,12.51,,2.7,,,-92.8,-26.2,23.77,INR,2026-10-01 10:40:06
REMSONSIND,Remsons Industries Limited,Consumer Cyclical,Auto Parts,411.31,23.74,,2.75,,,0.63,,,5.07,3.54,26.0,4.94,,,-20.9,20.2,42.73,INR,2026-10-01 10:40:08
RENUKA,Shree Renuka Sugars Limited,Consumer Defensive,Confectioners,4574.12,,-5.0,-1.72,,,,,,-5.61,-8.42,,-3.66,-4.3,1.01,,5.5,-12.48,INR,2026-10-01 10:40:10
REPCOHOME,Repco Home Finance Limited,Financial Services,Mortgage Finance,2113.32,4.38,4.27,0.52,,,3.02,,,71.4,56.8,3.49,77.05,79.03,,5.6,3.8,645.96,INR,2026-10-01 10:40:12
REPRO,Repro India Limited,Industrials,Specialty Business Services,450.66,4.62,,1.29,,,0.53,,,-3.56,18.94,,68.04,,,,20.1,243.72,INR,2026-10-01 10:40:15
RESPONIND,Responsive Industries Limited,Basic Materials,Specialty Chemicals,4345.72,42.12,,2.79,10.22,5.94,0.13,6.16,4.65,6.71,10.65,6.0,3.87,,,-57.9,13.0,58.47,INR,2026-10-01 10:40:17
RETAIL,JHS Svendgaard Retail Ventures Limited,Consumer Defensive,Grocery Stores,28.66,,,1.43,,,0.4,,,2.05,-0.33,,-0.16,,,,21.5,24.41,INR,2026-10-01 10:40:19
RGL,Renaissance Global Limited,Consumer Cyclical,Luxury Goods,1758.8,16.09,,1.17,,,0.42,,,5.82,3.56,,10.18,,,298.0,47.2,140.54,INR,2026-10-01 10:40:22
RHETAN,Rhetan TMT Limited,Basic Materials,Steel,1326.0,104.0,,12.21,,,0.38,,,-20.0,54.11,,0.16,,,316.7,-19.3,1.36,INR,2026-10-01 10:40:24
RHIM,RHI Magnesita India Limited,Industrials,Metal Fabrication,8009.16,,21.85,2.25,,,0.13,,,8.68,-8.68,0.65,-17.12,17.75,,83.2,5.6,172.42,INR,2026-10-01 10:40:27
RHL,Robust Hotels Limited,Consumer Cyclical,Lodging,285.3,10.65,,0.38,,,0.2,,,19.98,18.0,,15.49,,,52.0,1.8,428.71,INR,2026-10-01 10:40:29
RICOAUTO,Rico Auto Industries Limited,Consumer Cyclical,Auto Parts,1688.76,56.48,,2.17,,,0.93,,,1.02,1.14,43.0,2.21,,,,38.9,57.61,INR,2026-10-01 10:40:31
RIIL,Reliance Industrial Infrastructure Limited,Industrials,Engineering & Construction,1015.55,83.44,80.93,2.14,,,,,,-41.2,29.16,0.52,8.06,8.31,1.07,-8.4,-30.7,313.85,INR,2026-10-01 10:40:34
RIR,Rir Power Electronics Limited,Technology,Semiconductors,1448.22,154.24,,10.65,6.24,3.02,0.1,3.85,1.58,5.17,8.72,5.0,1.18,,,-62.2,-16.5,17.08,INR,2026-10-01 10:40:36
RISHABH,Rishabh Instruments Limited,Technology,Scientific & Technical Instruments,2706.08,33.54,20.39,3.62,,,0.11,,,12.03,10.33,28.0,20.85,34.3,,-3.4,4.2,193.28,INR,2026-10-01 10:40:38
RITCO,Ritco Logistics Limited,Industrials,Integrated Freight & Logistics,788.21,24.35,,2.17,,,1.32,,,3.22,2.1,,11.37,,,-43.3,3.0,127.64,INR,2026-10-01 10:40:43
RITES,RITES Limited,Industrials,Engineering & Construction,10117.19,24.25,19.11,3.78,,,0.24,,,18.43,16.98,5.26,8.68,11.02,,8.9,8.7,55.7,INR,2026-10-01 10:40:45
RKDL,Ravi Kumar Distilleries Limited,Consumer Defensive,Beverages - Wineries & Distilleries,43.7,227.62,,1.07,,,1.09,,,-5.4,0.9,,0.08,,,145.7,-9.4,16.98,INR,2026-10-01 10:40:48
RKEC,RKEC Projects Limited,Industrials,Engineering & Construction,52.64,2.63,,0.27,-32.25,-5.78,1.72,1.18,0.36,-120.0,-43.14,,8.35,,,,-77.2,82.15,INR,2026-10-01 10:40:50
RKFORGE,Ramkrishna Forgings Limited,Industrials,Metal Fabrication,12925.77,117.69,34.84,3.84,,,0.74,,,9.78,2.41,28.0,5.93,20.03,,297.8,19.8,181.76,INR,2026-10-01 10:40:52
RKSWAMY,R K Swamy Limited,Communication Services,Advertising Agencies,442.43,19.48,,1.67,,,0.21,,,4.02,6.54,2.24,4.5,,,20.5,7.8,52.36,INR,2026-10-01 10:40:54
RMC,RMC Switchgears Limited,Industrials,Electrical Equipment & Parts,223.8,10.99,,1.7,,,0.81,,,17.31,5.79,,19.25,,,-49.0,-55.9,124.05,INR,2026-10-01 10:40:57
RML,Rane (Madras) Limited,Consumer Cyclical,Auto Parts,3764.45,31.78,,5.02,,,1.0,,,4.56,2.96,1.18,42.86,,,62.4,18.3,271.58,INR,2026-10-01 10:40:59
ROHLTD,Royal Orchid Hotels Limited,Consumer Cyclical,Lodging,825.77,29.81,53.48,3.2,,,2.33,,,19.96,6.71,0.83,10.1,5.63,,-41.3,36.1,94.23,INR,2026-10-01 10:41:01
ROLEXRINGS,Rolex Rings Limited,Industrials,Metal Fabrication,5120.74,35.43,21.06,4.38,,,,,,19.61,13.15,,5.51,9.27,,22.3,4.4,44.56,INR,2026-10-01 10:41:04
ROML,Raj Oil Mills Limited,Consumer Defensive,Packaged Foods,65.05,14.91,,30.22,,,12.23,,,4.4,2.85,,2.91,,,-20.9,5.8,1.44,INR,2026-10-01 10:41:06
ROSSARI,Rossari Biotech Limited,Basic Materials,Specialty Chemicals,2372.25,15.74,12.75,1.78,,,0.33,,,7.89,5.91,12.0,27.21,33.6,,4.5,28.2,240.75,INR,2026-10-01 10:41:08
ROSSELLIND,Rossell India Limited,Industrials,Conglomerates,190.29,16.28,,0.95,,,0.32,,,14.19,5.31,0.78,3.1,,,-52.4,-15.6,52.99,INR,2026-10-01 10:41:10
ROSSTECH,Rossell Techsys Limited,Industrials,Aerospace & Defense,5585.6,216.44,,35.85,,,2.64,,,11.86,4.66,2.0,6.82,,,116.5,77.1,41.18,INR,2026-10-01 10:41:13
ROTO,Roto Pumps Limited,Industrials,Specialty Industrial Machinery,1203.36,43.33,,5.0,,,0.13,,,15.07,9.41,29.0,1.47,,,46.8,14.7,12.75,INR,2026-10-01 10:41:15
ROUTE,Route Mobile Limited,Communication Services,Telecom Services,2789.15,11.22,7.33,1.01,,,1.49,,,7.05,5.51,1.8,39.44,60.43,,17.7,9.6,439.56,INR,2026-10-01 10:41:17
RPEL,Raghav Productivity Enhancers Limited,Basic Materials,Chemicals,8421.63,133.47,,34.43,,,2.21,,,27.52,21.96,6.0,13.74,,,67.6,48.7,53.26,INR,2026-10-01 10:41:19
RPGLIFE,RPG Life Sciences Limited,Healthcare,Drug Manufacturers - Specialty & Generic,4900.51,40.99,31.45,8.1,,,3.3,,,19.11,16.29,0.79,72.28,94.2,,17.0,15.8,366.01,INR,2026-10-01 10:41:22
RPOWER,Reliance Power Limited,Utilities,Utilities - Independent Power Producers,8250.86,,4.42,0.51,,,0.92,,,18.15,-4.12,,-0.77,4.51,,44.8,3.8,38.78,INR,2026-10-01 10:41:24
RPPINFRA,R.P.P. Infra Projects Limited,Industrials,Engineering & Construction,259.48,,,0.49,,,0.2,,,1.37,-0.04,0.91,-0.13,,,-74.4,0.0,107.86,INR,2026-10-01 10:41:26
RPSGVENT,RPSG Ventures Limited,Technology,Information Technology Services,2775.78,,,1.11,,,1.89,,,16.99,-1.09,,-38.52,,,9.6,20.4,757.34,INR,2026-10-01 10:41:28
RPTECH,Rashi Peripherals Limited,Technology,Electronics & Computer Distribution,6325.81,20.23,,3.1,,,0.49,,,2.92,1.8,21.0,47.1,,,67.6,61.9,307.34,INR,2026-10-01 10:41:30
RRECL,RDB Real Estate Constructions Limited,Real Estate,Real Estate Services,355.03,,,1.43,,,2.1,,,-20.55,-7.1,,-8.84,,,,98.9,94.51,INR,2026-10-01 10:41:32
RRIL,RRIL Limited,Consumer Cyclical,Textile Manufacturing,187.88,20.67,,1.67,,,0.3,,,5.61,7.04,,0.75,,,21.4,23.0,9.29,INR,2026-10-01 10:41:35
RRKABEL,R R Kabel Limited,Industrials,Electrical Equipment & Parts,28748.03,47.3,32.37,11.17,,,0.13,,,8.0,5.61,44.0,53.74,78.51,,128.6,53.9,227.61,INR,2026-10-01 10:41:37
RSL,Rajputana Stainless Limited,Basic Materials,Steel,1425.83,24.27,,3.27,,,0.19,,,8.7,5.44,30.0,7.03,,,80.5,32.4,52.13,INR,2026-10-01 10:41:40
RSSOFTWARE,R S Software (India) Limited,Technology,Information Technology Services,77.52,,,3.57,-82.66,-33.13,0.62,1.65,1.06,-121.19,-141.96,,-12.38,,,,-24.3,8.41,INR,2026-10-01 10:41:42
RSYSTEMS,R Systems International Limited,Technology,Information Technology Services,3131.26,16.98,12.42,2.85,17.33,11.5,0.29,2.29,1.76,14.92,8.59,5.72,15.56,21.27,,-26.7,30.5,92.69,INR,2026-10-01 10:41:44
RTNINDIA,RattanIndia Enterprises Limited,Consumer Cyclical,Internet Retail,3543.36,,,4.6,,,1.43,,,-5.66,-8.63,,-4.73,,,-97.0,1.9,5.58,INR,2026-10-01 10:41:46
RTNPOWER,RattanIndia Power Limited,Utilities,Utilities - Independent Power Producers,3662.41,32.48,,0.79,,,0.8,,,8.0,3.75,,0.21,,,,-2.8,8.66,INR,2026-10-01 10:41:48
RTSPOWR,RTS Power Corporation Limited,Industrials,Electrical Equipment & Parts,105.2,36.66,,0.71,,,0.21,,,1.1,1.7,,3.13,,,28.9,-12.9,161.11,INR,2026-10-01 10:41:50
RUBFILA,Rubfila International Limited,Basic Materials,Specialty Chemicals,347.15,13.5,,1.1,8.43,,0.31,5.88,3.08,4.82,4.35,3.13,4.74,,,-13.3,-7.9,58.32,INR,2026-10-01 10:41:53
RUBICON,Rubicon Research Limited,Healthcare,Drug Manufacturers - General,27481.61,95.52,57.55,21.27,,,0.24,,,21.33,14.89,9.0,17.38,28.85,,95.8,51.6,78.07,INR,2026-10-01 10:41:55
RUBYMILLS,The Ruby Mills Limited,Consumer Cyclical,Textile Manufacturing,1695.24,39.21,,2.52,,,0.56,,,13.8,11.35,0.51,12.93,,,-3.0,31.5,201.45,INR,2026-10-01 10:41:58
RUCHINFRA,Ruchi Infrastructure Limited,Industrials,Specialty Business Services,115.18,32.53,,0.69,,,0.41,,,31.26,9.64,,0.15,,,-47.2,6.8,7.04,INR,2026-10-01 10:42:00
RUCHIRA,Ruchira Papers Limited,Basic Materials,Paper & Paper Products,307.4,9.23,,0.62,,,0.37,,,5.61,5.08,2.4,11.16,,,-63.8,3.8,165.68,INR,2026-10-01 10:42:02
RUDRA,Rudra Global Infra Products Limited,Basic Materials,Steel,185.64,14.57,,1.39,,,0.97,,,5.59,2.09,,1.27,,,-7.5,6.7,13.29,INR,2026-10-01 10:42:04
RUPA,Rupa & Company Limited,Consumer Cyclical,Apparel Manufacturing,1031.06,13.69,12.46,0.97,,,0.24,,,5.92,5.89,2.27,9.47,10.4,,49.6,10.1,133.97,INR,2026-10-01 10:42:07
RUSHIL,Rushil Décor Limited,Consumer Cyclical,"Furnishings, Fixtures & Appliances",470.93,20.32,3.33,0.73,,,0.4,,,4.14,2.49,31.0,0.79,4.82,,,27.8,21.87,INR,2026-10-01 10:42:09
RUSTOMJEE,Keystone Realtors Limited,Real Estate,Real Estate - Development,4574.07,39.1,12.33,1.6,,,0.51,,,16.34,4.15,38.0,9.26,29.37,,266.2,72.2,226.68,INR,2026-10-01 10:42:11
RVHL,Ravinder Heights Limited,Real Estate,Real Estate - Development,238.56,5.01,,0.82,,,0.34,,,-28171.64,63.59,,7.77,,,,-89.5,47.33,INR,2026-10-01 10:42:13
RVNL,Rail Vikas Nigam Limited,Industrials,Engineering & Construction,41765.04,46.37,36.42,4.25,,,0.49,,,4.03,4.32,1.7,4.32,5.5,,18.5,10.6,47.11,INR,2026-10-01 10:42:15
RVTH,Revathi Equipment India Limited,Industrials,Farm & Heavy Construction Machinery,231.25,15.22,,1.65,,,0.48,,,9.73,10.16,,49.54,,,257.9,34.9,458.11,INR,2026-10-01 10:42:17
S&SPOWER,S&S Power Switchgear Limited,Industrials,Electrical Equipment & Parts,359.76,44.57,,4.04,,,0.44,,,1.5,2.93,,6.54,,,,20.0,72.23,INR,2026-10-01 10:42:19
SAATVIKGL,Saatvik Green Energy Limited,Technology,Solar,5217.66,21.2,7.74,3.61,,,0.69,,,5.7,5.94,,19.36,53.05,,-95.4,-44.2,113.63,INR,2026-10-01 10:42:22
SAB,SAB Industries Limited,Industrials,Engineering & Construction,258.57,,,0.75,,,0.15,,,-13.05,-65.61,,-10.34,,,-38.2,-1.0,225.8,INR,2026-10-01 10:42:24
SADBHAV,Sadbhav Engineering Limited,Industrials,Engineering & Construction,117.53,3.96,1.49,-1.06,,,,,,56.72,3.12,,1.73,4.6,,28.5,-8.1,-6.46,INR,2026-10-01 10:42:26
SAFARI,Safari Industries (India) Limited,Consumer Cyclical,Footwear & Accessories,6927.73,41.87,28.5,6.21,,,0.1,,,9.58,7.83,28.0,33.77,49.61,,-5.4,11.5,227.51,INR,2026-10-01 10:42:28
SAGARDEEP,Sagardeep Alloys Limited,Basic Materials,Copper,40.34,18.19,,1.17,,,0.26,,,2.24,1.54,,1.3,,,118.3,61.5,20.19,INR,2026-10-01 10:42:30
SAGCEM,Sagar Cements Limited,Basic Materials,Building Materials,1994.47,,45.69,1.18,,,0.92,,,1.88,-1.32,,-2.79,3.34,0.1,,5.3,129.52,INR,2026-10-01 10:42:33
SAGILITY,Sagility Limited,Healthcare,Health Information Services,20242.07,20.4,14.71,2.06,,,0.11,,,15.79,13.04,47.0,2.12,2.94,,45.9,27.6,20.99,INR,2026-10-01 10:42:35
SAHLIBHFI,Shalibhadra Finance Limited,Financial Services,Credit Services,248.19,12.52,,1.44,,,0.33,,,70.21,54.15,0.64,6.42,,,7.4,7.7,55.65,INR,2026-10-01 10:42:37
SAHYADRI,Sahyadri Industries Limited,Industrials,Building Products & Equipment,379.73,8.49,,0.94,,,4.08,,,12.9,6.19,1.15,40.88,,,146.2,20.5,370.98,INR,2026-10-01 10:42:39
SAICAPI,Sai Capital Limited,Financial Services,Capital Markets,,3.36,,0.12,,,3.88,,,78.12,49.84,,43.74,,,3.2,6.6,1272.12,INR,2026-10-01 10:42:42
SAIL,Steel Authority of India Limited,Basic Materials,Steel,74295.75,17.4,11.34,1.23,,,0.53,,,9.88,3.84,1.29,10.34,15.86,,120.8,1.3,146.0,INR,2026-10-01 10:42:44
SAILIFE,Sai Life Sciences Limited,Healthcare,Diagnostics & Research,32869.59,90.65,61.94,13.17,,,0.12,,,18.41,16.07,,17.07,24.98,,21.2,11.7,117.47,INR,2026-10-01 10:42:46
SAIPARENT,Sai Parenteral's Limited,Healthcare,Drug Manufacturers - General,2329.35,118.48,,3.52,,,0.49,,,8.62,3.95,,4.45,,,459.9,435.1,149.95,INR,2026-10-01 10:42:48
SAKAR,Sakar Healthcare Limited,Healthcare,Drug Manufacturers - Specialty & Generic,2425.68,80.08,27.02,7.57,,,0.22,,,20.15,13.27,,13.8,40.9,,120.2,38.4,145.98,INR,2026-10-01 10:42:51
SAKHTISUG,Sakthi Sugars Limited,Consumer Defensive,Confectioners,214.11,7.79,,0.94,,,3.16,,,4.58,2.81,,2.31,,,,24.6,19.21,INR,2026-10-01 10:42:53
SAKSOFT,Saksoft Limited,Technology,Information Technology Services,1800.69,14.07,4.1,2.3,,,0.06,,,16.93,12.93,0.79,9.96,34.14,,-9.4,-0.2,60.93,INR,2026-10-01 10:42:55
SAKUMA,Sakuma Exports Limited,Consumer Defensive,Farm Products,244.56,22.29,1.32,0.33,,,1.18,,,0.05,0.64,,0.07,1.18,,70.5,-11.3,4.78,INR,2026-10-01 10:42:57
SALASAR,Salasar Techno Engineering Limited,Basic Materials,Steel,721.9,51.63,,0.87,,,0.51,,,5.21,0.91,,0.08,,,-41.4,-1.5,4.77,INR,2026-10-01 10:42:59
SALONA,Salona Cotspin Limited,Consumer Cyclical,Textile Manufacturing,139.4,60.9,,1.67,,,2.26,,,4.19,0.36,22.0,4.35,,,47.4,25.1,158.93,INR,2026-10-01 10:43:02
SALSTEEL,S.A.L. Steel Limited,Basic Materials,Steel,1432.03,75.51,,9.83,,,2.38,,,12.35,7.42,,1.31,,,,-31.5,10.06,INR,2026-10-01 10:43:04
SALZERELEC,Salzer Electronics Limited,Industrials,Electrical Equipment & Parts,947.26,21.7,,1.6,,,0.89,,,4.89,2.41,47.0,24.69,,,-53.5,12.9,335.16,INR,2026-10-01 10:43:07
SAMBANDAM,Sambandam Spinning Mills Limited,Consumer Cyclical,Textile Manufacturing,,,,0.59,,,1.73,,,5.44,-2.23,,-13.6,,,-27.2,-6.2,188.4,INR,2026-10-01 10:43:09
SAMBHAAV,Sambhaav Media Limited,Communication Services,Publishing,104.73,,,1.25,,,0.06,,,-13.39,-3.67,,-0.09,,,,4.2,4.37,INR,2026-10-01 10:43:11
SAMBHV,Sambhv Steel Tubes Limited,Basic Materials,Steel,4823.77,28.13,,4.58,,,0.35,,,11.29,6.37,,5.82,,,66.9,31.1,35.77,INR,2026-10-01 10:43:14
SAMHI,SAMHI Hotels Limited,Consumer Cyclical,Lodging,3439.46,5.98,12.68,2.25,,,0.81,,,22.07,39.35,,25.85,12.2,,5.6,12.1,68.8,INR,2026-10-01 10:43:16
SAMMAANCAP,Sammaan Capital Limited,Financial Services,Mortgage Finance,15398.15,,,0.58,,,2.73,,,52.97,0.0,,-89.78,,,-27.2,-24.5,232.31,INR,2026-10-01 10:43:18
SAMPANN,Sampann Utpadan India Limited,Basic Materials,Specialty Chemicals,124.4,17.9,,2.49,20.73,4.44,2.02,1.99,0.55,7.26,4.62,,1.36,,,12.2,27.6,9.76,INR,2026-10-01 10:43:20
SANATHAN,Sanathan Textiles Limited,Consumer Cyclical,Textile Manufacturing,4279.29,70.32,10.93,2.28,,,0.81,,,5.5,1.38,,7.21,46.38,,-41.1,79.1,222.18,INR,2026-10-01 10:43:22
SANDESH,The Sandesh Limited,Communication Services,Publishing,750.89,7.0,8.43,0.53,,,,,,19.99,12.19,50.0,141.7,117.7,,71.4,329.9,1885.99,INR,2026-10-01 10:43:24
SANDHAR,Sandhar Technologies Limited,Consumer Cyclical,Auto Parts,3447.86,16.62,13.7,2.58,,,0.86,,,4.0,4.04,0.68,34.38,41.7,,33.1,26.8,221.41,INR,2026-10-01 10:43:26
SANDUMA,The Sandur Manganese & Iron Ores Limited,Basic Materials,Steel,8816.97,12.34,,2.71,,,0.31,,,21.27,13.46,27.0,14.7,,,36.3,21.1,66.93,INR,2026-10-01 10:43:29
SANGAMIND,Sangam (India) Limited,Consumer Cyclical,Textile Manufacturing,3116.64,26.11,,2.95,,,1.19,,,9.27,3.68,31.0,24.21,,,1825.8,8.9,214.2,INR,2026-10-01 10:43:31
SANGHVIMOV,Sanghvi Movers Limited,Industrials,Rental & Leasing Services,3805.88,19.1,,2.9,,,0.51,,,22.88,16.93,44.0,23.02,,,29.8,38.9,151.45,INR,2026-10-01 10:43:33
SANOFI,Sanofi India Limited,Healthcare,Drug Manufacturers - General,7024.34,21.68,17.0,8.5,40.27,21.09,1.78,1.69,1.05,24.31,17.94,7.81,140.7,179.4,,20.1,7.7,358.69,INR,2026-10-01 10:43:35
SANOFICONR,Sanofi Consumer Healthcare India Limited,Healthcare,Drug Manufacturers - General,8568.78,32.13,27.75,24.6,87.95,37.63,0.06,2.03,1.65,36.49,28.01,1.94,115.62,133.9,,13.3,6.7,151.04,INR,2026-10-01 10:43:37
SANSERA,Sansera Engineering Limited,Consumer Cyclical,Auto Parts,27089.31,87.27,47.86,8.75,,,0.19,,,13.14,9.28,9.0,49.73,90.67,,39.1,33.3,496.13,INR,2026-10-01 10:43:39
SANSTAR,Sanstar Limited,Basic Materials,Chemicals,2105.82,43.63,,2.76,,,2.87,,,4.91,5.36,,2.41,,,,22.1,38.09,INR,2026-10-01 10:43:41
SAPPHIRE,Sapphire Foods India Limited,Consumer Cyclical,Restaurants,6745.66,,88.59,4.85,,,1.02,,,4.76,-0.5,,-0.49,2.37,,,14.7,43.27,INR,2026-10-01 10:43:43
SAPPL,Shree Ajit Pulp and Paper Limited,Basic Materials,Paper & Paper Products,274.82,6.62,,0.99,,,0.92,,,15.86,5.73,,46.67,,,162.3,13.6,312.48,INR,2026-10-01 10:43:46
SARDAEN,Sarda Energy & Minerals Limited,Basic Materials,Steel,17539.78,15.45,10.52,2.38,,,0.35,,,35.12,19.94,40.0,32.22,47.33,,5.5,-1.5,208.99,INR,2026-10-01 10:43:48
SAREGAMA,Saregama India Limited,Communication Services,Entertainment,9529.83,43.17,31.72,5.73,,,4.28,,,26.43,21.31,1.78,11.5,15.65,,40.6,27.5,86.67,INR,2026-10-01 10:43:51
SARLAPOLY,Sarla Performance Fibers Limited,Consumer Cyclical,Textile Manufacturing,748.44,200.3,,1.8,,,0.4,,,18.75,0.47,2.13,0.47,,,67.2,10.6,52.27,INR,2026-10-01 10:43:53
SARVESHWAR,Sarveshwar Foods Limited,Consumer Defensive,Packaged Foods,429.84,12.03,,0.9,,,0.53,,,4.18,2.35,,0.29,,,16.9,18.8,3.9,INR,2026-10-01 10:43:55
SASKEN,Sasken Technologies Limited,Technology,Information Technology Services,2602.3,37.55,29.44,3.04,6.99,2.91,3.21,2.17,1.77,6.84,4.84,1.57,45.62,58.18,,144.8,125.7,563.41,INR,2026-10-01 10:43:58
SATIA,Satia Industries Limited,Basic Materials,Paper & Paper Products,683.1,,,0.63,,,0.29,,,6.01,-0.54,0.57,-0.78,,,,-2.5,108.87,INR,2026-10-01 10:44:00
SATIN,Satin Creditcare Network Limited,Financial Services,Credit Services,2508.17,6.12,4.29,0.88,,,3.83,,,28.61,25.35,,37.24,53.2,,172.0,26.3,260.34,INR,2026-10-01 10:44:02
SAURASHCEM,Saurashtra Cement Limited,Basic Materials,Building Materials,597.69,89.5,,0.63,,,0.11,,,2.11,0.39,,0.6,,,-45.8,7.8,85.25,INR,2026-10-01 10:44:04
SAYAJIHOTL,Sayaji Hotels Limited,Consumer Cyclical,Lodging,532.55,,,3.43,,,0.81,,,-8.19,-0.67,,-0.52,,,,-43.7,88.74,INR,2026-10-01 10:44:07
SAYAJIIND,Sayaji Industries Limited,Consumer Defensive,Farm Products,303.11,4.1,,3.1,,,2.37,,,4.28,1.12,,29.24,,,,5.9,38.66,INR,2026-10-01 10:44:09
SBC,SBC Exports Limited,Consumer Cyclical,Apparel Manufacturing,2791.43,86.21,,35.33,,,2.83,,,10.42,7.14,,0.68,,,176.9,66.3,1.66,INR,2026-10-01 10:44:11
SBCL,Shivalik Bimetal Controls Limited,Industrials,Metal Fabrication,6319.18,59.52,37.83,13.08,,,0.15,,,21.55,17.21,37.0,18.43,29.0,,44.9,33.4,83.9,INR,2026-10-01 10:44:14
SBFC,SBFC Finance Limited,Financial Services,Credit Services,9386.3,19.65,13.82,2.51,,,1.96,,,58.55,44.88,,4.31,6.13,,29.0,24.6,33.69,INR,2026-10-01 10:44:16
SBGLP,Suratwwala Business Group Limited,Real Estate,Real Estate - Development,396.26,9.64,,3.82,,,0.75,,,30.82,24.78,0.52,2.37,,,75.3,164.0,5.97,INR,2026-10-01 10:44:18
SBICARD,SBI Cards and Payment Services Limited,Financial Services,Credit Services,54776.61,24.05,16.19,3.48,,,2.8,,,26.67,18.2,43.0,23.93,35.55,,19.5,23.4,165.18,INR,2026-10-01 10:44:20
SBIFUNDS,SBI Funds Management Limited,Financial Services,Asset Management,102880.16,33.52,26.27,17.25,,,2.19,,,83.08,61.52,,15.07,19.23,,3.7,4.6,29.28,INR,2026-10-01 10:44:22
SBILIFE,SBI Life Insurance Company Limited,Financial Services,Insurance - Life,169776.13,65.2,48.45,8.43,13.7,0.35,,1.06,0.19,1.71,2.14,16.0,25.95,34.92,,22.0,18.8,200.67,INR,2026-10-01 10:44:24
SBIN,State Bank of India,Financial Services,Banks - Regional,888170.09,10.29,9.15,1.43,15.18,1.13,,,,35.72,22.38,1.81,93.55,105.11,0.53,13.7,10.3,673.78,INR,2026-10-01 10:44:27
SCHAEFFLER,Schaeffler India Limited,Consumer Cyclical,Auto Parts,59625.16,47.47,37.9,9.72,21.64,12.27,0.78,2.49,1.42,14.77,11.93,0.89,80.36,100.65,,13.5,17.3,392.49,INR,2026-10-01 10:44:29
SCHAND,S Chand And Company Limited,Communication Services,Publishing,511.13,7.16,5.57,0.48,,,0.13,,,-17.55,8.8,2.72,20.24,26.0,,,11.6,299.05,INR,2026-10-01 10:44:31
SCHNEIDER,Schneider Electric Infrastructure Limited,Industrials,Electrical Equipment & Parts,29658.46,161.09,51.9,38.25,,,0.71,,,3.87,6.29,,7.7,23.9,,-69.8,4.8,32.43,INR,2026-10-01 10:44:33
SCI,The Shipping Corporation of India Limited,Industrials,Marine Shipping,12536.98,7.74,81.56,1.38,,,0.29,,,32.52,25.64,2.77,34.76,3.3,,74.9,40.3,195.37,INR,2026-10-01 10:44:35
SCILAL,Shipping Corporation of India Land and Assets Limited,Real Estate,Real Estate Services,1707.15,60.08,,0.51,,,0.0,,,-22.01,111.98,1.5,0.61,,,-2.2,37.7,71.54,INR,2026-10-01 10:44:37
SCODATUBES,Scoda Tubes Limited,Basic Materials,Steel,743.83,19.13,,1.97,,,0.48,,,9.53,6.78,,6.49,,,-25.9,27.6,63.0,INR,2026-10-01 10:44:40
SDBL,Som Distilleries & Breweries Limited,Consumer Defensive,Beverages - Brewers,1579.63,,12.99,2.01,,,0.26,,,2.48,-3.13,,-1.46,5.85,,-98.9,-49.3,37.77,INR,2026-10-01 10:44:42
SEAMECLTD,Seamec Limited,Industrials,Marine Shipping,4109.54,15.95,10.65,3.15,,,0.27,,,24.94,24.73,12.0,100.96,151.25,,7.2,40.8,511.9,INR,2026-10-01 10:44:44
SECMARK,SecMark Consultancy Limited,Industrials,Consulting Services,157.84,46.3,,6.42,,,0.55,,,-4.12,7.96,,3.11,,,,55.5,22.42,INR,2026-10-01 10:44:49
SECURKLOUD,SecureKloud Technologies Limited,Technology,Software - Application,55.6,11.97,,-1.08,,,,,,-6.59,-5.34,,1.39,,,,22.6,-15.41,INR,2026-10-01 10:44:52
SEDEMAC,SEDEMAC Mechatronics Limited,Consumer Cyclical,Auto Parts,15338.05,127.72,61.31,33.88,,,0.16,,,13.82,10.41,,27.19,56.64,,95.1,42.5,102.5,INR,2026-10-01 10:44:54
SEIL,Shanti Educational Initiatives Limited,Consumer Defensive,Education & Training Services,3013.11,519.86,,40.05,,,0.08,,,23.78,10.25,,0.36,,,-2.7,7.5,4.67,INR,2026-10-01 10:44:56
SEJALLTD,Sejal Glass Limited,Industrials,Building Products & Equipment,767.29,22.67,,4.93,,,1.33,,,10.08,7.21,,28.87,,,63.3,52.9,132.74,INR,2026-10-01 10:44:58
SEKURITIND,Saint-Gobain Sekurit India Limited,Consumer Cyclical,Auto Parts,1011.82,22.8,,4.16,,,0.53,,,15.08,17.85,,4.87,,,-12.8,10.8,26.69,INR,2026-10-01 10:45:01
SEMAC,Semac Construction Limited,Industrials,Engineering & Construction,75.25,10.65,,0.96,,,0.32,,,1.34,3.0,,22.66,,,-50.9,-41.0,251.14,INR,2026-10-01 10:45:03
SENCO,Senco Gold Limited,Consumer Cyclical,Luxury Goods,5223.52,9.14,11.85,2.08,,,1.07,,,6.27,5.91,0.55,34.86,26.88,,-3.4,67.3,153.45,INR,2026-10-01 10:45:06
SENORES,Senores Pharmaceuticals Limited,Healthcare,Drug Manufacturers - General,6395.0,48.98,27.9,5.91,,,0.35,,,24.32,18.72,,28.35,49.77,,55.7,38.3,235.1,INR,2026-10-01 10:45:08
SEPC,SEPC Limited,Industrials,Engineering & Construction,989.15,39.15,,0.52,,,0.18,,,5.83,2.3,,0.13,,,,35.4,9.78,INR,2026-10-01 10:45:10
SERVOTECH,Servotech Renewable Power System Limited,Industrials,Electrical Equipment & Parts,1594.47,44.12,,5.58,,,0.71,,,6.9,4.99,3.0,1.6,,,74.7,57.8,12.66,INR,2026-10-01 10:45:13
SESHAPAPER,Seshasayee Paper and Boards Limited,Basic Materials,Paper & Paper Products,1516.79,14.63,,0.71,,,,,,6.56,5.45,0.82,16.44,,,106.8,27.7,339.04,INR,2026-10-01 10:45:16
SETL,Standard Engineering Technology Limited,Industrials,Specialty Industrial Machinery,8346.73,97.99,,10.61,,,0.1,,,13.99,10.08,,4.27,,,26.2,43.1,39.45,INR,2026-10-01 10:45:18
SFL,Sheela Foam Limited,Consumer Cyclical,"Furnishings, Fixtures & Appliances",6921.31,32.35,22.4,2.13,,,0.28,,,7.27,5.32,16.0,19.59,28.3,,726.9,25.6,297.8,INR,2026-10-01 10:45:21
SGFIN,SG Finserve Limited,Financial Services,Capital Markets,4062.43,23.22,,2.76,,,1.85,,,92.31,39.01,,26.55,,,118.9,101.4,223.73,INR,2026-10-01 10:45:24
SGIL,Synergy Green Industries Limited,Industrials,Metal Fabrication,983.13,,,8.85,,,2.25,,,-5.42,-2.47,17.0,-5.65,,,,-10.1,71.51,INR,2026-10-01 10:45:26
SGL,STL Global Limited,Consumer Cyclical,Textile Manufacturing,0.39,,,0.89,,,0.48,,,-5.61,-1.41,,-0.5,,,,-19.1,9.6,INR,2026-10-01 10:45:28
SGLRES,SGL Resources Limited,Technology,Software - Application,58.11,,,,,,0.44,,,-267.34,-1.74,,-0.03,,,,-71.1,,INR,2026-10-01 10:45:31
SGMART,SG Mart Limited,Industrials,Industrial Distribution,9663.6,77.98,38.13,6.05,,,0.17,,,4.18,1.92,,9.83,20.1,,41.1,14.4,126.66,INR,2026-10-01 10:45:33
SGRL,Shree Ganesh Remedies Limited,Healthcare,Drug Manufacturers - Specialty & Generic,880.66,58.88,,5.4,,,0.19,,,6.34,15.59,,11.65,,,-67.5,-41.8,126.95,INR,2026-10-01 10:45:36
SHADOWFAX,Shadowfax Technologies Limited,Industrials,Integrated Freight & Logistics,16234.84,95.71,39.34,9.32,,,0.14,,,3.83,3.57,,2.89,7.03,,715.5,64.9,29.69,INR,2026-10-01 10:45:38
SHAH,Shah Metacorp Limited,Basic Materials,Steel,317.15,20.6,,0.93,,,0.78,,,8.49,5.55,,0.15,,,39.5,102.1,3.31,INR,2026-10-01 10:45:41
SHAILY,Shaily Engineering Plastics Limited,Basic Materials,Specialty Chemicals,14098.92,80.01,38.68,19.66,,,0.25,,,24.59,17.26,10.0,38.31,79.24,,16.7,13.8,155.95,INR,2026-10-01 10:45:43
SHAKTIPUMP,Shakti Pumps (India) Limited,Industrials,Specialty Industrial Machinery,5668.29,26.83,14.31,3.32,,,0.3,,,8.77,7.22,22.0,17.12,32.1,,-46.7,37.9,138.22,INR,2026-10-01 10:45:46
SHALBY,Shalby Limited,Healthcare,Medical Care Facilities,1449.36,37.65,14.34,1.43,,,0.59,,,6.9,3.34,,3.58,9.4,,21.6,11.7,94.39,INR,2026-10-01 10:45:49
SHANKARA,Shankara Building Products Limited,Consumer Cyclical,Home Improvement Retail,308.16,61.99,2.25,0.69,0.9,2.26,0.43,1.47,0.33,5.85,0.28,2.61,2.05,56.42,,,,184.46,INR,2026-10-01 10:45:52
SHANKESH,Shankesh Jewellers Limited,Consumer Cyclical,Luxury Goods,1323.87,12.4,,5.05,,,0.8,,,14.37,7.2,,7.26,,,100.1,55.1,17.82,INR,2026-10-01 10:45:54
SHANTI,Shanti Overseas (India) Limited,Consumer Defensive,Farm Products,6.31,,,1.58,,,4.04,,,-23.25,-73.3,,-2.51,,,-84.6,,3.6,INR,2026-10-01 10:45:56
SHANTIGEAR,Shanthi Gears Limited,Industrials,Specialty Industrial Machinery,4607.87,72.43,155.56,10.47,,,,,,8.76,12.78,0.86,8.29,3.86,,-56.6,-14.4,57.36,INR,2026-10-01 10:45:59
SHANTIGOLD,Shanti Gold International Limited,Consumer Cyclical,Luxury Goods,2345.16,13.04,10.5,3.37,,,0.36,,,9.9,6.4,,23.44,29.1,,104.9,144.7,90.6,INR,2026-10-01 10:46:02
SHARDACROP,Sharda Cropchem Limited,Basic Materials,Agricultural Inputs,6410.62,10.24,8.64,2.04,,,0.1,,,3.96,11.85,2.07,69.4,82.24,,-38.3,4.9,347.65,INR,2026-10-01 10:46:04
SHARDAMOTR,Sharda Motor Industries Limited,Consumer Cyclical,Auto Parts,5433.93,16.14,12.88,4.14,,,3.74,,,8.75,9.09,2.09,58.66,73.5,,-13.4,33.7,228.77,INR,2026-10-01 10:46:06
SHAREINDIA,Share India Securities Limited,Financial Services,Capital Markets,4555.95,12.57,,1.75,,,0.28,,,40.55,25.61,0.98,16.56,,,47.5,32.9,118.92,INR,2026-10-01 10:46:09
SHBAJRG,Shri Bajrang Alliance Limited,Basic Materials,Steel,157.5,3.28,,0.41,,,0.27,,,1.9,15.82,,53.32,,,12.6,17.5,426.31,INR,2026-10-01 10:46:12
SHERVANI,Shervani Industrial Syndicate Limited,Real Estate,Real Estate - Development,86.19,331.68,,0.65,,,0.54,,,8.21,1.44,0.77,1.01,,,291.2,-36.7,511.88,INR,2026-10-01 10:46:14
SHILCTECH,Shilchar Technologies Limited,Industrials,Electrical Equipment & Parts,4665.54,33.91,,9.51,,,,,,15.6,21.78,31.0,120.28,,,-49.7,-15.2,429.05,INR,2026-10-01 10:46:16
SHILGRAVQ,Shilp Gravures Limited,Industrials,Specialty Industrial Machinery,89.73,13.5,,0.86,,,0.27,,,7.36,6.73,1.44,10.81,,,-9.4,1.2,169.25,INR,2026-10-01 10:46:19
SHILPAMED,Shilpa Medicare Limited,Healthcare,Drug Manufacturers - Specialty & Generic,21394.7,71.45,52.43,8.26,,,0.25,,,21.7,17.66,6.0,15.31,20.86,,115.2,44.9,132.46,INR,2026-10-01 10:46:21
SHINDL,Sharat Industries Limited,Consumer Defensive,Farm Products,,36.82,,2.76,,,0.84,,,9.73,3.17,,4.27,,,16.9,4.4,56.92,INR,2026-10-01 10:46:24
SHIPROCKET,Shiprocket Limited,Technology,Software - Application,8668.36,,52.36,,,,0.23,,,-3.54,-3.44,,-1.03,2.28,,,25.6,,INR,2026-10-01 10:46:27
SHIVAAGRO,Shiva Global Agro Industries Limited,Basic Materials,Agricultural Inputs,39.17,,,0.44,,,0.21,,,4.01,-0.13,,-0.38,,,-15.3,17.4,89.16,INR,2026-10-01 10:46:29
SHIVACEM,Shiva Cement Limited,Basic Materials,Building Materials,,,,-17.85,,,,,,4.91,-24.19,,-3.95,,,,43.5,-0.74,INR,2026-10-01 10:46:32
SHIVALIK,Shivalik Rasayan Limited,Basic Materials,Agricultural Inputs,619.41,42.88,,1.02,,,0.19,,,7.03,3.72,12.0,9.01,,,112.6,7.9,379.95,INR,2026-10-01 10:46:34
SHIVAMAUTO,Shivam Autotech Limited,Consumer Cyclical,Auto Parts,225.71,,,-3.75,,,,,,-0.47,-19.64,,-6.32,,,,20.9,-4.54,INR,2026-10-01 10:46:37
SHIVAMILLS,Shiva Mills Limited,Consumer Cyclical,Textile Manufacturing,51.85,15.42,,0.56,,,,,,7.58,2.41,,3.89,,,,1.4,107.03,INR,2026-10-01 10:46:39
SHIVATEX,Shiva Texyarn Limited,Consumer Cyclical,Textile Manufacturing,226.75,22.24,,1.47,,,0.5,,,5.39,2.84,36.0,7.42,,,-24.4,-3.1,112.06,INR,2026-10-01 10:46:42
SHIVAUM,Shiv Aum Steels Limited,Basic Materials,Steel,754.96,104.93,,6.25,,,0.8,,,4.71,1.57,,5.29,,,148.3,25.2,88.81,INR,2026-10-01 10:46:44
SHK,S H Kelkar and Company Limited,Basic Materials,Specialty Chemicals,1930.83,21.83,14.29,1.42,,,0.76,,,8.08,3.64,1.43,6.39,9.76,,77.6,14.1,98.39,INR,2026-10-01 10:46:47
SHOPERSTOP,Shoppers Stop Limited,Consumer Cyclical,Department Stores,4523.39,,49.16,15.53,,,11.4,,,3.82,-0.67,,-3.35,8.35,,,11.2,26.43,INR,2026-10-01 10:46:49
SHRADDHA,Shraddha Prime Projects Limited,Real Estate,Real Estate - Development,,9.59,,4.63,,,1.92,,,18.25,11.03,,15.78,,,118.1,127.6,32.68,INR,2026-10-01 10:46:52
SHRADHA,Shradha Realty Limited,Real Estate,Real Estate - Development,239.83,7.79,,0.81,,,0.3,,,8.04,23.23,2.03,3.8,,,-6.4,-9.5,36.72,INR,2026-10-01 10:46:54
SHREDIGCEM,Shree Digvijay Cement Company Limited,Basic Materials,Building Materials,969.87,53.31,,2.65,,,1.41,,,5.84,2.02,1.52,1.23,,,-50.5,72.1,24.73,INR,2026-10-01 10:46:56
SHREECEM,Shree Cement Limited,Basic Materials,Building Materials,78656.03,49.28,31.62,3.38,,,0.08,,,9.4,7.45,0.63,442.38,689.38,0.67,-17.7,18.0,6448.74,INR,2026-10-01 10:46:59
SHREEJISPG,Shreeji Shipping Global Limited,Industrials,Marine Shipping,12569.14,76.01,,16.32,,,0.36,,,29.18,21.11,26.0,10.15,,,19.0,29.6,47.29,INR,2026-10-01 10:47:02
SHREEPUSHK,Shree Pushkar Chemicals & Fertilisers Limited,Basic Materials,Specialty Chemicals,1591.01,22.89,30.46,2.61,,,0.22,,,9.14,7.19,43.0,21.49,16.15,,9.4,10.0,188.73,INR,2026-10-01 10:47:04
SHREERAMA,Shree Rama Multi-Tech Limited,Consumer Cyclical,Packaging & Containers,579.65,23.86,,3.5,,,0.12,,,13.89,9.62,,1.82,,,9.7,45.5,12.42,INR,2026-10-01 10:47:06
SHREYANIND,Shreyans Industries Limited,Basic Materials,Paper & Paper Products,183.12,,4.82,0.43,,,0.14,,,-7.8,-2.23,1.16,-10.15,27.46,,,4.2,308.71,INR,2026-10-01 10:47:09
SHRIKRISH,Shri Krishna Devcon Limited,Real Estate,Real Estate - Development,104.24,25.68,,1.13,,,0.5,,,53.97,19.89,,1.45,,,-35.1,-20.6,32.9,INR,2026-10-01 10:47:11
SHRINGARMS,Shringar House of Mangalsutra Limited,Consumer Cyclical,Luxury Goods,2157.47,15.84,8.57,3.18,,,0.28,,,8.69,4.92,,14.12,26.1,,19.3,64.9,70.36,INR,2026-10-01 10:47:14
SHRIPISTON,SPR Auto Technologies Limited,Consumer Cyclical,Auto Parts,20867.33,35.21,23.68,6.83,,,0.65,,,13.88,11.33,21.0,127.75,190.0,,8.0,53.1,658.6,INR,2026-10-01 10:47:16
SHRIRAMFIN,Shriram Finance Limited,Financial Services,Credit Services,226598.24,17.01,13.46,2.75,18.5,,2.76,,,68.52,50.01,1.4,56.6,71.55,,59.9,42.8,350.34,INR,2026-10-01 10:47:19
SHRIRAMPPS,Shriram Properties Limited,Real Estate,Real Estate - Development,1171.03,12.83,5.77,0.8,,,0.42,,,-3.32,7.3,,5.35,11.9,,-46.4,-7.4,85.53,INR,2026-10-01 10:47:21
SHRJAGP,Shri Jagdamba Polymers Limited,Consumer Cyclical,Textile Manufacturing,595.59,13.57,,1.81,,,0.28,,,14.46,9.24,16.0,50.11,,,58.7,36.8,375.94,INR,2026-10-01 10:47:23
SHUKRAPHAR,Shukra Pharmaceuticals Limited,Healthcare,Drug Manufacturers - Specialty & Generic,2861.59,85.42,,31.0,,,0.06,,,79.08,45.4,2.0,0.76,,,1158.6,336.3,2.09,INR,2026-10-01 10:47:26
SHYAMMETL,Shyam Metalics and Energy Limited,Basic Materials,Steel,29677.96,26.33,15.79,2.64,,,0.08,,,9.28,5.74,42.0,40.49,67.54,,18.1,23.5,404.45,INR,2026-10-01 10:47:28
SHYAMTEL,Shyam Telecom Limited,Technology,Communication Equipment,12.28,,,-0.38,,,,,,-112.94,0.0,,-2.72,,,,,-27.89,INR,2026-10-01 10:47:30
SICAGEN,Sicagen India Limited,Basic Materials,Steel,201.02,9.83,,0.41,,,0.32,,,3.5,1.94,1.95,5.17,,,52.6,39.8,125.42,INR,2026-10-01 10:47:33
SIEL,Superior Industrial Enterprises Limited,Consumer Cyclical,Packaging & Containers,40.18,32.97,,0.57,,,0.18,,,5.62,2.9,,0.88,,,-13.9,8.9,50.53,INR,2026-10-01 10:47:35
SIEMENS,Siemens Limited,Industrials,Specialty Industrial Machinery,134200.45,79.64,55.61,9.7,,,2.21,,,7.49,19.02,48.0,47.32,67.77,,406.7,14.8,388.64,INR,2026-10-01 10:47:37
SIGACHI,Sigachi Industries Limited,Healthcare,Drug Manufacturers - Specialty & Generic,1095.06,42.73,,2.12,,,0.31,,,9.98,5.39,35.0,0.67,,,,-5.4,13.54,INR,2026-10-01 10:47:40
SIGMA,Sigma Solve Limited,Technology,Information Technology Services,472.76,15.23,,6.16,,,2.61,,,32.77,31.92,1.13,3.02,,,142.8,11.5,7.47,INR,2026-10-01 10:47:42
SIGNATURE,Signatureglobal (India) Limited,Real Estate,Real Estate - Development,10185.67,9.41,13.14,5.5,,,1.61,,,-9.31,45.73,,76.95,55.11,,,-36.2,131.62,INR,2026-10-01 10:47:45
SIGNPOST,Signpost India Limited,Communication Services,Advertising Agencies,1400.12,19.02,,4.85,,,0.7,,,18.92,12.45,19.0,13.77,,,22.4,10.6,53.99,INR,2026-10-01 10:47:47
SIKA,Sika Interplant Systems Limited,Industrials,Aerospace & Defense,,62.61,,13.15,23.13,13.24,2.1,1.97,1.78,18.72,18.54,35.0,16.23,,,-18.8,-37.0,77.27,INR,2026-10-01 10:47:50
SIL,Standard Industries Limited,Consumer Cyclical,Textile Manufacturing,103.96,1.68,,0.9,,,3.14,,,44.44,28.61,3.05,9.63,,,,1734.9,17.89,INR,2026-10-01 10:47:52
SILGO,Silgo Retail Limited,Consumer Cyclical,Luxury Goods,222.69,29.38,,1.33,,,0.15,,,32.37,13.94,,2.37,,,92.0,10.7,52.29,INR,2026-10-01 10:47:54
SILINV,SIL Investments Limited,Financial Services,Asset Management,465.9,9.29,,0.18,,,,,,87.6,67.94,0.57,47.33,,,155.3,87.5,2420.41,INR,2026-10-01 10:47:57
SILVERTUC,Silver Touch Technologies Limited,Technology,Information Technology Services,1774.71,4.86,,10.48,,,0.19,,,17.39,11.71,7.0,28.81,,,147.6,22.3,13.35,INR,2026-10-01 10:47:59
SIMPLEXINF,Simplex Infrastructures Limited,Industrials,Engineering & Construction,1937.04,41.72,,1.95,,,1.68,,,4.56,4.29,,5.87,,,125.0,19.8,125.46,INR,2026-10-01 10:48:02
SIMPLXREA,Simplex Realty Limited,Real Estate,Real Estate - Development,,,,0.33,,,,,,-493.48,-25.98,,-9.21,,,,-91.7,375.64,INR,2026-10-01 10:48:04
SINCLAIR,Sinclairs Hotels Limited,Consumer Cyclical,Lodging,399.06,37.07,,3.45,,,0.28,,,31.75,16.92,1.03,2.1,,,27.9,28.4,22.55,INR,2026-10-01 10:48:06
SINDHUTRAD,Sindhu Trade Links Limited,Industrials,Conglomerates,4180.37,63.03,,2.6,3.52,0.22,0.25,5.32,2.77,10.63,12.58,,0.36,,,106.1,-21.9,8.72,INR,2026-10-01 10:48:09
SINGERIND,Singer India Limited,,,,,,2.66,,,2.8,,,1.58,2.97,,,,,,56.9,28.65,INR,2026-10-01 10:48:12
SINTERCOM,Sintercom India Limited,Consumer Cyclical,Auto Parts,220.2,133.32,,2.17,,,0.52,,,8.67,1.58,,0.6,,,87.7,17.9,36.9,INR,2026-10-01 10:48:14
SIRCA,Sirca Paints India Limited,Basic Materials,Specialty Chemicals,2332.82,34.52,23.48,4.9,,,0.07,,,16.55,13.19,49.0,11.87,17.45,,14.1,13.8,83.66,INR,2026-10-01 10:48:17
SIS,SIS Limited,Industrials,Security & Protection Services,5808.35,40.21,11.82,2.32,,,0.7,,,3.14,0.86,3.34,10.38,35.32,,9.4,29.7,180.17,INR,2026-10-01 10:48:20
SIYSIL,Siyaram Silk Mills Limited,Consumer Cyclical,Textile Manufacturing,2427.98,10.23,4.75,1.66,,,0.24,,,0.01,9.03,3.14,52.3,112.76,,137.3,14.4,321.82,INR,2026-10-01 10:48:22
SJS,S.J.S. Enterprises Limited,Consumer Cyclical,Auto Parts,7106.18,33.88,26.66,8.12,,,2.64,,,24.11,20.9,16.0,65.03,82.66,,114.6,24.5,271.24,INR,2026-10-01 10:48:25
SJVN,SJVN Limited,Utilities,Utilities - Renewable,22843.9,33.03,12.1,1.61,,,2.27,,,45.68,12.77,2.53,1.76,4.8,,-1.2,52.0,36.21,INR,2026-10-01 10:48:27
SKFINDIA,SKF India Limited,Industrials,Tools & Accessories,7321.27,34.94,25.23,5.51,,,0.22,,,12.16,6.83,2.64,42.39,58.7,5.64,-47.6,-54.2,268.91,INR,2026-10-01 10:48:29
SKFINDUS,SKF India (Industrial) Limited,Industrials,Tools & Accessories,13346.27,64.11,31.11,9.04,,,0.31,,,8.92,5.79,1.08,42.11,86.77,,,,298.73,INR,2026-10-01 10:48:32
SKIPPER,Skipper Limited,Industrials,Engineering & Construction,6707.84,27.57,17.94,4.13,,,0.64,,,9.0,4.01,2.0,19.92,30.6,,25.5,4.5,132.97,INR,2026-10-01 10:48:34
SKMEGGPROD,SKM Egg Products Export (India) Limited,Consumer Defensive,Packaged Foods,1083.51,9.72,,2.74,,,0.36,,,14.81,14.34,0.59,21.14,,,46.5,4.9,75.12,INR,2026-10-01 10:48:36
SKYGOLD,Sky Gold and Diamonds Limited,Consumer Cyclical,Luxury Goods,12389.91,36.36,20.04,10.34,,,0.72,,,7.56,4.67,,22.0,39.93,,136.9,77.9,77.36,INR,2026-10-01 10:48:39
SKYWAYS,SKYWAYS AIR SERVICES LTD,Industrials,Integrated Freight & Logistics,1617.24,28.46,,3.9,,,1.27,,,3.74,1.59,0.79,3.91,,,190.2,90.4,28.57,INR,2026-10-01 10:48:41
SMARTWORKS,Smartworks Coworking Spaces Limited,Real Estate,Real Estate Services,5912.93,213.62,41.7,11.17,,,9.0,,,18.35,1.42,,2.42,12.4,,,44.0,46.29,INR,2026-10-01 10:48:44
SMCGLOBAL,SMC Global Securities Limited,Financial Services,Capital Markets,2043.33,20.04,,1.57,,,1.63,,,10.08,6.23,1.27,4.87,,,23.0,24.8,62.27,INR,2026-10-01 10:48:46
SMLMAH,SML Mahindra Limited,Consumer Cyclical,Auto Manufacturers,9218.44,58.7,,17.75,,,0.56,,,9.07,5.3,36.0,108.51,,,-5.0,13.2,358.87,INR,2026-10-01 10:48:49
SMLT,Sarthak Metals Limited,Industrials,Metal Fabrication,101.55,20.78,,0.81,3.96,9.64,4.17,11.54,6.31,1.7,2.42,0.74,3.57,,,25.3,19.4,91.57,INR,2026-10-01 10:48:52
SMSPHARMA,SMS Pharmaceuticals Limited,Healthcare,Drug Manufacturers - General,4479.38,43.21,,5.7,,,0.46,,,14.96,11.41,8.0,11.07,,0.94,2.0,5.6,83.91,INR,2026-10-01 10:48:54
SNOWMAN,Snowman Logistics Limited,Industrials,Integrated Freight & Logistics,572.2,106.94,24.44,1.43,,,0.78,,,6.32,0.86,1.44,0.32,1.4,,78.8,9.2,23.93,INR,2026-10-01 10:48:57
SOBHA,Sobha Limited,Real Estate,Real Estate - Development,12980.99,56.37,16.79,2.75,,,0.25,,,3.86,4.11,49.0,21.53,72.29,,273.4,50.0,441.31,INR,2026-10-01 10:48:59
SOFTTECH,SoftTech Engineers Limited,Technology,Software - Application,676.88,131.45,,3.94,,,0.23,,,6.67,3.62,,3.72,,,10.1,23.2,123.95,INR,2026-10-01 10:49:02
SOLARA,Solara Active Pharma Sciences Limited,Healthcare,Drug Manufacturers - Specialty & Generic,3507.09,,23.15,2.53,,,0.55,,,9.24,-0.11,,-0.67,31.4,,55.0,19.6,287.12,INR,2026-10-01 10:49:04
SOLARINDS,Solar Industries India Limited,Basic Materials,Specialty Chemicals,175224.94,87.76,55.15,27.91,,,0.23,,,25.5,17.54,6.0,220.64,351.1,,92.7,70.3,693.69,INR,2026-10-01 10:49:07
SOLARWORLD,Solarworld Energy Solutions Limited,Technology,Solar,1119.38,8.88,,1.32,,,0.3,,,5.43,7.93,,14.54,,,-26.5,146.8,97.82,INR,2026-10-01 10:49:09
SOLEX,Solex Energy Limited,Technology,Solar,729.17,9.14,,2.88,,,1.32,,,7.21,4.93,8.0,73.88,,,-67.0,0.5,234.18,INR,2026-10-01 10:49:12
SOMANYCERA,Somany Ceramics Limited,Industrials,Building Products & Equipment,2528.23,23.8,17.49,3.0,,,0.41,,,7.69,3.62,1.47,25.9,35.24,,242.7,24.0,205.39,INR,2026-10-01 10:49:15
SOMATEX,Soma Textiles & Industries Limited,Consumer Cyclical,Textile Manufacturing,265.17,28.69,,1.54,,,0.17,,,7.68,8.35,0.61,2.72,,0.38,-24.0,1284.9,50.76,INR,2026-10-01 10:49:17
SOMICONVEY,Somi Conveyor Beltings Limited,Industrials,Specialty Industrial Machinery,106.39,23.27,,1.26,,,0.17,,,6.66,4.91,,3.76,,,-50.5,-40.5,69.3,INR,2026-10-01 10:49:19
SONACOMS,Sona BLW Precision Forgings Limited,Consumer Cyclical,Auto Parts,50310.99,71.91,47.79,8.38,,,0.07,,,16.64,14.21,43.0,11.21,16.87,,44.7,52.4,96.21,INR,2026-10-01 10:49:22
SONAL,Sonal Mercantile Limited,Financial Services,Credit Services,129.05,5.83,,0.3,,,0.76,,,85.79,133.58,,15.03,,,-68.7,-55.9,292.3,INR,2026-10-01 10:49:24
SONATSOFTW,Sonata Software Limited,Technology,Information Technology Services,7108.08,15.76,12.26,3.73,,,0.38,,,4.34,4.21,3.06,16.29,20.95,,-1.1,10.6,68.81,INR,2026-10-01 10:49:27
SOTL,Savita Oil Technologies Limited,Basic Materials,Specialty Chemicals,4929.49,11.91,11.84,2.71,,,0.1,,,24.17,8.53,0.7,60.38,60.72,,414.8,49.6,264.9,INR,2026-10-01 10:49:29
SOUTHBANK,The South Indian Bank Limited,Financial Services,Banks - Regional,12458.36,8.26,6.77,1.06,13.6,1.11,,,,38.45,29.43,0.93,5.76,7.02,,17.2,8.6,45.05,INR,2026-10-01 10:49:33
SOUTHWEST,South West Pinnacle Exploration Limited,Energy,Oil & Gas Equipment & Services,589.42,13.8,,2.65,,,0.39,,,19.23,15.11,,13.08,,,288.5,53.4,68.23,INR,2026-10-01 10:49:35
SPAL,S.P. Apparels Limited,Consumer Cyclical,Apparel Manufacturing,2365.57,22.56,14.98,2.5,,,0.45,,,12.0,6.67,32.0,41.71,62.8,,20.4,-0.6,376.72,INR,2026-10-01 10:49:37
SPANDANA,Spandana Sphoorty Financial Limited,Financial Services,Credit Services,1942.71,,5.22,0.82,,,1.85,,,10.18,-116.17,,-37.9,42.0,,,,266.68,INR,2026-10-01 10:49:39
SPARC,Sun Pharma Advanced Research Company Limited,Healthcare,Drug Manufacturers - Specialty & Generic,6378.47,4.03,3.55,4.76,,,0.42,,,-90.68,82.97,,48.82,55.4,,,314.1,41.26,INR,2026-10-01 10:49:42
SPCENET,Spacenet Enterprises India Limited,Financial Services,Capital Markets,182.81,7.16,,0.94,,,0.14,,,-5.11,13.17,0.63,0.45,,,236.6,-8.5,3.42,INR,2026-10-01 10:49:44
SPENCERS,Spencer's Retail Limited,Consumer Cyclical,Department Stores,237.5,,,-0.26,,,,,,-3.38,-13.39,,-27.57,,,,12.9,-101.34,INR,2026-10-01 10:49:49
SPIC,Southern Petrochemical Industries Corporation Limited,Basic Materials,Agricultural Inputs,1275.6,6.26,,0.93,,,0.51,,,5.79,6.78,3.13,10.0,,,-9.8,8.7,67.36,INR,2026-10-01 10:49:51
SPLIL,SPL Industries Limited,Consumer Cyclical,Apparel Manufacturing,86.59,10.35,,0.4,,,0.0,,,-7.21,11.45,,2.85,,,133.4,16.6,74.5,INR,2026-10-01 10:49:53
SPLPETRO,Supreme Petrochem Limited,Basic Materials,Specialty Chemicals,14779.11,30.49,31.31,6.22,,,0.06,,,17.76,8.48,1.3,25.78,25.1,,193.3,23.7,126.38,INR,2026-10-01 10:49:56
SPMLINFRA,SPML Infra Limited,Industrials,Engineering & Construction,1353.05,15.2,,1.36,,,0.38,,,9.25,8.55,,10.58,,,87.1,82.3,118.26,INR,2026-10-01 10:49:58
SPORTKING,Sportking India Limited,Consumer Cyclical,Textile Manufacturing,2686.94,16.51,8.51,2.43,,,0.42,,,15.44,6.18,48.0,12.79,24.8,,116.1,20.1,86.86,INR,2026-10-01 10:50:00
SRD,Shankar Lal Rampal Dye-Chem Limited,Basic Materials,Specialty Chemicals,244.03,13.2,,1.99,,,0.21,,,9.36,3.86,13.0,2.89,,,116.8,10.9,19.18,INR,2026-10-01 10:50:03
SREEL,Sreeleathers Limited,Consumer Cyclical,Footwear & Accessories,671.5,20.24,37.28,1.35,,,0.45,,,15.52,12.38,0.69,14.33,7.78,,138.2,20.3,215.12,INR,2026-10-01 10:50:05
SRF,SRF Limited,Industrials,Conglomerates,73274.54,33.89,27.41,5.22,,,0.36,,,22.17,12.72,40.0,72.94,90.19,,75.5,31.8,473.74,INR,2026-10-01 10:50:08
SRGHFL,SRG Housing Finance Limited,Financial Services,Mortgage Finance,212.32,6.21,,0.71,,,2.92,,,33.33,27.66,,21.76,,,24.9,18.5,189.08,INR,2026-10-01 10:50:10
SRHHYPOLTD,Sree Rayalaseema Hi-Strength Hypo Limited,Basic Materials,Chemicals,959.43,10.21,29.7,0.99,,,1.18,,,13.3,13.21,0.52,54.73,18.82,,11.4,17.0,565.75,INR,2026-10-01 10:50:12
SRM,SRM Contractors Limited,Industrials,Engineering & Construction,922.88,7.82,,2.49,,,0.33,,,14.23,10.93,,51.44,,,54.6,37.8,161.75,INR,2026-10-01 10:50:14
SRTL,Shree Ram Twistex Limited,Consumer Cyclical,Textile Manufacturing,147.27,10.26,,0.56,,,0.15,,,9.45,4.74,,3.59,,,4.8,46.6,65.35,INR,2026-10-01 10:50:16
SSDL,Saraswati Saree Depot Limited,Consumer Cyclical,Apparel Retail,277.2,10.53,,1.46,,,0.32,,,4.93,3.73,3.96,6.65,,,4.0,1.9,47.86,INR,2026-10-01 10:50:19
SSWL,Steel Strips Wheels Limited,Consumer Cyclical,Auto Parts,6308.69,29.78,19.01,3.49,,,0.46,,,8.26,3.86,37.0,13.47,21.1,,47.0,27.2,114.79,INR,2026-10-01 10:50:21
STANLEY,Stanley Lifestyles Limited,Consumer Cyclical,"Furnishings, Fixtures & Appliances",782.51,165.04,,1.68,,,0.65,,,1.88,1.14,,0.83,,,-93.9,-8.6,81.57,INR,2026-10-01 10:50:23
STAR,Strides Pharma Science Limited,Healthcare,Drug Manufacturers - Specialty & Generic,10147.29,16.53,11.54,3.27,,,0.56,,,13.7,12.26,43.0,66.6,95.4,,57.5,13.0,337.15,INR,2026-10-01 10:50:25
STARCEMENT,Star Cement Limited,Basic Materials,Building Materials,7225.13,19.56,17.46,2.27,,,0.19,,,10.93,9.71,1.12,9.14,10.24,,-24.1,3.4,78.86,INR,2026-10-01 10:50:27
STARHEALTH,Star Health and Allied Insurance Company Limited,Financial Services,Insurance - Life,31008.87,46.19,18.8,3.06,7.51,2.53,,,,13.66,3.62,,11.41,28.03,,109.4,1407.8,172.35,INR,2026-10-01 10:50:30
STARPAPER,Star Paper Mills Limited,Basic Materials,Paper & Paper Products,243.41,7.87,3.71,0.34,,,0.61,,,1.02,7.43,1.63,19.82,42.05,,-14.1,2.3,455.2,INR,2026-10-01 10:50:32
STARTECK,Starteck Finance Limited,Financial Services,Credit Services,291.36,11.94,,1.11,,,1.33,,,85.44,75.38,7.0,24.62,,,21.8,24.6,265.41,INR,2026-10-01 10:50:35
STCINDIA,The State Trading Corporation of India Limited,Industrials,Conglomerates,654.9,1.0,,-0.16,,,,,,59.24,0.0,,109.12,,,929.9,,-663.49,INR,2026-10-01 10:50:37
STEELCAS,Steelcast Limited,Basic Materials,Steel,3575.4,39.43,,9.05,,,,,,23.0,20.55,48.0,8.96,,,19.3,17.0,39.03,INR,2026-10-01 10:50:39
STEELCITY,Steel City Securities Limited,Financial Services,Capital Markets,121.87,7.16,,0.88,,,0.07,,,43.71,24.13,4.87,11.26,,,66.7,27.3,91.34,INR,2026-10-01 10:50:41
STEELXIND,Steel Exchange India Limited,Basic Materials,Steel,1423.48,44.64,,1.8,,,0.54,,,10.39,3.09,,0.25,,,46.9,-10.1,6.21,INR,2026-10-01 10:50:44
STEL,STEL Holdings Limited,Financial Services,Asset Management,1055.65,54.37,,0.66,,,,,,-125.03,72.23,,10.52,,,,-86.2,871.51,INR,2026-10-01 10:50:46
STLNETWORK,STL Networks Limited,Communication Services,Telecom Services,2374.47,,,2.97,,,1.17,,,4.79,-10.43,,-2.02,,,,-9.2,16.4,INR,2026-10-01 10:50:48
STLSTRINF,Steel Strips Infrastructures Limited,Real Estate,Real Estate Services,19.01,,,0.28,,,0.24,,,98.52,0.0,,-15.43,,,-29.7,-30.0,77.5,INR,2026-10-01 10:50:50
STOVEKRAFT,Stove Kraft Limited,Consumer Cyclical,"Furnishings, Fixtures & Appliances",2668.45,54.72,29.82,5.29,,,0.23,,,6.35,2.78,43.0,14.73,27.02,,63.5,41.3,152.5,INR,2026-10-01 10:50:52
STUDDS,Studds Accessories Limited,Consumer Cyclical,Auto Parts,1549.93,20.74,14.07,2.96,,,1.56,,,8.33,11.41,0.76,18.99,28.0,,-39.3,13.2,132.85,INR,2026-10-01 10:50:54
STYL,Seshaasai Technologies Limited,Technology,Software - Infrastructure,5986.82,21.85,18.78,4.19,,,0.06,,,20.33,17.49,0.68,16.93,19.7,,63.8,21.1,88.24,INR,2026-10-01 10:50:57
STYLAMIND,Stylam Industries Limited,Consumer Cyclical,"Furnishings, Fixtures & Appliances",5576.03,32.85,23.48,6.97,,,3.6,,,19.73,14.47,,100.09,140.05,,70.3,15.4,471.57,INR,2026-10-01 10:50:59
STYLEBAAZA,Baazar Style Retail Limited,Consumer Cyclical,Apparel Retail,2845.65,59.63,25.09,6.19,,,2.21,,,4.14,2.41,,6.27,14.9,,8.5,28.7,60.39,INR,2026-10-01 10:51:01
STYRENIX,Styrenix Performance Materials Limited,Basic Materials,Chemicals,3530.87,13.11,15.94,2.58,,,0.4,,,18.77,7.68,3.85,153.06,125.9,,166.4,7.1,777.06,INR,2026-10-01 10:51:03
SUBEXLTD,Subex Limited,Technology,Software - Application,1078.08,35.98,,3.15,,,0.08,,,15.61,10.25,,0.54,,,11.0,19.7,6.18,INR,2026-10-01 10:51:06
SUBROS,Subros Limited,Consumer Cyclical,Auto Parts,4508.12,27.11,18.83,3.62,,,0.06,,,5.04,4.25,43.0,25.49,36.7,,1.7,17.5,190.66,INR,2026-10-01 10:51:08
SUDARCOLOR,Sudarshan Colorants India Limited,Basic Materials,Specialty Chemicals,865.11,18.09,,1.52,,,4.03,,,9.24,6.03,,20.72,,,19.1,5.5,246.98,INR,2026-10-01 10:51:10
SUDARSCHEM,Sudarshan Chemical Industries Limited,Basic Materials,Specialty Chemicals,9612.94,132.68,18.9,2.75,,,0.64,,,6.17,0.73,42.0,9.1,63.88,,106.1,5.4,438.89,INR,2026-10-01 10:51:12
SUDEEPPHRM,Sudeep Pharma Limited,Healthcare,Drug Manufacturers - Specialty & Generic,13643.06,74.84,62.42,15.44,,,0.17,,,32.17,27.03,13.0,16.14,19.35,,31.6,26.7,78.21,INR,2026-10-01 10:51:14
SUKHJITS,The Sukhjit Starch & Chemicals Limited,Basic Materials,Specialty Chemicals,480.85,14.05,,0.85,,,0.61,,,5.45,2.34,0.63,10.95,,,142.5,7.2,181.59,INR,2026-10-01 10:51:17
SULA,Sula Vineyards Limited,Consumer Defensive,Beverages - Wineries & Distilleries,1115.46,44.93,18.9,1.9,,,0.57,,,5.6,4.43,1.5,2.94,6.99,,-45.4,3.0,69.56,INR,2026-10-01 10:51:19
SUMEDHA,Sumedha Fiscal Services Limited,Financial Services,Capital Markets,36.68,13.05,,0.56,,,,,,18.85,2.51,,3.52,,,13.5,13.3,81.61,INR,2026-10-01 10:51:21
SUMEETINDS,Sumeet Industries Limited,Consumer Cyclical,Textile Manufacturing,740.6,39.48,,2.52,,,0.76,,,1.53,1.91,,0.27,,,-85.7,9.6,4.24,INR,2026-10-01 10:51:23
SUMICHEM,Sumitomo Chemical India Limited,Basic Materials,Agricultural Inputs,21241.15,36.65,29.15,6.27,,,1.86,,,20.32,17.86,30.0,11.61,14.6,,20.5,0.6,67.91,INR,2026-10-01 10:51:25
SUMIT,Sumit Woods Limited,Real Estate,Real Estate - Development,236.9,38.98,,1.41,,,,,,9.52,6.82,40.0,1.27,,,18.0,6.9,35.15,INR,2026-10-01 10:51:28
SUMMITSEC,Summit Securities Limited,Financial Services,Capital Markets,1441.69,12.0,,0.17,,,,,,96.97,76.06,,109.78,,,74.8,48.5,7847.05,INR,2026-10-01 10:51:30
SUNCLAY,Sundaram-Clayton Limited,Industrials,Metal Fabrication,2705.06,10.78,,2.09,,,1.0,,,-6.06,11.89,37.0,113.79,,,,14.8,587.59,INR,2026-10-01 10:51:32
SUNDARAM,Sundaram Multi Pap Limited,Basic Materials,Paper & Paper Products,49.76,11.67,,0.68,,,0.23,,,0.85,2.7,,0.09,,,,22.0,1.55,INR,2026-10-01 10:51:34
SUNDARMFIN,Sundaram Finance Limited,Financial Services,Credit Services,47405.68,21.38,19.43,3.21,,,4.09,,,60.55,46.09,0.92,201.2,221.42,,33.9,26.8,1340.52,INR,2026-10-01 10:51:37
SUNDRMFAST,Sundram Fasteners Limited,Consumer Cyclical,Auto Parts,23874.78,39.11,27.28,5.58,,,0.15,,,12.1,9.26,0.75,29.05,41.65,,13.5,20.4,203.45,INR,2026-10-01 10:51:39
SUNDROP,Sundrop Brands Limited,Consumer Defensive,Packaged Foods,2789.76,99.6,35.07,1.89,,,0.91,,,3.9,1.74,,7.43,21.1,,181.4,15.0,392.2,INR,2026-10-01 10:51:41
SUNFLAG,Sunflag Iron and Steel Company Limited,Basic Materials,Steel,7910.73,37.81,,0.89,,,0.06,,,8.29,5.14,22.0,11.61,,,5.5,6.5,491.91,INR,2026-10-01 10:51:43
SUNLOC,Sunil Healthcare Limited,Healthcare,Drug Manufacturers - Specialty & Generic,,20.46,,1.04,,,0.8,,,7.74,4.24,,3.47,,,-49.0,-16.1,67.94,INR,2026-10-01 10:51:46
SUNPHARMA,Sun Pharmaceutical Industries Limited,Healthcare,Drug Manufacturers - Specialty & Generic,435815.19,36.1,28.14,5.21,,,0.06,,,23.25,20.19,0.88,50.32,64.54,1.04,27.0,10.5,348.31,INR,2026-10-01 10:51:48
SUNRAKSHAK,Sunrakshakk Industries India Limited,Consumer Cyclical,Textile Manufacturing,,25.62,,6.05,,,0.26,,,7.34,5.73,,14.08,,,130.7,120.6,59.62,INR,2026-10-01 10:51:51
SUNSHIEL,Sunshield Chemicals Limited,Basic Materials,Specialty Chemicals,,24.73,,3.72,,,,,,13.58,7.98,,43.17,,,97.8,11.9,286.75,INR,2026-10-01 10:51:53
SUNSHINE,Sunshine Pictures Limited,Communication Services,Entertainment,1426.3,2543.89,,,32.26,21.99,0.07,5.18,2.13,6.42,54.14,,0.18,,,,,,INR,2026-10-01 10:51:55
SUNTECK,Sunteck Realty Limited,Real Estate,Real Estate - Development,4009.52,18.77,12.27,1.11,,,0.17,,,32.94,18.92,0.54,14.55,22.25,,26.5,1.7,246.31,INR,2026-10-01 10:51:58
SUNTV,Sun TV Network Limited,Communication Services,Broadcasting,23534.73,14.71,13.42,1.86,,,0.84,,,43.87,33.97,3.31,40.61,44.5,,17.0,13.0,321.51,INR,2026-10-01 10:52:00
SUPERHOUSE,Superhouse Limited,Consumer Cyclical,Footwear & Accessories,177.48,21.61,,0.37,,,0.37,,,3.38,1.06,50.0,7.45,,,,0.1,432.78,INR,2026-10-01 10:52:03
SUPRAJIT,Suprajit Engineering Limited,Consumer Cyclical,Auto Parts,6537.97,35.1,18.58,4.55,,,0.69,,,8.36,4.63,0.71,13.58,25.65,,8.6,23.9,104.67,INR,2026-10-01 10:52:05
SUPREME,Supreme Holdings & Hospitality (India) Limited,Real Estate,Real Estate - Development,118.15,179.12,,0.29,,,1.06,,,-10.36,12.17,,0.17,,,542.6,1284.1,103.33,INR,2026-10-01 10:52:10
SUPREMEIND,The Supreme Industries Limited,Industrials,Building Products & Equipment,42787.17,41.52,32.13,6.93,,,1.47,,,10.14,9.12,1.04,81.1,104.79,,38.8,4.2,485.65,INR,2026-10-01 10:52:13
SUPREMEINF,Supreme Infrastructure India Limited,Industrials,Engineering & Construction,672.87,0.08,,2.32,,,6.32,,,0.78,7563.98,,864.32,,,,189.8,29.77,INR,2026-10-01 10:52:16
SUPRIYA,Supriya Lifescience Limited,Healthcare,Biotechnology,7512.67,37.93,24.06,6.27,,,0.45,,,21.4,22.74,11.0,24.61,38.8,,-30.9,32.6,148.77,INR,2026-10-01 10:52:18
SURAJEST,Suraj Estate Developers Limited,Real Estate,Real Estate - Development,975.94,10.26,7.19,0.95,,,0.65,,,36.06,16.16,,19.84,28.3,,7.3,9.2,214.23,INR,2026-10-01 10:52:20
SURAJLTD,Suraj Limited,Basic Materials,Steel,358.1,42.95,,2.6,,,0.44,,,12.91,4.28,1.54,4.54,,,30.8,-22.5,75.01,INR,2026-10-01 10:52:22
SURAKSHA,Suraksha Diagnostic Limited,Healthcare,Diagnostics & Research,1812.41,50.51,35.51,7.38,,,0.54,,,21.8,11.0,14.0,6.89,9.8,,38.4,20.7,47.17,INR,2026-10-01 10:52:25
SURANASOL,Surana Solar Limited,Technology,Solar,121.05,18.92,,2.12,,,,,,0.12,18.05,,1.3,,,2619.0,722.0,11.61,INR,2026-10-01 10:52:27
SURANAT&P,Surana Telecom and Power Limited,Utilities,Utilities - Independent Power Producers,215.72,7.29,,1.34,,,0.34,,,4.21,54.52,,2.18,,,298.2,-15.6,11.86,INR,2026-10-01 10:52:29
SURYALA,Suryalata Spinning Mills Limited,Consumer Cyclical,Textile Manufacturing,,4.49,,0.54,,,0.29,,,7.44,7.38,,84.03,,,1.0,-1.8,699.86,INR,2026-10-01 10:52:32
SURYALAXMI,Suryalakshmi Cotton Mills Limited,Consumer Cyclical,Textile Manufacturing,107.19,26.76,,0.39,,,1.11,,,6.27,0.5,,2.13,,,61.1,2.2,144.92,INR,2026-10-01 10:52:34
SURYAROSNI,Surya Roshni Limited,Basic Materials,Steel,4771.67,15.3,9.33,1.81,,,3.03,,,3.81,3.91,2.27,14.33,23.5,,77.2,27.5,120.83,INR,2026-10-01 10:52:37
SURYODAY,Suryoday Small Finance Bank Limited,Financial Services,Banks - Regional,1541.09,8.04,4.11,0.74,,,,,,23.87,13.64,1.03,18.04,35.25,,113.1,45.4,195.53,INR,2026-10-01 10:52:39
SUVEN,Suven Life Sciences Limited,Healthcare,Drug Manufacturers - Specialty & Generic,8783.46,,16.06,13.86,,,2.82,,,-3776.37,0.0,,-14.6,19.35,,,91.0,22.43,INR,2026-10-01 10:52:41
SUVIDHAA,Suvidhaa Infoserve Limited,Technology,Information Technology Services,43.83,,,1.07,-30.3,-9.48,4.63,0.8,0.36,-280.91,-288.0,,-0.37,,,,-59.9,1.92,INR,2026-10-01 10:52:44
SUYOG,Suyog Telematics Limited,Communication Services,Telecom Services,799.52,13.75,,1.64,,,0.76,,,34.94,26.66,14.0,49.61,,,-16.3,30.0,417.18,INR,2026-10-01 10:52:46
SUZLON,Suzlon Energy Limited,Industrials,Specialty Industrial Machinery,54229.64,17.23,18.64,5.55,39.37,,2.81,1.97,1.11,13.05,18.09,,2.29,2.12,0.35,-5.9,22.5,7.11,INR,2026-10-01 10:52:48
SVGLOBAL,S V Global Mill Limited,Real Estate,Real Estate Services,,,,,,,,,,75.88,-47.42,,-2.79,,,463.8,294.5,,INR,2026-10-01 10:52:51
SVPGLOB,SVP Global Textiles Limited,Consumer Cyclical,Textile Manufacturing,39.72,0.88,,-0.04,,,,,,-567805.2,119280.96,,3.56,,,,,-80.67,INR,2026-10-01 10:52:53
SWANCORP,Swan Corp Limited,Industrials,Conglomerates,8656.11,38.73,,1.15,,,0.25,,,-3.39,5.36,5.0,7.13,,,,-16.4,240.43,INR,2026-10-01 10:52:56
SWARAJENG,Swaraj Engines Limited,Industrials,Farm & Heavy Construction Machinery,4296.8,21.3,19.62,8.79,,,0.42,,,12.07,9.56,3.1,166.06,180.27,,11.1,21.5,402.41,INR,2026-10-01 10:52:58
SWARNSAR,Swarnsarita Jewels India Limited,Consumer Cyclical,Luxury Goods,,4.85,,,,,0.51,,,7.33,1.84,,8.15,,,76.8,35.5,,INR,2026-10-01 10:53:01
SWELECTES,Swelect Energy Systems Limited,Technology,Solar,919.51,21.57,,0.97,,,0.84,,,12.02,6.83,0.6,27.44,,,-65.6,-26.2,607.66,INR,2026-10-01 10:53:03
SWIGGY,Swiggy Limited,Consumer Cyclical,Internet Retail,64609.25,,-43.92,3.51,,,0.14,,,-13.92,-15.05,,-14.78,-5.61,,,37.3,70.28,INR,2026-10-01 10:53:05
SWSOLAR,Sterling and Wilson Renewable Energy Limited,Technology,Solar,3910.88,,9.3,6.02,,,1.83,,,4.74,-3.89,,-12.3,18.0,,69.6,-9.7,27.82,INR,2026-10-01 10:53:08
SYMBIOTEC,SYMBIOTEC PHARMALAB LTD,Healthcare,Drug Manufacturers - General,,85.57,,6.63,,,0.34,,,10.71,10.63,,14.19,,,-53.0,7.4,183.27,INR,2026-10-01 10:53:11
SYMPHONY,Symphony Limited,Consumer Cyclical,"Furnishings, Fixtures & Appliances",3989.81,,20.8,7.32,,,0.32,,,10.58,-12.35,1.55,-20.84,27.93,,-4.8,50.6,79.39,INR,2026-10-01 10:53:13
SYNCOMF,Syncom Formulations (India) Limited,Healthcare,Drug Manufacturers - Specialty & Generic,2240.96,26.49,,5.36,,,0.35,,,19.65,17.18,40.0,0.9,,,57.7,7.4,4.45,INR,2026-10-01 10:53:15
SYNGENE,Syngene International Limited,Healthcare,Diagnostics & Research,14582.69,66.11,33.99,3.01,,,0.09,,,3.9,6.14,34.0,5.48,10.66,,,-15.8,120.41,INR,2026-10-01 10:53:18
SYRMA,Syrma SGS Technology Limited,Technology,Electronic Components,34460.61,92.89,57.26,11.96,,,0.13,,,8.76,6.74,8.0,19.26,31.25,,101.2,68.3,149.62,INR,2026-10-01 10:53:20
TAALTECH,TAAL Tech Limited,Industrials,Airports & Air Services,1535.11,24.57,,1.25,,,0.37,,,32.64,28.84,,40.1,,,41.7,41.6,786.63,INR,2026-10-01 10:53:23
TAINWALCHM,Tainwala Chemicals and Plastics (India) Limited,Basic Materials,Specialty Chemicals,192.1,24.02,,1.12,,,,,,-2.24,45.0,1.46,8.54,,,-99.1,-5.7,183.88,INR,2026-10-01 10:53:25
TAJGVK,Krishna GVK Luxury Hotels Limited,Consumer Cyclical,Lodging,1993.91,4.83,109.66,1.95,,,0.09,,,26.82,73.13,0.63,65.78,2.9,,-38.4,55.1,162.98,INR,2026-10-01 10:53:28
TAKE,TAKE LIMITED,Healthcare,Health Information Services,184.97,30.12,0.7,6.13,,,,,,-0.87,15.16,,0.42,18.02,,,,2.06,INR,2026-10-01 10:53:30
TALBROAUTO,Talbros Automotive Components Limited,Consumer Cyclical,Auto Parts,2614.5,23.34,,3.52,,,0.11,,,12.84,12.41,17.0,18.15,,,35.2,15.3,120.31,INR,2026-10-01 10:53:33
TANAA,Taneja Aerospace and Aviation Limited,Industrials,Aerospace & Defense,,45.16,,5.54,,,0.08,,,64.6,45.3,,7.44,,,62.1,21.0,60.62,INR,2026-10-01 10:53:35
TANLA,Tanla Platforms Limited,Technology,Software - Application,6535.19,12.34,11.06,2.64,,,2.12,,,13.72,11.58,2.44,40.09,44.75,,20.1,17.8,187.61,INR,2026-10-01 10:53:37
TARACHAND,Tara Chand Infralogistic Solutions Limited,Industrials,Farm & Heavy Construction Machinery,367.56,15.91,,2.46,20.6,6.14,0.93,1.72,1.48,15.98,9.78,42.0,2.93,,,10.9,9.7,18.93,INR,2026-10-01 10:53:40
TARAPUR,Tarapur Transformers Limited,Industrials,Specialty Industrial Machinery,23.89,,,-12.91,,,,,,-138.44,0.0,,-1.55,,,,,-0.95,INR,2026-10-01 10:53:42
TARC,TARC Limited,Real Estate,Real Estate - Development,3728.25,,1.79,3.86,,,1.78,,,17.54,-2.66,,-0.42,70.4,,-58.2,186.1,32.76,INR,2026-10-01 10:53:44
TARIL,Transformers and Rectifiers (India) Limited,Industrials,Electrical Equipment & Parts,8932.94,33.55,23.19,5.77,,,0.3,,,15.12,10.13,9.0,8.87,12.83,,-8.7,8.1,51.58,INR,2026-10-01 10:53:46
TARMAT,Tarmat Limited,Industrials,Engineering & Construction,147.88,20.85,,0.79,,,0.08,,,6.0,5.52,,2.83,,,121.0,43.6,74.5,INR,2026-10-01 10:53:49
TARSONS,Tarsons Products Limited,Healthcare,Medical Instruments & Supplies,1764.85,159.47,25.52,2.77,,,0.62,,,-0.94,2.51,,2.08,13.0,,,20.7,119.92,INR,2026-10-01 10:53:51
TASTYBITE,Tasty Bite Eatables Limited,Consumer Defensive,Packaged Foods,2418.84,67.18,,7.07,,,0.12,,,7.97,5.94,10.0,140.32,,,7.9,29.1,1332.85,INR,2026-10-01 10:53:54
TATACAP,Tata Capital Limited,Financial Services,Credit Services,136557.6,25.26,15.2,2.98,,,5.03,,,57.05,39.68,17.0,12.82,21.31,,56.3,40.3,108.76,INR,2026-10-01 10:53:56
TATACHEM,Tata Chemicals Limited,Basic Materials,Chemicals,15729.93,,19.86,0.74,,,0.36,,,5.15,-14.32,1.8,-84.99,31.09,,,14.4,832.4,INR,2026-10-01 10:53:58
TATACOMM,Tata Communications Limited,Communication Services,Telecom Services,46759.74,49.57,20.94,13.56,,,3.36,,,7.45,3.72,1.06,33.09,78.34,,-29.3,10.5,120.95,INR,2026-10-01 10:54:01
TATACONSUM,Tata Consumer Products Limited,Consumer Defensive,Packaged Foods,94718.28,59.33,40.02,4.35,,,0.12,,,10.46,7.84,1.05,16.13,23.92,0.55,27.8,11.9,220.17,INR,2026-10-01 10:54:03
TATAELXSI,Tata Elxsi Limited,Technology,Software - Application,19397.59,29.65,21.65,6.38,,,0.05,,,18.97,16.74,2.43,105.02,143.79,,18.2,14.5,488.2,INR,2026-10-01 10:54:05
TATAINVEST,Tata Investment Corporation Limited,Financial Services,Asset Management,31176.82,72.58,,1.07,,,0.01,,,91.65,105.25,0.55,8.49,,,-1.9,4.1,577.55,INR,2026-10-01 10:54:08
TATAPOWER,The Tata Power Company Limited,Utilities,Utilities - Independent Power Producers,113115.02,29.35,21.42,2.87,,,1.68,,,14.45,6.09,0.7,12.06,16.53,,11.0,5.6,123.54,INR,2026-10-01 10:54:10
TATASTEEL,Tata Steel Limited,Basic Materials,Steel,227843.38,20.64,10.2,2.23,,,0.89,,,9.25,4.6,2.17,8.85,17.9,,11.6,14.3,81.84,INR,2026-10-01 10:54:12
TATATECH,Tata Technologies Limited,Technology,Information Technology Services,28805.32,51.67,30.15,7.34,,,0.24,,,13.26,9.4,1.18,13.73,23.53,,6.1,33.8,96.64,INR,2026-10-01 10:54:15
TATVA,Tatva Chintan Pharma Chem Limited,Basic Materials,Specialty Chemicals,4168.46,80.2,43.61,5.33,,,0.15,,,13.01,9.24,11.0,22.22,40.87,,140.3,42.9,334.03,INR,2026-10-01 10:54:17
TBOTEK,TBO Tek Limited,Consumer Cyclical,Travel Services,18375.39,69.61,34.3,11.87,,,0.49,,,11.93,8.56,,24.72,50.17,,32.4,81.1,145.01,INR,2026-10-01 10:54:19
TBZ,Tribhovandas Bhimji Zaveri Limited,Consumer Cyclical,Luxury Goods,4217.38,19.74,212.79,5.03,,,1.06,,,7.58,6.25,39.0,32.01,2.97,,50.8,34.8,125.64,INR,2026-10-01 10:54:21
TCC,TCC Concept Limited,,,,,,0.7,,,0.18,,,15.69,23.06,,,,,30.2,480.2,69.06,INR,2026-10-01 10:54:24
TCI,Transport Corporation of India Limited,Industrials,Integrated Freight & Logistics,6738.86,14.81,12.73,2.62,,,0.12,,,7.94,9.04,1.15,59.24,68.9,,-0.8,9.6,334.36,INR,2026-10-01 10:54:26
TCIEXP,TCI Express Limited,Industrials,Integrated Freight & Logistics,1941.24,23.78,17.49,2.37,,,0.08,,,7.78,6.52,2.3,21.23,28.87,,5.2,9.3,213.12,INR,2026-10-01 10:54:28
TCPLPACK,TCPL Packaging Limited,Consumer Cyclical,Packaging & Containers,3632.36,31.54,,5.06,,,0.88,,,12.78,6.15,0.61,126.82,,,79.3,16.1,789.87,INR,2026-10-01 10:54:30
TCS,Tata Consultancy Services Limited,Technology,Information Technology Services,754371.21,15.15,12.83,6.88,47.74,24.48,0.1,2.28,2.04,23.96,18.05,3.17,137.6,162.5,2.66,4.6,13.9,303.01,INR,2026-10-01 10:54:33
TDPOWERSYS,TD Power Systems Limited,Industrials,Specialty Industrial Machinery,25090.27,90.89,53.77,23.32,,,1.69,,,17.88,12.95,13.0,8.8,14.88,,72.3,72.1,34.3,INR,2026-10-01 10:54:36
TEAMGTY,Team India Guaranty Limited,Financial Services,Asset Management,211.43,192.7,,4.68,,,,,,26.42,15.54,,1.22,,,68.1,124.5,50.25,INR,2026-10-01 10:54:38
TEAMLEASE,TeamLease Services Limited,Industrials,Staffing & Employment Services,1745.14,12.95,10.88,1.84,,,0.11,,,0.6,1.24,,88.21,105.0,,31.4,5.0,622.04,INR,2026-10-01 10:54:40
TECHM,Tech Mahindra Limited,Technology,Information Technology Services,136760.0,26.96,17.67,4.62,,,0.07,,,14.41,8.68,3.35,57.25,87.37,1.86,28.5,17.7,334.41,INR,2026-10-01 10:54:43
TECHNOCRAF,Technocraft Ventures Limited,Industrials,Infrastructure Operations,1905.06,44.09,,8.86,,,0.55,,,18.93,12.87,,10.91,,,14.5,2.2,54.27,INR,2026-10-01 10:54:45
TECHNOE,Techno Electric & Engineering Company Limited,Industrials,Engineering & Construction,11723.0,27.19,17.32,2.82,,,1.74,,,14.79,12.85,0.69,37.07,58.2,,-31.4,19.8,357.56,INR,2026-10-01 10:54:47
TECHNVISN,TechNVision Ventures Limited,Technology,Software - Application,2361.6,804.17,,157.4,,,1.32,,,3.96,1.05,,4.68,,,9659.9,30.0,23.91,INR,2026-10-01 10:54:49
TECILCHEM,Tecil Chemicals and Hydro Power Ltd.,Financial Services,Shell Companies,17.45,,,,,,,,,0.0,0.0,,-0.29,,,,,,INR,2026-10-01 10:54:52
TEGA,Tega Industries Limited,Industrials,Specialty Industrial Machinery,15716.71,551.98,23.8,4.61,,,0.12,,,10.03,0.69,9.0,3.79,87.9,,,384.0,453.52,INR,2026-10-01 10:54:54
TEJASNET,Tejas Networks Limited,Technology,Communication Equipment,8605.48,,,2.93,,,1.43,,,-48.42,-70.37,42.0,-52.18,,,,99.1,164.9,INR,2026-10-01 10:54:57
TEMBO,Tembo Global Industries Limited,Industrials,Metal Fabrication,1112.54,10.38,,1.88,,,0.78,,,15.83,8.94,34.0,5.54,,,58.0,21.9,30.5,INR,2026-10-01 10:54:59
TEMPSENS,TEMPSENS INST (INDIA) LTD,Technology,Scientific & Technical Instruments,,62.81,,,,,0.15,,,16.77,14.59,,8.27,,,14.2,33.4,,INR,2026-10-01 10:55:02
TENNIND,Tenneco Clean Air India Limited,Consumer Cyclical,Auto Parts,20051.06,33.34,24.71,16.73,,,4.29,,,14.19,10.61,,14.9,20.1,,-1.7,20.1,29.69,INR,2026-10-01 10:55:04
TERAI,Terai Tea Company Limited,Consumer Defensive,Farm Products,80.32,7.09,,0.49,,,0.23,,,32.46,10.46,,16.46,,,33.8,-78.6,239.91,INR,2026-10-01 10:55:06
TERASOFT,Tera Software Limited,Technology,Information Technology Services,247.62,9.99,,1.7,,,0.27,,,16.28,9.72,0.57,19.82,,,-0.1,52.3,116.64,INR,2026-10-01 10:55:08
TEXINFRA,Texmaco Infrastructure & Holdings Limited,Real Estate,Real Estate Services,1539.31,167.78,,1.37,,,2.63,,,-64.87,53.25,13.0,0.72,,,-55.4,-10.8,87.9,INR,2026-10-01 10:55:11
TEXMOPIPES,Texmo Pipes and Products Limited,Industrials,Building Products & Equipment,162.32,10.73,,0.61,,,0.24,,,7.4,3.9,,5.18,,,20.7,11.6,91.89,INR,2026-10-01 10:55:13
TEXRAIL,Texmaco Rail & Engineering Limited,Industrials,Railroads,5244.48,24.23,19.24,2.21,,,0.37,,,5.9,5.1,0.57,5.32,6.7,,66.8,-16.9,58.45,INR,2026-10-01 10:55:16
TFCILTD,Tourism Finance Corporation of India Limited,Financial Services,Credit Services,6585.85,42.85,12.19,5.02,,,0.82,,,89.21,67.82,42.0,3.32,11.67,,100.3,98.3,28.34,INR,2026-10-01 10:55:18
TFL,Transwarranty Finance Limited,Financial Services,Mortgage Finance,83.4,,,2.27,,,1.07,,,2.72,-31.25,,-0.67,,,,-22.3,5.12,INR,2026-10-01 10:55:20
TGBHOTELS,TGB Banquets and Hotels Limited,Consumer Cyclical,Lodging,28.17,18.86,,0.36,,,0.16,,,1.6,3.81,,0.51,,,5.5,-6.1,26.37,INR,2026-10-01 10:55:22
TGVSL,TGV SRAAC Limited,Basic Materials,Chemicals,1280.04,9.22,,,,,0.27,,,11.82,6.92,,12.96,,,17.2,10.6,,INR,2026-10-01 10:55:24
THACKER,Thacker and Company Limited,Financial Services,Asset Management,97.91,5.18,,0.56,,,0.05,,,65.9,409.62,,173.74,,,-3.6,-1.9,1607.98,INR,2026-10-01 10:55:27
THAKDEV,Thakkers Developers Limited,Real Estate,Real Estate - Development,126.0,9.19,,0.76,8.61,2.9,0.09,10.37,1.44,50.24,31.13,,15.24,,,595.7,104.6,184.89,INR,2026-10-01 10:55:29
THANGAMAYL,Thangamayil Jewellery Limited,Consumer Cyclical,Luxury Goods,15491.28,39.57,27.34,10.94,,,0.64,,,4.86,4.07,35.0,125.95,182.27,,86.2,71.2,455.57,INR,2026-10-01 10:55:32
THEINVEST,The Investment Trust of India Limited,Financial Services,Capital Markets,488.93,14.67,,0.66,,,0.08,,,14.17,12.78,,6.38,,,35.5,-6.2,141.26,INR,2026-10-01 10:55:34
THEJO,Thejo Engineering Limited,Industrials,Specialty Industrial Machinery,2313.65,41.26,,6.53,,,0.11,,,11.16,8.31,24.0,51.7,,,71.5,31.0,326.73,INR,2026-10-01 10:55:36
THELEELA,Leela Palaces Hotels & Resorts Limited,Consumer Cyclical,Lodging,19042.28,45.29,31.1,2.96,,,0.28,,,31.46,27.62,,12.59,18.33,,456.7,28.1,192.92,INR,2026-10-01 10:55:39
THEMISMED,Themis Medicare Limited,Healthcare,Drug Manufacturers - Specialty & Generic,1069.74,26.6,,2.67,,,0.25,,,-63.21,12.06,42.0,4.33,,,,-10.9,43.06,INR,2026-10-01 10:55:41
THERMAX,Thermax Limited,Industrials,Conglomerates,37705.76,63.56,37.44,6.8,,,0.42,,,0.4,5.47,41.0,52.66,89.41,,-83.4,7.1,492.56,INR,2026-10-01 10:55:44
THOMASCOOK,Thomas Cook (India) Limited,Consumer Cyclical,Travel Services,4771.07,21.67,15.73,1.86,,,0.21,,,2.43,2.71,49.0,4.68,6.45,1.91,-0.2,-13.1,54.67,INR,2026-10-01 10:55:46
THOMASCOTT,Thomas Scott (India) Limited,Consumer Cyclical,Textile Manufacturing,453.78,22.43,,3.17,,,0.34,,,12.01,7.97,,13.62,,,56.9,22.1,96.33,INR,2026-10-01 10:55:49
THYROCARE,Thyrocare Technologies Limited,Healthcare,Diagnostics & Research,8463.42,48.25,33.43,14.46,,,0.09,,,26.99,20.12,3.06,11.02,15.9,,34.1,24.3,36.79,INR,2026-10-01 10:55:51
TI,Tilaknagar Industries Ltd.,Consumer Defensive,Beverages - Wineries & Distilleries,13574.89,,32.28,4.56,,,0.77,,,12.23,-1.2,18.0,-2.31,16.97,,-64.3,155.7,120.02,INR,2026-10-01 10:55:53
TIGERLOGS,Tiger Logistics (India) Limited,Industrials,Integrated Freight & Logistics,270.76,13.99,,0.51,,,0.31,,,1.66,3.05,,1.83,,,-53.9,48.8,49.87,INR,2026-10-01 10:55:55
TIIL,Technocraft Industries (India) Limited,Industrials,Tools & Accessories,6520.92,19.2,14.47,3.22,,,0.4,,,18.48,11.59,1.37,149.79,198.7,,68.4,27.2,892.04,INR,2026-10-01 10:55:58
TIINDIA,Tube Investments of India Limited,Industrials,Conglomerates,45321.09,74.64,31.49,5.85,,,0.05,,,6.05,2.63,15.0,31.37,74.35,,-15.2,16.8,400.48,INR,2026-10-01 10:56:00
TIMETECHNO,Time Technoplast Limited,Consumer Cyclical,Packaging & Containers,8952.08,16.06,12.95,2.19,,,0.18,,,10.3,7.59,0.82,11.29,14.0,,22.2,25.1,82.8,INR,2026-10-01 10:56:02
TIMEX,Timex Group India Limited,Consumer Cyclical,Luxury Goods,7319.88,86.53,46.18,97.09,,,0.32,,,15.68,10.11,,8.38,15.7,,70.6,29.6,7.47,INR,2026-10-01 10:56:05
TIMKEN,Timken India Limited,Industrials,Tools & Accessories,23333.6,54.62,37.06,8.01,,,0.5,,,15.51,11.84,8.0,56.79,83.71,,14.8,16.6,387.48,INR,2026-10-01 10:56:07
TINNARUBR,Tinna Rubber and Infrastructure Limited,Basic Materials,Specialty Chemicals,1686.45,27.22,,5.55,,,0.43,,,18.95,10.79,34.0,34.39,,,75.2,19.9,168.66,INR,2026-10-01 10:56:09
TIPSFILMS,Tips Films Limited,Communication Services,Entertainment,138.27,,,4.63,,,6.3,,,-61.32,-45.1,,-115.68,,,,-49.7,69.09,INR,2026-10-01 10:56:12
TIPSMUSIC,Tips Music Limited,Communication Services,Entertainment,8166.19,38.92,27.96,31.58,,,1.96,,,49.37,54.47,2.43,16.5,22.97,,-4.7,20.9,20.34,INR,2026-10-01 10:56:15
TIRUMALCHM,Thirumalai Chemicals Limited,Basic Materials,Specialty Chemicals,1802.38,,,1.15,,,1.39,,,1.75,-8.28,,-12.76,,,,21.5,129.66,INR,2026-10-01 10:56:17
TITAGARH,Titagarh Rail Systems Limited,Industrials,Railroads,9686.38,55.49,23.76,4.47,,,0.25,,,10.45,6.07,12.0,14.56,34.0,,70.4,12.6,180.68,INR,2026-10-01 10:56:20
TITAN,Titan Company Limited,Consumer Cyclical,Luxury Goods,406255.93,70.79,51.49,25.89,,,1.95,,,12.33,6.23,33.0,64.68,88.92,,62.9,29.3,176.88,INR,2026-10-01 10:56:24
TMB,Tamilnad Mercantile Bank Limited,Financial Services,Banks - Regional,13938.89,9.65,,1.38,14.52,1.96,,,,58.68,41.23,1.43,91.19,,,35.0,18.3,638.46,INR,2026-10-01 10:56:26
TMCV,Tata Motors Limited,Consumer Cyclical,Auto Manufacturers,151196.91,36.08,17.53,11.87,,,0.44,,,6.85,4.81,0.95,11.38,23.42,,83.3,19.3,34.58,INR,2026-10-01 10:56:29
TMPV,Tata Motors Passenger Vehicles Limited,Consumer Cyclical,Auto Manufacturers,102737.07,,5.85,0.92,,,0.7,,,2.69,22.81,1.06,-9.16,47.66,0.27,-80.3,-8.2,304.34,INR,2026-10-01 10:56:31
TNPETRO,Tamilnadu Petroproducts Limited,Basic Materials,Specialty Chemicals,1100.35,7.74,,1.08,,,0.46,,,13.7,7.98,1.21,15.81,,,127.3,68.5,113.22,INR,2026-10-01 10:56:33
TNPL,Tamil Nadu Newsprint and Papers Limited,Basic Materials,Paper & Paper Products,1016.91,3.9,3.95,0.44,,,0.7,,,3.21,5.61,2.66,37.7,37.2,,,0.4,334.63,INR,2026-10-01 10:56:35
TNTELE,Tamilnadu Telecommunications Limited,Technology,Communication Equipment,52.8,,,-0.27,,-13.41,,0.04,0.02,0.0,0.0,,-3.26,,,,,-43.28,INR,2026-10-01 10:56:37
TOKYOPLAST,Tokyo Plast International Limited,Consumer Cyclical,Packaging & Containers,70.31,205.56,,1.04,,,0.77,,,1.79,0.43,,0.36,,,,8.9,71.4,INR,2026-10-01 10:56:40
TOLINS,Tolins Tyres Limited,Consumer Cyclical,Auto Parts,337.25,10.46,,0.93,,,3.0,,,10.03,10.29,,8.16,,,-33.5,-11.7,91.34,INR,2026-10-01 10:56:42
TORNTPHARM,Torrent Pharmaceuticals Limited,Healthcare,Drug Manufacturers - Specialty & Generic,182203.83,76.47,51.42,19.33,,,0.85,,,21.76,13.87,0.78,62.64,93.15,,3.3,54.8,247.85,INR,2026-10-01 10:56:44
TORNTPOWER,Torrent Power Limited,Utilities,Utilities - Independent Power Producers,61738.26,27.14,20.29,3.24,,,0.71,,,14.0,7.96,1.61,45.15,60.39,,-12.7,2.8,378.55,INR,2026-10-01 10:56:46
TOUCHWOOD,Touchwood Entertainment Limited,Communication Services,Advertising Agencies,66.49,16.39,,1.46,,,0.08,,,10.9,5.14,,3.66,,,-70.2,-76.6,40.97,INR,2026-10-01 10:56:48
TOYAMSL,Toyam Sports Limited,Industrials,Conglomerates,41.6,,,,,,,,,-2288.36,0.0,,-0.33,,,,,,INR,2026-10-01 10:56:51
TPLPLASTEH,TPL Plastech Limited,Consumer Cyclical,Packaging & Containers,543.06,17.99,,3.22,,,0.11,,,7.84,6.6,1.99,3.87,,,19.2,37.6,21.6,INR,2026-10-01 10:56:53
TRACXN,Tracxn Technologies Limited,Technology,Software - Application,343.54,,,6.52,,,,,,-20.35,-14.34,,-1.11,,,,-0.6,4.92,INR,2026-10-01 10:56:55
TRANSCOR,Transcorp International Limited,Financial Services,Capital Markets,,8.04,,1.04,,,0.2,,,1.19,1.01,3.35,2.97,,,113.8,24.5,22.87,INR,2026-10-01 10:56:57
TRANSRAILL,Transrail Lighting Limited,Industrials,Engineering & Construction,6380.52,15.78,12.47,2.8,,,0.3,,,10.74,5.93,42.0,30.11,38.1,,1.9,4.0,169.97,INR,2026-10-01 10:56:59
TRAVELFOOD,Travel Food Services Limited,Consumer Cyclical,Restaurants,15728.83,33.15,28.09,10.9,,,0.17,,,26.62,27.59,0.86,36.02,42.51,,38.1,20.6,109.52,INR,2026-10-01 10:57:02
TREEHOUSE,Tree House Education & Accessories Limited,Consumer Defensive,Education & Training Services,24.96,,,0.21,,,3.32,,,-258.36,0.0,,-2.19,,,,-20.2,28.74,INR,2026-10-01 10:57:04
TREJHARA,Trejhara Solutions Limited,Technology,Software - Application,331.53,25.7,,1.05,,,0.08,,,8.04,7.17,,5.35,,,620.5,682.3,130.48,INR,2026-10-01 10:57:06
TREL,Transindia Real Estate Limited,Real Estate,Real Estate Services,700.97,17.19,,0.55,,,,,,34.83,48.39,,1.66,,,54.0,4.2,51.95,INR,2026-10-01 10:57:09
TRENT,Trent Limited,Consumer Cyclical,Apparel Retail,138187.15,76.63,50.87,19.78,,,0.36,,,12.49,8.64,15.0,33.82,50.95,,20.8,17.8,130.99,INR,2026-10-01 10:57:11
TRF,TRF Limited,Industrials,Specialty Industrial Machinery,217.01,,,-0.61,-5.33,1.62,1.54,2.67,2.41,-34.9,-5.26,,-5.54,,,,-28.5,-322.26,INR,2026-10-01 10:57:13
TRIDENT,Trident Limited,Consumer Cyclical,Textile Manufacturing,11363.15,28.59,19.39,2.38,,,0.38,,,13.34,5.83,4.46,0.78,1.15,,13.0,4.7,9.36,INR,2026-10-01 10:57:15
TRIGYN,Trigyn Technologies Limited,Technology,Information Technology Services,161.04,15.95,2.78,0.2,,,1.29,,,1.07,1.0,,3.28,18.8,,,12.6,264.69,INR,2026-10-01 10:57:17
TRITONV,Triton Valves Limited,Consumer Cyclical,Auto Parts,,30.63,,4.34,,,1.03,,,4.93,2.85,23.0,35.49,,,536.4,38.5,250.47,INR,2026-10-01 10:57:19
TRITURBINE,Triveni Turbine Limited,Industrials,Specialty Industrial Machinery,17103.04,50.52,34.77,11.81,,,2.48,,,9.46,14.93,0.74,10.65,15.47,,-20.8,19.2,45.55,INR,2026-10-01 10:57:21
TRIVENI,Triveni Engineering & Industries Limited,Consumer Defensive,Confectioners,5168.39,18.53,11.61,1.55,,,0.65,,,1.38,4.27,2.23,12.66,20.2,,-17.2,-1.1,151.72,INR,2026-10-01 10:57:24
TRU,TruCap Finance Limited,Financial Services,Credit Services,49.82,,,0.67,,,6.5,,,-1262.59,0.0,,-9.5,,,,-90.9,6.25,INR,2026-10-01 10:57:26
TRUALT,TruAlt Bioenergy Limited,Energy,Oil & Gas Refining & Marketing,3948.48,26.63,,2.59,,,1.05,,,17.22,7.24,,17.29,,,1109.6,106.3,177.46,INR,2026-10-01 10:57:28
TSFINV,TSF Investments Limited,Financial Services,Asset Management,9062.71,18.73,,1.51,,,3.85,,,22.0,44.55,3.04,21.92,,,-22.2,70.9,271.63,INR,2026-10-01 10:57:31
TTKHLTCARE,TTK Healthcare Limited,Healthcare,Drug Manufacturers - General,1427.45,19.31,,1.28,,,2.19,,,4.89,8.33,0.97,52.31,,,63.7,13.7,788.98,INR,2026-10-01 10:57:33
TTKPRESTIG,TTK Prestige Limited,Consumer Cyclical,"Furnishings, Fixtures & Appliances",6951.04,36.02,24.55,3.51,,,0.09,,,7.4,6.08,1.41,14.09,20.67,0.94,122.8,33.6,144.57,INR,2026-10-01 10:57:35
TTL,T.T. Limited,Consumer Cyclical,Textile Manufacturing,203.55,788.0,,1.63,,,0.64,,,4.47,0.27,0.78,0.01,,,53.6,-3.6,4.84,INR,2026-10-01 10:57:37
TTML,Tata Teleservices (Maharashtra) Limited,Communication Services,Telecom Services,6842.25,184.21,,-0.34,,,,,,43.65,3.19,,0.19,,1.37,,6.1,-102.22,INR,2026-10-01 10:57:40
TURTLEMINT,Turtlemint Fintech Solutions Limited,Financial Services,Insurance Brokers,,,10.43,1.26,,,0.06,,,-11.97,-14.72,,-5.95,6.87,,,38.1,56.86,INR,2026-10-01 10:57:42
TUTIALKA,Tuticorin Alkali Chemicals and Fertilizers Limited,Basic Materials,Agricultural Inputs,659.13,19.74,,3.65,,,0.66,,,10.61,9.78,,2.74,,,-31.8,6.0,14.84,INR,2026-10-01 10:57:44
TVSELECT,TVS Electronics Limited,Technology,Computer Hardware,753.84,,,7.79,,,0.56,,,-6.03,-0.39,,-1.0,,,,9.6,51.45,INR,2026-10-01 10:57:46
TVSHLTD,TVS Holdings Limited,Consumer Cyclical,Auto Parts,23975.04,12.17,,3.71,,,2.9,,,0.23,3.64,0.7,974.0,,,81.9,35.7,3195.78,INR,2026-10-01 10:57:49
TVSMOTOR,TVS Motor Company Limited,Consumer Cyclical,Auto Manufacturers,189049.76,55.25,34.67,56.58,,,3.06,,,13.14,5.69,29.0,72.0,114.75,,67.1,34.3,70.31,INR,2026-10-01 10:57:51
TVSSCS,TVS Supply Chain Solutions Limited,Industrials,Integrated Freight & Logistics,5691.79,88.36,25.29,2.8,,,1.34,,,2.32,0.55,,1.46,5.1,,-70.4,28.7,46.09,INR,2026-10-01 10:57:53
TVSSRICHAK,TVS Srichakra Limited,Consumer Cyclical,Auto Parts,3350.34,36.25,28.4,2.82,,,0.64,,,4.09,2.37,0.85,120.7,154.05,,164.1,30.3,1554.26,INR,2026-10-01 10:57:56
TVTODAY,T.V. Today Network Limited,Communication Services,Broadcasting,625.98,27.32,5.3,0.7,,,1.65,,,3.77,2.11,2.73,3.84,19.8,,39.6,4.6,149.13,INR,2026-10-01 10:57:58
UBL,United Breweries Limited,Consumer Defensive,Beverages - Brewers,30414.53,76.99,42.35,6.73,,,0.29,,,6.42,4.19,0.86,14.94,27.16,,-9.5,7.1,171.03,INR,2026-10-01 10:58:01
UCOBANK,UCO Bank,Financial Services,Banks - Regional,29129.4,10.32,16.59,0.86,8.54,0.73,,,,60.44,21.54,1.89,2.25,1.4,,8.0,53.0,26.96,INR,2026-10-01 10:58:03
UDAYJEW,Uday Jewellery Industries Limited,Consumer Cyclical,Luxury Goods,,15.11,,,,,0.78,,,10.75,4.94,30.0,10.84,,,37.5,26.9,,INR,2026-10-01 10:58:05
UDS,Updater Services Limited,Industrials,Specialty Business Services,1401.3,16.08,10.71,1.32,,,4.25,,,4.37,2.89,1.93,12.9,19.37,,4.0,9.1,157.23,INR,2026-10-01 10:58:07
UEL,Ujaas Energy Limited,Technology,Solar,2361.01,1966.56,,26.63,,,0.27,,,-96.03,23.07,,0.09,,,30.8,14.5,6.65,INR,2026-10-01 10:58:10
UFLEX,Uflex Limited,Consumer Cyclical,Packaging & Containers,4694.47,6.88,11.51,0.58,,,1.25,,,12.99,4.14,46.0,94.47,56.46,,629.6,35.5,1123.68,INR,2026-10-01 10:58:12
UFO,UFO Moviez India Limited,Communication Services,Entertainment,226.5,9.42,2.0,0.7,,,0.29,,,6.55,4.93,,6.19,29.21,,-13.5,1.5,83.78,INR,2026-10-01 10:58:14
UGARSUGAR,The Ugar Sugar Works Limited,Consumer Defensive,Confectioners,629.89,21.7,,2.7,,,3.11,,,3.66,1.8,17.0,2.58,,,,34.1,20.77,INR,2026-10-01 10:58:17
UGROCAP,UGRO Capital Limited,Financial Services,Credit Services,1260.27,5.77,4.17,0.43,,,3.74,,,34.18,24.01,,14.3,19.8,,98.9,6.7,190.16,INR,2026-10-01 10:58:19
UJJIVANSFB,Ujjivan Small Finance Bank Limited,Financial Services,Banks - Regional,13079.88,14.64,9.18,1.91,,,,,,31.97,19.63,,4.58,7.3,,206.7,49.6,35.08,INR,2026-10-01 10:58:21
ULTRACEMCO,UltraTech Cement Limited,Basic Materials,Building Materials,313320.07,37.12,24.65,4.09,,,0.29,,,15.48,9.29,2.19,286.97,432.13,1.22,16.8,15.9,2605.1,INR,2026-10-01 10:58:23
ULTRAMAR,Ultramarine & Pigments Limited,Basic Materials,Specialty Chemicals,1185.67,12.87,,1.36,,,0.1,,,15.89,11.1,1.47,31.56,,,56.5,30.1,297.9,INR,2026-10-01 10:58:26
UMESLTD,Usha Martin Education & Solutions Limited,Consumer Defensive,Education & Training Services,11.95,29.8,,0.92,,,0.09,,,23.75,44.92,,0.15,,,-18.9,-9.4,4.84,INR,2026-10-01 10:58:28
UMIYA-MRO,MRO-TEK Networks Limited,Technology,Communication Equipment,173.64,15.78,,1.37,,,1.1,,,24.07,11.82,,5.89,,,-99.2,27.3,67.82,INR,2026-10-01 10:58:30
UNICHEMLAB,Unichem Laboratories Limited,Healthcare,Drug Manufacturers - Specialty & Generic,3801.56,11.99,,1.4,,,0.18,,,6.32,13.21,,45.02,,,,20.1,385.97,INR,2026-10-01 10:58:33
UNIECOM,Unicommerce eSolutions Limited,Technology,Software - Application,931.85,45.31,27.89,5.04,,,4.91,,,6.54,10.08,,1.83,2.97,,20.5,14.3,16.46,INR,2026-10-01 10:58:35
UNIENTER,Uniphos Enterprises Limited,Basic Materials,Chemicals,1224.01,29.53,,0.25,,,,,,-822.78,77.48,3.93,2.98,,,,-97.2,351.82,INR,2026-10-01 10:58:38
UNIINFO,Uniinfo Telecom Services Limited,Communication Services,Telecom Services,11.86,,,0.37,,,0.17,,,3.09,-2.5,,-1.01,,,449.8,-1.4,29.92,INR,2026-10-01 10:58:40
UNIMECH,Unimech Aerospace and Manufacturing Limited,Industrials,Aerospace & Defense,8798.92,125.81,55.94,11.93,,,0.17,,,29.08,25.26,,13.74,30.9,,45.7,70.9,144.93,INR,2026-10-01 10:58:43
UNIONBANK,Union Bank of India,Financial Services,Banks - Regional,129740.77,6.29,6.35,0.93,15.8,1.35,,,,48.8,40.46,2.92,27.03,26.78,,27.4,16.4,182.77,INR,2026-10-01 10:58:45
UNIPARTS,Uniparts India Limited,Industrials,Farm & Heavy Construction Machinery,3724.24,20.7,,4.28,,,0.18,,,20.2,14.51,2.9,39.88,,,64.3,26.9,192.83,INR,2026-10-01 10:58:47
UNITDSPR,United Spirits Limited,Consumer Defensive,Beverages - Wineries & Distilleries,95147.43,55.86,43.95,10.63,,,4.61,,,13.16,14.92,1.26,23.99,30.49,,11.0,-10.2,126.09,INR,2026-10-01 10:58:49
UNITECH,Unitech Limited,Real Estate,Real Estate - Diversified,1033.44,,1.71,-0.11,,,,,,4.85,0.0,,-9.31,2.31,0.13,,1.0,-35.8,INR,2026-10-01 10:58:52
UNITEDPOLY,United Polyfab Gujarat Limited,Consumer Cyclical,Textile Manufacturing,1080.79,41.31,,8.08,,,0.8,,,5.68,3.66,,1.14,,,31.8,23.0,5.83,INR,2026-10-01 10:58:54
UNITEDTEA,The United Nilgiri Tea Estates Company Limited,Consumer Defensive,Farm Products,210.36,10.36,,0.87,,,,,,21.18,25.05,0.76,40.64,,,-20.5,-10.5,482.91,INR,2026-10-01 10:58:58
UNIVCABLES,Universal Cables Limited,Industrials,Electrical Equipment & Parts,4996.83,25.02,96.92,2.64,,,0.62,,,8.39,5.93,31.0,57.56,14.86,,113.1,57.5,545.03,INR,2026-10-01 10:59:01
UNOMINDA,Uno Minda Limited,Consumer Cyclical,Auto Parts,65536.75,54.88,36.24,9.6,,,0.38,,,7.11,5.8,23.0,20.68,31.31,,1.8,23.8,118.28,INR,2026-10-01 10:59:03
UPHOT,U.P. Hotels Limited,Consumer Cyclical,Lodging,,26.11,,3.87,,,0.1,,,5.34,19.45,,58.6,,,-17.1,3.7,394.87,INR,2026-10-01 10:59:05
UPL,UPL Limited,Basic Materials,Agricultural Inputs,44990.25,21.81,11.3,1.29,,,0.57,,,6.56,3.82,1.11,24.4,47.11,,,10.5,411.01,INR,2026-10-01 10:59:07
URBANCO,Urban Company Limited,Technology,Software - Application,23266.14,,-180.2,11.37,,,0.06,,,-20.52,-19.42,,-2.27,-0.88,,,43.6,13.9,INR,2026-10-01 10:59:10
URJA,Urja Global Limited,Technology,Solar,481.98,288.33,,2.42,,,0.25,,,3.18,2.05,,0.03,,,-13.9,-26.6,3.57,INR,2026-10-01 10:59:12
USHAMART,Usha Martin Limited,Basic Materials,Steel,14941.49,28.11,21.5,4.53,,,0.07,,,16.89,13.21,0.75,17.46,22.82,,40.7,16.4,108.35,INR,2026-10-01 10:59:15
USK,Udayshivakumar Infra Limited,Industrials,Engineering & Construction,105.84,8.93,,0.62,,,0.45,,,10.52,5.94,,2.14,,,,-20.5,30.77,INR,2026-10-01 10:59:17
UTIAMC,UTI Asset Management Company Limited,Financial Services,Asset Management,11290.33,24.53,15.4,2.51,,,3.13,,,63.32,26.58,4.53,35.81,57.02,,24.1,6.7,350.5,INR,2026-10-01 10:59:19
UTKARSHBNK,Utkarsh Small Finance Bank Limited,Financial Services,Banks - Regional,2421.93,,6.32,0.87,,,,,,-10.52,-146.14,,-6.39,2.15,,,234.7,15.65,INR,2026-10-01 10:59:22
UTLSOLAR,Fujiyama Power Systems Limited,Technology,Solar,12288.35,41.71,15.7,9.34,,,0.41,,,17.08,8.65,,9.6,25.5,,-14.5,125.3,42.88,INR,2026-10-01 10:59:24
UTTAMSUGAR,Uttam Sugar Mills Limited,Consumer Defensive,Confectioners,1069.58,12.3,,1.22,,,0.81,,,2.26,3.99,0.86,22.8,,,-91.6,-3.6,229.86,INR,2026-10-01 10:59:26
V2RETAIL,V2 Retail Limited,Consumer Cyclical,Apparel Retail,7539.25,41.27,27.21,8.36,,,1.1,,,7.58,5.22,,5.01,7.6,,69.7,57.7,24.75,INR,2026-10-01 10:59:29
VADILALIND,Vadilal Industries Limited,Consumer Defensive,Packaged Foods,5190.69,23.69,,6.1,,,0.27,,,22.18,13.06,0.59,304.78,,,95.4,34.4,1182.93,INR,2026-10-01 10:59:31
VADILENT,Vadilal Enterprises Limited,Consumer Defensive,Food Distribution,862.67,63.24,,,,,1.88,,,4.54,0.97,1.0,158.12,,,15.9,36.2,,INR,2026-10-01 10:59:33
VAIBHAVGBL,Vaibhav Global Limited,Consumer Cyclical,Luxury Goods,3395.64,12.02,4.18,2.05,,,0.25,,,7.64,7.51,2.96,16.84,48.4,,49.8,12.7,98.66,INR,2026-10-01 10:59:35
VAISHALI,Vaishali Pharma Limited,Healthcare,Drug Manufacturers - Specialty & Generic,109.98,inf,,1.59,,,0.27,,,5.89,4.11,,0.0,,,20.9,-3.6,5.3,INR,2026-10-01 10:59:38
VAKRANGEE,Vakrangee Limited,Technology,Information Technology Services,554.81,64.0,,2.44,,,1.71,,,3.75,4.42,,0.08,,,-17.9,-18.8,2.1,INR,2026-10-01 10:59:40
VAML,Vedanta Aluminium Metal Limited,Basic Materials,Aluminum,158899.14,41.24,6.97,,,,,,,45.31,56.26,3.88,9.87,58.37,,216.1,46.0,-0.0,INR,2026-10-01 10:59:42
VARDMNPOLY,Vardhman Polytex Limited,Consumer Cyclical,Textile Manufacturing,292.34,0.87,,-1.29,,,,,,-4.97,133.95,,6.61,,,159894.9,2.0,-4.47,INR,2026-10-01 10:59:44
VARROC,Varroc Engineering Limited,Consumer Cyclical,Auto Parts,12861.88,65.25,23.19,7.22,,,0.51,,,5.26,2.08,18.0,12.9,36.3,,-26.5,29.9,116.61,INR,2026-10-01 10:59:47
VASCONEQ,Vascon Engineers Limited,Industrials,Engineering & Construction,764.91,26.34,,0.66,4.36,1.32,0.26,1.95,0.89,3.89,5.16,,1.25,,,-83.4,-34.7,49.58,INR,2026-10-01 10:59:49
VASUPRADA,Shri Vasuprada Plantations Limited,Consumer Defensive,Farm Products,,,,,,,0.51,,,-1.53,-2.68,,-4.8,,,,16.3,,INR,2026-10-01 10:59:51
VASWANI,Vaswani Industries Limited,Basic Materials,Steel,148.39,,,0.97,,,1.85,,,8.56,-0.01,,-0.09,,,-78.7,3.1,46.48,INR,2026-10-01 10:59:54
VBL,Varun Beverages Limited,Consumer Defensive,Beverages - Non-Alcoholic,143756.02,42.59,36.51,6.6,16.85,9.78,0.16,2.03,0.81,24.12,14.04,46.0,9.98,11.64,,15.5,20.4,64.37,INR,2026-10-01 10:59:56
VEDAVAAG,Vedavaag Systems Limited,Technology,Information Technology Services,51.6,12.42,,,,,0.9,,,7.42,3.47,,1.77,,,-48.9,-28.9,,INR,2026-10-01 10:59:59
VEDL,Vedanta Limited,Basic Materials,Other Industrial Metals & Mining,98791.48,11.11,7.87,1.99,,,0.48,,,31.16,23.21,13.13,22.77,32.15,,71.8,-37.3,127.16,INR,2026-10-01 11:00:01
VEDPOWER,Vedanta Power Limited,Utilities,Utilities - Independent Power Producers,12641.66,,,2.84,0.88,3.83,,0.57,0.44,2.54,0.61,,-5.63,,,,31.0,11.4,INR,2026-10-01 11:00:03
VEEDOL,Veedol Corporation Limited,Basic Materials,Specialty Chemicals,2303.31,10.47,,2.22,,,1.53,,,14.81,9.72,4.28,129.41,,,56.9,18.5,609.37,INR,2026-10-01 11:00:06
VENKEYS,Venky's (India) Limited,Consumer Defensive,Farm Products,2217.49,12.79,29.1,1.39,,,0.1,,,5.34,4.36,0.63,123.08,54.1,,215.8,29.2,1133.02,INR,2026-10-01 11:00:09
VENTIVE,Ventive Hospitality Limited,Consumer Cyclical,Lodging,12972.07,34.33,20.43,2.36,,,0.38,,,19.04,19.1,,16.18,27.19,,199.8,7.0,235.76,INR,2026-10-01 11:00:11
VENUSPIPES,Venus Pipes and Tubes Limited,Basic Materials,Steel,4545.53,43.72,26.43,6.76,,,0.43,,,13.82,8.56,5.0,50.19,83.03,,6.6,16.0,324.59,INR,2026-10-01 11:00:13
VERANDA,Veranda Learning Solutions Limited,Consumer Defensive,Education & Training Services,2135.59,15.24,,2.22,,,0.4,,,25.09,25.76,,14.52,,,,7.4,99.65,INR,2026-10-01 11:00:16
VERTOZ,Vertoz Limited,Technology,Software - Infrastructure,300.61,11.16,,1.39,,,0.39,,,11.9,8.71,28.0,3.16,,,5.1,15.8,25.35,INR,2026-10-01 11:00:18
VESUVIUS,Vesuvius India Limited,Industrials,Specialty Industrial Machinery,8410.7,32.89,21.25,4.81,,,0.82,3.52,2.6,12.87,12.0,35.0,12.6,19.5,,-7.1,2.3,86.08,INR,2026-10-01 11:00:21
VGCL,Vibrant Global Capital Limited,Financial Services,Capital Markets,113.16,4.15,,,,,0.27,,,25.0,12.19,8.22,11.9,,,177.6,91.4,,INR,2026-10-01 11:00:23
VGL,Varvee Global Limited,Consumer Cyclical,Textile Manufacturing,333.29,,,4.33,,,3.73,,,-90.76,-27.36,,-3.77,,,,,14.95,INR,2026-10-01 11:00:25
VGUARD,V-Guard Industries Limited,Industrials,Electrical Equipment & Parts,12881.73,35.52,26.46,5.43,,,0.07,,,9.02,5.78,0.51,8.3,11.14,,76.4,23.5,54.33,INR,2026-10-01 11:00:28
VHL,Vardhman Holdings Limited,Financial Services,Asset Management,1075.61,4.28,,0.29,,,,,,93.39,1164.94,15.0,787.98,,,56.7,193.8,11796.37,INR,2026-10-01 11:00:30
VIDHIING,Vidhi Specialty Food Ingredients Limited,Basic Materials,Specialty Chemicals,1758.06,32.99,,5.37,,,0.18,,,16.3,12.17,1.95,10.67,,,34.7,66.4,65.57,INR,2026-10-01 11:00:32
VIDYAWIRES,Vidya Wires Limited,Industrials,Electrical Equipment & Parts,1955.28,31.48,,4.04,,,0.18,,,3.81,3.17,,2.92,,,42.1,33.5,22.75,INR,2026-10-01 11:00:34
VIJAYA,Vijaya Diagnostic Centre Limited,Healthcare,Diagnostics & Research,14721.46,78.27,52.03,15.36,,,0.44,,,31.79,21.87,14.0,18.26,27.47,,38.5,22.8,93.06,INR,2026-10-01 11:00:37
VIJSOLX,Vijay Solvex Limited,Consumer Defensive,Packaged Foods,,8.65,,0.58,,,0.18,,,1.29,0.94,,74.41,,,428.9,35.2,1101.48,INR,2026-10-01 11:00:39
VIKASECO,Vikas Ecotech Limited,Basic Materials,Specialty Chemicals,143.0,103.0,,0.22,,,0.07,,,1.07,0.1,,0.01,,,-55.2,15.1,4.74,INR,2026-10-01 11:00:41
VIKASLIFE,Vikas Lifecare Limited,Consumer Defensive,Farm Products,222.92,12.0,,0.41,3.39,-3.75,0.19,1.65,0.9,-16.44,3.69,,0.1,,,,24.7,2.92,INR,2026-10-01 11:00:43
VIKRAMSOLR,Vikram Solar Limited,Technology,Solar,5670.85,14.98,8.08,1.79,,,0.2,,,3.97,6.82,,10.45,19.37,,-85.2,37.9,87.43,INR,2026-10-01 11:00:46
VIKRAN,Vikran Engineering Limited,Industrials,Engineering & Construction,1516.77,14.85,,1.23,,,0.24,,,7.2,7.31,30.0,3.96,,,-29.4,-11.0,47.95,INR,2026-10-01 11:00:48
VIMTALABS,Vimta Labs Limited,Healthcare,Diagnostics & Research,2644.0,33.17,,5.78,,,0.73,,,22.7,18.91,33.0,17.83,,,11.4,11.8,102.28,INR,2026-10-01 11:00:50
VINATIORGA,Vinati Organics Limited,Basic Materials,Specialty Chemicals,12002.79,26.76,20.59,3.79,,,,,,19.94,18.83,0.73,43.23,56.19,,4.5,28.4,305.04,INR,2026-10-01 11:00:53
VINCOFE,Vintage Coffee and Beverages Limited,Consumer Defensive,Beverages - Non-Alcoholic,2600.83,32.22,,4.58,,,0.22,,,17.87,12.86,8.0,5.54,,,46.1,58.5,39.01,INR,2026-10-01 11:00:55
VINDHYATEL,Vindhya Telelinks Limited,Industrials,Engineering & Construction,3128.27,13.35,,0.74,,,0.34,,,10.77,6.88,23.0,197.67,,0.98,29.1,-20.8,3548.5,INR,2026-10-01 11:00:57
VINEETLAB,Vineet Laboratories Limited,Basic Materials,Chemicals,70.66,36.79,,2.41,3.69,3.52,0.99,1.47,0.42,10.5,1.87,,1.0,,,,22.6,15.25,INR,2026-10-01 11:01:00
VINNY,Vinny Overseas Limited,Consumer Cyclical,Textile Manufacturing,42.34,45.5,,0.46,,,0.2,,,0.11,0.64,,0.02,,,-26.6,32.2,1.98,INR,2026-10-01 11:01:02
VINYLINDIA,Vinyl Chemicals (India) Limited,Basic Materials,Specialty Chemicals,399.75,21.41,,3.07,,,0.38,,,7.4,3.11,3.26,10.18,,,48.8,-34.1,71.04,INR,2026-10-01 11:01:04
VIPCLOTHNG,VIP Clothing Limited,Consumer Cyclical,Apparel Manufacturing,187.02,20.15,,0.98,,,0.36,,,6.71,3.75,,1.03,,,-13.9,-1.2,21.11,INR,2026-10-01 11:01:07
VIPIND,V.I.P. Industries Limited,Consumer Cyclical,Footwear & Accessories,4038.63,,106.42,8.7,,,3.36,,,-7.36,-20.18,,-26.65,2.67,,,3.0,32.66,INR,2026-10-01 11:01:09
VIRAT,Brahm Virat Industries Corporation Limited,Consumer Cyclical,Apparel Manufacturing,486.31,78.79,,3.72,,,0.41,,,14.97,22.38,,4.25,,,141.3,9.9,90.02,INR,2026-10-01 11:01:11
VIRINCHI,Virinchi Limited,Technology,Software - Application,151.37,,,0.29,,,0.57,,,1.98,-9.49,,-2.5,,,11.7,-12.0,46.52,INR,2026-10-01 11:01:14
VISACHROME,VISA Chrome Limited,Basic Materials,Steel,553.42,0.45,,-2.06,,,,,,-1.4,202.76,,84.82,,,,-29.6,-18.4,INR,2026-10-01 11:01:16
VISAKAIND,Visaka Industries Limited,Industrials,Building Products & Equipment,722.69,8.41,,0.87,,,0.37,,,12.65,4.87,2.53,9.95,,,1.0,16.7,95.7,INR,2026-10-01 11:01:19
VISHAL,Vishal Fabrics Limited,Consumer Cyclical,Textile Manufacturing,442.97,13.06,,0.68,,,0.35,,,5.11,2.12,,1.37,,,-21.9,-4.6,26.12,INR,2026-10-01 11:01:21
VISHNU,Vishnu Chemicals Limited,Basic Materials,Specialty Chemicals,4448.53,29.69,18.94,4.45,,,0.49,,,12.53,8.82,5.0,22.26,34.9,,23.0,24.9,148.46,INR,2026-10-01 11:01:24
VISHWARAJ,Vishwaraj Sugar Industries Limited,Consumer Defensive,Confectioners,114.58,,,0.47,-15.32,-2.29,1.85,0.73,0.09,-12.91,-10.72,,-1.7,,,,-19.5,11.21,INR,2026-10-01 11:01:26
VISL,Vedanta Iron and Steel Limited,Basic Materials,Steel,12313.81,,,-4.25,,,,,,9.92,64.22,,-6.72,,,,12.3,-7.41,INR,2026-10-01 11:01:28
VITAL,Vital Chemtech Limited,Basic Materials,Specialty Chemicals,129.1,55.0,,1.27,,,0.62,,,8.41,1.83,,0.98,,,164.9,51.5,42.45,INR,2026-10-01 11:01:30
VIVIANA,Viviana Power Tech Limited,Industrials,Engineering & Construction,756.12,13.54,,6.95,,,0.86,,,15.45,9.72,14.0,55.15,,,90.2,128.5,107.49,INR,2026-10-01 11:01:33
VIVIDHA,Visagar Polytex Limited,Consumer Cyclical,Textile Manufacturing,14.93,51.0,,-51.0,,,,,,-152.56,0.0,,0.01,,,,109.0,-0.01,INR,2026-10-01 11:01:35
VIVOBIOT,Vivo Bio Tech Limited,Healthcare,Biotechnology,38.08,,,0.38,,,0.72,,,10.65,-5.19,,-1.48,,,-86.0,14.1,45.47,INR,2026-10-01 11:01:37
VLEGOV,VL E-Governance & IT Solutions Limited,Technology,Information Technology Services,108.34,,,2.63,,,,,,-91.79,-25.07,,-0.21,,,,-92.1,3.79,INR,2026-10-01 11:01:42
VLSFINANCE,VLS Finance Limited,Financial Services,Capital Markets,732.22,14.43,,0.37,,,0.01,,,95.26,64.08,0.64,16.17,,,34.9,24.7,631.93,INR,2026-10-01 11:01:45
VMSTMT,VMS TMT Limited,Basic Materials,Steel,244.04,11.93,,1.07,,,1.01,,,3.89,1.93,,4.12,,,-47.9,16.8,45.83,INR,2026-10-01 11:01:52
VOEPL,Virtuoso Optoelectronics Limited,Technology,Consumer Electronics,1699.2,88.12,,3.67,,,0.84,,,6.45,1.77,,5.63,,,41.3,85.0,135.22,INR,2026-10-01 11:01:54
VOITHPAPR,Voith Paper Fabrics India Limited,Basic Materials,Paper & Paper Products,,15.24,,,,,0.05,,,23.95,19.91,0.71,94.49,,,0.5,-1.2,,INR,2026-10-01 11:01:59
VPRPL,Vishnu Prakash R Punglia Limited,Industrials,Engineering & Construction,362.53,,8.52,0.57,,,1.03,,,-28.62,-27.56,,-15.75,3.4,,,-50.1,50.52,INR,2026-10-01 11:02:08
VRAJ,Vraj Iron and Steel Limited,Basic Materials,Steel,403.87,11.24,,0.94,,,0.1,,,6.41,5.58,,10.89,,,51.7,40.1,130.31,INR,2026-10-01 11:02:11
VSTL,Vibhor Steel Tubes Limited,Basic Materials,Steel,209.86,27.67,,1.06,,,0.98,,,2.13,0.62,,4.0,,,-38.6,27.2,104.06,INR,2026-10-01 11:02:20
VTMLTD,VTM Limited,Consumer Cyclical,Textile Manufacturing,375.63,44.46,,,,,0.24,,,2.8,2.14,,0.84,,,-58.0,36.7,,INR,2026-10-01 11:02:27
WAAREEINDO,Indosolar Limited,Technology,Solar,868.1,5.22,,3.03,,,1.07,,,57.28,30.07,,40.0,,,-68.6,-64.9,68.95,INR,2026-10-01 11:02:31
WALCHANNAG,Walchandnagar Industries Limited,Industrials,Engineering & Construction,1347.02,,,3.75,,,0.61,,,4.66,-0.98,,-0.47,,,,83.8,52.89,INR,2026-10-01 11:02:40
WANBURY,Wanbury Limited,Healthcare,Drug Manufacturers - Specialty & Generic,693.11,12.16,,4.1,,,1.55,,,7.37,8.56,,16.3,,,-76.0,1.5,48.32,INR,2026-10-01 11:02:42
WARDINMOBI,Wardwizard Innovations & Mobility Limited,Consumer Cyclical,Auto Manufacturers,,179.0,,1.06,,,1.02,,,4.29,0.34,,0.03,,,-84.8,67.1,5.05,INR,2026-10-01 11:02:44
WATERBASE,The Waterbase Limited,Consumer Defensive,Packaged Foods,190.56,,,,,,0.42,,,1.55,-2.65,,-2.46,,,,39.4,,INR,2026-10-01 11:02:46
WCIL,Western Carriers (India) Limited,Industrials,Integrated Freight & Logistics,940.13,25.19,,1.08,,,0.26,,,2.59,1.96,,3.66,,,-19.4,11.8,85.04,INR,2026-10-01 11:02:49
WEALTH,Wealth First Portfolio Managers Limited,Financial Services,Capital Markets,974.13,27.69,,6.47,,,,,,72.39,50.7,0.99,33.02,,,-35.3,-23.8,141.23,INR,2026-10-01 11:02:51
WEIZMANIND,Weizmann Limited,Consumer Cyclical,Textile Manufacturing,109.79,17.89,,1.66,,,0.09,,,7.72,4.77,0.71,3.96,,,18.0,5.8,42.62,INR,2026-10-01 11:02:55
WEL,Wonder Electricals Limited,Consumer Cyclical,"Furnishings, Fixtures & Appliances",967.14,80.19,,10.81,,,1.08,,,2.96,1.63,28.0,0.9,,,258.7,50.9,6.68,INR,2026-10-01 11:02:57
WELSPLSOL,Welspun Specialty Solutions Limited,Basic Materials,Steel,,122.58,,7.65,,,0.08,,,3.16,3.25,,0.43,,,,-3.8,6.89,INR,2026-10-01 11:03:05
WENDT,Wendt (India) Limited,Industrials,Tools & Accessories,1648.3,97.2,97.28,6.49,,,0.07,,,10.42,6.64,24.0,84.79,84.72,,63.5,36.6,1269.35,INR,2026-10-01 11:03:09
WEWIN,We Win Limited,Technology,Information Technology Services,52.99,11.26,,4.96,,,0.11,,,2.41,4.51,,4.63,,,-22.1,15.8,10.52,INR,2026-10-01 11:03:13
WHBRADY,W. H. Brady & Company Limited,Industrials,Industrial Distribution,125.21,23.87,,,,,0.08,,,-0.08,5.97,,20.57,,,3.9,-17.6,,INR,2026-10-01 11:03:18
WILLAMAGOR,Williamson Magor & Co. Limited,Financial Services,Credit Services,24.53,,,-0.11,,,,,,-139150.0,0.0,,-14.21,,,,-100.0,-202.17,INR,2026-10-01 11:03:25
WIPL,The Western India Plywoods Limited,Basic Materials,Lumber & Wood Production,143.01,936.11,,4.18,,,0.21,,,-2.15,-0.16,0.61,0.18,,,,-8.7,40.32,INR,2026-10-01 11:03:32
WIPRO,Wipro Limited,Technology,Information Technology Services,157848.24,12.68,11.48,2.04,16.13,7.26,0.27,1.67,1.57,15.7,13.92,5.05,12.58,13.9,1.3,0.6,10.6,78.32,INR,2026-10-01 11:03:35
WORTHPERI,Worth Peripherals Limited,Consumer Cyclical,Packaging & Containers,231.52,15.06,,1.23,,,0.2,,,9.78,4.94,0.68,9.76,,,21.4,7.6,119.47,INR,2026-10-01 11:03:42
WPIL,WPIL Limited,Industrials,Specialty Industrial Machinery,,25.1,13.42,2.68,,,0.26,,,12.92,8.58,46.0,17.38,32.5,,51.4,32.2,162.83,INR,2026-10-01 11:03:44
WSI,W.S. Industries (India) Limited,Industrials,Engineering & Construction,416.67,161.47,,0.95,,,0.17,,,-676.74,4.67,,0.34,,,33.3,-98.3,57.93,INR,2026-10-01 11:03:46
XCHANGING,Xchanging Solutions Limited,Technology,Information Technology Services,676.11,11.12,,1.7,,,0.18,,,33.54,29.43,3.32,5.46,,,9.8,7.3,35.61,INR,2026-10-01 11:03:50
XELPMOC,Xelpmoc Design and Tech Limited,Technology,Information Technology Services,134.8,,,1.79,,,0.92,,,-208.21,-202.34,,-5.71,,,,22.5,50.69,INR,2026-10-01 11:03:53
XTGLOBAL,XTGlobal Infotech Limited,Technology,Software - Application,387.35,33.98,,2.65,,,0.24,,,6.13,3.99,34.0,0.85,,,4.9,1.1,10.88,INR,2026-10-01 11:03:57
XTRANET,Xtranet Technologies Limited,Technology,Information Technology Services,1455.9,36.12,,,,,0.63,,,17.26,11.58,,7.71,,,74.3,10.5,,INR,2026-10-01 11:04:00
YATRA,Yatra Online Limited,Consumer Cyclical,Travel Services,1556.45,50.1,16.37,1.88,,,0.12,,,0.67,3.16,,1.98,6.06,,-97.9,-10.4,52.63,INR,2026-10-01 11:04:06
YOGI,Yogi Limited,Real Estate,Real Estate - Development,,58.57,,5.1,,,1.78,,,4.83,3.16,16.0,2.8,,,,-45.1,32.19,INR,2026-10-01 11:04:11
YUKEN,Yuken India Limited,Industrials,Specialty Industrial Machinery,1516.38,96.82,,4.06,,,0.31,,,6.83,3.18,13.0,11.53,,,28.7,28.5,274.68,INR,2026-10-01 11:04:14
ZEEMEDIA,Zee Media Corporation Limited,Communication Services,Broadcasting,471.25,,,2.03,,,0.37,,,-5.15,-0.18,,-0.02,,,,4.7,3.54,INR,2026-10-01 11:04:21
ZENITHEXPO,Zenith Exports Limited,Consumer Cyclical,Textile Manufacturing,110.62,379.63,,1.31,,,2.52,,,-12.16,0.48,,0.54,,,,-24.6,156.59,INR,2026-10-01 11:04:23
ZENITHSTL,Zenith Steel Pipes & Industries Limited,Basic Materials,Steel,75.41,20.38,,-0.3,,,,,,-7.7,9.28,,0.26,,,-54.2,-62.1,-17.89,INR,2026-10-01 11:04:25
ZFSTEERING,ZF Steering Gear (India) Limited,Consumer Cyclical,Auto Parts,650.56,32.86,,,,,0.22,,,2.07,3.41,,21.82,,,55.3,7.6,,INR,2026-10-01 11:04:37
ZIMLAB,ZIM Laboratories Limited,Healthcare,Drug Manufacturers - Specialty & Generic,726.07,169.49,,2.45,,,0.43,,,-3.1,0.93,,0.8,,,,31.2,55.35,INR,2026-10-01 11:04:39
ZODIAC,Zodiac Energy Limited,,,,57.64,,2.78,,,2.05,,,9.52,4.32,,3.73,,,161.1,44.6,77.27,INR,2026-10-01 11:04:41
ZODIACLOTH,Zodiac Clothing Company Limited,Consumer Cyclical,Apparel Manufacturing,186.72,,,0.98,,,0.59,,,-27.92,-22.25,,-12.99,,,,-14.8,69.13,INR,2026-10-01 11:04:43
ZSARACOM,Saraswati Commercial (India) Limited,Financial Services,Asset Management,1112.37,8.73,,1.01,,,0.01,,,98.37,80.14,,1163.22,,,169.5,140.2,10049.98,INR,2026-10-01 11:04:47
ZUARI,Zuari Agro Chemicals Limited,Basic Materials,Agricultural Inputs,913.75,0.97,50.53,0.36,,,0.31,,,8.82,36.56,,223.33,4.3,,19.7,-50.6,601.34,INR,2026-10-01 11:04:50
ZUARIIND,Zuari Industries Limited,Industrials,Conglomerates,851.15,7.85,,0.24,,,0.72,,,1.99,9.87,35.0,36.39,,,1047.7,21.2,1215.66,INR,2026-10-01 11:04:52
ZYDUSWELL,Zydus Wellness Limited,Consumer Defensive,Packaged Foods,16063.93,85.29,31.07,2.76,,,0.55,,,12.87,4.15,23.0,5.92,16.25,,-7.0,66.9,183.12,INR,2026-10-01 11:04:57
