instrument_token,tradingsymbol,company_name,isin,listing_date,face_value,tick_size,lot_size
4331777,20MICRONS,20 Microns Limited,INE144J01027,06-OCT-2008,5,0.01,1
1025,21STCENMGM,21st Century Management Services Limited,INE253B01015,03-MAY-1995,10,0.01,1
3343617,360ONE,360 ONE WAM LIMITED,INE466L01038,19-SEP-2019,1,0.1,1
195204609,3BBLACKBIO,3B Blackbio Dx Limited,INE994E01018,20-APR-2026,10,0.1,1
121345,3MINDIA,3M India Limited,INE470A01017,13-AUG-2004,10,5.0,1
664321,3PLAND,3P Land Holdings Limited,INE105C01023,19-JUL-1995,2,0.01,1
113921,5PAISA,5Paisa Capital Limited,INE618L01018,16-NOV-2017,10,0.05,1
3038209,63MOONS,63 moons technologies limited,INE111B01023,20-JUN-2005,2,0.05,1
5351937,A2ZINFRA,A2Z Infra Engineering Limited,INE619I01012,23-DEC-2010,10,0.01,1
3208449,AAATECH,AAA Technologies Limited,INE0D0U01013,28-NOV-2022,10,0.01,1
6074625,AADHARHFC,Aadhar Housing Finance Limited,INE883F01010,15-MAY-2024,10,0.05,1
60161,AAKASH,Aakash Exploration Services Limited,INE087Z01024,29-SEP-2020,1,0.01,1
1342721,AAREYDRUGS,Aarey Drugs & Pharmaceuticals Limited,INE198H01019,06-AUG-2021,10,0.01,1
263681,AARON,Aaron Industries Limited,INE721Z01010,06-NOV-2020,10,0.01,1
1147137,AARTIDRUGS,Aarti Drugs Limited,INE767A01016,19-SEP-2003,10,0.05,1
1793,AARTIIND,Aarti Industries Limited,INE769A01020,08-FEB-1995,5,0.05,1
3550209,AARTIPHARM,Aarti Pharmalabs Limited,INE0LRU01027,30-JAN-2023,5,0.05,1
4882689,AARVI,Aarvi Encon Limited,INE754X01016,24-JUN-2020,10,0.01,1
195532801,AASTHA,Aastha Spintex Limited,INE2FMX01012,06-JUL-2026,10,0.01,1
1378561,AAVAS,Aavas Financiers Limited,INE216P01012,08-OCT-2018,10,0.1,1
195205889,ABANSENT,Abans Enterprises Limited,INE365O01028,20-APR-2026,2,0.01,1
3329,ABB,ABB India Limited,INE117A01022,08-FEB-1995,2,0.5,1
4583169,ABBOTINDIA,Abbott India Limited,INE358A01014,08-JAN-2010,10,5.0,1
5533185,ABCAPITAL,Aditya Birla Capital Limited,INE674K01013,01-SEP-2017,10,0.05,1
194337281,ABCOTS,A B Cotspin India Limited,INE08PH01015,24-SEP-2025,10,0.01,1
6222849,ABDL,Allied Blenders and Distillers Limited,INE552Z01027,02-JUL-2024,2,0.05,1
7707649,ABFRL,Aditya Birla Fashion and Retail Limited,INE647O01011,17-JUL-2013,10,0.01,1
193751809,ABLBL,Aditya Birla Lifestyle Brands Limited,INE14LE01019,23-JUN-2025,10,0.01,1
195207169,ABMKNO,ABM Knowledgeware Limited,INE850B01026,20-APR-2026,5,0.01,1
160001,ABREL,Aditya Birla Real Estate Limited,INE055A01016,27-JUN-2003,10,0.1,1
1540609,ABSLAMC,Aditya Birla Sun Life AMC Limited,INE404A01024,11-OCT-2021,5,0.1,1
5633,ACC,ACC Limited,INE012A01025,20-NOV-1996,10,0.1,1
1805569,ACCELYA,Accelya Solutions India Limited,INE793A01012,01-DEC-1999,10,0.1,1
3478273,ACE,Action Construction Equipment Limited,INE731H01025,26-SEP-2006,2,0.1,1
3015425,ACEINTEG,Ace Integrated Solutions Limited,INE543V01017,04-NOV-2022,10,0.01,1
195726849,ACGL,Automobile Corporation of Goa Limited,INE451C01013,17-AUG-2026,10,0.1,1
3078145,ACI,Archean Chemical Industries Limited,INE128X01021,21-NOV-2022,2,0.05,1
3947521,ACL,Andhra Cements Limited,INE666E01020,10-MAY-2023,10,0.01,1
6927617,ACMESOLAR,Acme Solar Holdings Limited,INE622W01025,13-NOV-2024,2,0.05,1
1427969,ACUTAAS,Acutaas Chemicals Limited,INE00FF01025,14-SEP-2021,5,0.1,1
2615553,ADANIENSOL,Adani Energy Solutions Limited,INE931S01010,31-JUL-2015,10,0.1,1
6401,ADANIENT,Adani Enterprises Limited,INE423A01024,04-JUN-1997,1,0.1,1
912129,ADANIGREEN,Adani Green Energy Limited,INE364U01010,18-JUN-2018,10,0.1,1
3861249,ADANIPORTS,Adani Ports and Special Economic Zone Limited,INE742F01042,27-NOV-2007,2,0.1,1
4451329,ADANIPOWER,Adani Power Limited,INE814H01029,20-AUG-2009,2,0.01,1
195728129,ADDIND,Addi Industries Limited,INE757C01021,17-AUG-2026,5,0.01,1
5058817,ADFFOODS,ADF Foods Limited,INE982B01027,15-SEP-2010,2,0.05,1
62721,ADL,Archidply Decor Limited,INE0CHO01012,01-OCT-2020,10,0.01,1
8705,ADOR,Ador Welding Limited,INE045A01017,10-MAY-1995,10,0.1,1
1267969,ADROITINFO,Adroit Infotech Limited,INE737B01033,13-AUG-1997,10,0.01,1
3792129,ADSL,Allied Digital Services Limited,INE102I01027,25-JUL-2007,5,0.01,1
194728193,ADVAIT,Advait Energy Transitions Limited,INE0ALI01010,20-JAN-2026,10,0.1,1
194406913,ADVANCE,Advance Agrolife Limited,INE1B0W01010,08-OCT-2025,10,0.01,1
3774721,ADVANIHOTR,Advani Hotels & Resorts (India) Limited,INE199C01026,25-JUN-2007,2,0.01,1
194500865,ADVENTHTL,Advent Hotels International Limited,INE28GN01010,13-NOV-2025,10,0.01,1
4617985,ADVENZYMES,Advanced Enzyme Technologies Limited,INE837H01020,01-AUG-2016,2,0.05,1
195843841,ADVIKCA,Advik Capital Limited,INE178T01024,17-AUG-2026,1,0.01,1
10241,AEGISLOG,Aegis Logistics Limited,INE208C01025,03-APR-1996,1,0.1,1
193878017,AEGISVOPAK,Aegis Vopak Terminals Limited,INE0INX01018,02-JUN-2025,10,0.05,1
194900481,AEPL,Artemis Electricals and Projects Limited,INE757T01025,12-MAR-2026,1,0.01,1
194619905,AEQUS,Aequs Limited,INE947N01017,10-DEC-2025,10,0.01,1
3075841,AEROENTER,Aeroflex Enterprises Limited,INE065D01027,21-NOV-2022,2,0.01,1
4676609,AEROFLEX,Aeroflex Industries Limited,INE024001021,31-AUG-2023,2,0.05,1
3504385,AERONEU,Aeroflex Neu Limited,INE035801013,12-JAN-2023,10,0.01,1
194987521,AEROPLANE,Amir Chand Jagdish Kumar (Exports) Limited,INE05TO01019,02-APR-2026,10,0.01,1
2511361,AETHER,Aether Industries Limited,INE0BWX01014,03-JUN-2022,10,0.1,1
6650113,AFCONS,Afcons Infrastructure Limited,INE101I01011,04-NOV-2024,10,0.05,1
2903809,AFFLE,Affle 3i Limited,INE00WC01027,08-AUG-2019,2,0.1,1
6618881,AFFORDABLE,Affordable Robotic & Automation Limited,INE692Z01013,23-OCT-2024,10,0.01,1
6184705,AFIL,Akme Fintrade (India) Limited,INE916Y01027,26-JUN-2024,1,0.01,1
3401729,AFSL,Abans Financial Services Limited,INE00ZE01026,23-DEC-2022,2,0.01,1
867585,AGARIND,Agarwal Industrial Corporation Limited,INE204E01012,26-MAY-2014,10,0.05,1
7539713,AGARWALEYE,Dr. Agarwal's Health Care Limited,INE943P01029,04-FEB-2025,1,0.05,1
361473,AGI,AGI Greenpac Limited,INE415A01038,31-MAY-2000,2,0.05,1
6257921,AGIIL,Agi Infra Limited,INE976R01033,15-JUL-2024,1,0.05,1
195528705,AGL,Allcargo Global Limited,INE1YPB01014,03-JUL-2026,2,0.01,1
2834433,AGRITECH,Agri-Tech (India) Limited,INE449G01018,28-JAN-2014,10,0.01,1
2315777,AGROPHOS,Agro Phos India Limited,INE740V01019,08-MAR-2019,10,0.01,1
194295809,AHCL,Anlon Healthcare Limited,INE0Y8W01025,03-SEP-2025,2,0.01,1
513025,AHLADA,Ahlada Engineers Limited,INE00PV01013,28-JAN-2021,10,0.01,1
4976129,AHLEAST,Asian Hotels (East) Limited,INE926K01017,11-AUG-2010,10,0.01,1
4565249,AHLUCONT,Ahluwalia Contracts (India) Limited,INE758C01029,14-DEC-2009,2,0.05,1
3350017,AIAENG,AIA Engineering Limited,INE212H01026,14-DEC-2005,2,0.1,1
6029569,AIIL,Authum Investment & Infrastructure Limited,INE206F01022,23-APR-2024,1,0.05,1
2533633,AIRAN,Airan Limited,INE645W01026,03-MAY-2019,2,0.01,1
1553409,AIROLAM,Airo Lam limited,INE801L01010,13-OCT-2021,10,0.01,1
2079745,AJANTPHARM,Ajanta Pharma Limited,INE031B01049,29-MAY-2000,2,0.1,1
7583745,AJAXENGG,Ajax Engineering Limited,INE274Y01021,17-FEB-2025,1,0.05,1
4430593,AJMERA,Ajmera Realty & Infra India Limited,INE298G01035,16-JUN-2009,2,0.01,1
871169,AJOONI,Ajooni Biotech Limited,INE820Y01021,07-MAY-2021,2,0.01,1
3458561,AKASH,Akash Infra-Projects Limited,INE737W01013,11-OCT-2019,10,0.01,1
195209729,AKCAPIT,AK Capital Services Limited,INE701G01012,20-APR-2026,10,0.1,1
557057,AKG,Akg Exim Limited,INE00Y801016,16-FEB-2021,10,0.01,1
2446849,AKSHAR,Akshar Spintex Limited,INE256Z01025,23-MAY-2022,1,0.01,1
6327041,AKUMS,Akums Drugs and Pharmaceuticals Limited,INE09XN01023,06-AUG-2024,2,0.05,1
2539777,ALANKIT,Alankit Limited,INE914E01040,30-JUN-2015,1,0.01,1
4417537,ALBERTDAVD,Albert David Limited,INE155C01010,14-JUN-2016,10,0.05,1
20225,ALEMBICLTD,Alembic Limited,INE426A01027,22-SEP-1999,2,0.01,1
195730689,ALFREDHE,Alfred Herbert India Limited,INE782D01027,17-AUG-2026,10,0.1,1
194885121,ALGOQUANT,Algoquant Fintech Limited,INE598D01035,06-JAN-2026,1,0.01,1
3495937,ALICON,Alicon Castalloy Limited,INE062D01024,29-SEP-2006,5,0.05,1
1347841,ALIVUS,Alivus Life Sciences Limited,INE03Q201024,06-AUG-2021,2,0.1,1
4341505,ALKALI,Alkali Metals Limited,INE773I01017,06-NOV-2008,10,0.01,1
2995969,ALKEM,Alkem Laboratories Limited,INE540L01014,23-DEC-2015,2,0.5,1
1148673,ALKYLAMINE,Alkyl Amines Chemicals Limited,INE150B01039,26-NOV-2007,2,0.1,1
3456257,ALLCARGO,Allcargo Logistics Limited,INE418H01029,23-JUN-2006,2,0.01,1
3020289,ALLDIGI,Alldigi Tech Limited,INE835G01018,09-MAY-2005,10,0.05,1
194162689,ALLTIME,All Time Plastics Limited,INE0GV601021,14-AUG-2025,2,0.01,1
4280065,ALMONDZ,Almondz Global Securities Limited,INE326B01035,16-JUN-2008,1,0.01,1
4524801,ALOKINDS,Alok Industries Limited,INE270A01029,19-FEB-2020,1,0.01,1
3801089,ALPA,Alpa Laboratories Limited,INE385I01010,06-AUG-2007,10,0.01,1
195631617,ALPINETEX,Alpine Texworld Limited,INE1JCQ01037,21-JUL-2026,10,0.01,1
195731969,ALUFLUOR,Alufluoride Limited,INE058F01019,17-AUG-2026,10,0.05,1
194749441,AMAGI,Amagi Media Labs Limited,INE121R01077,21-JAN-2026,5,0.05,1
195733249,AMAL,Amal Limited,INE841D01013,17-AUG-2026,10,0.05,1
195734529,AMARJOTHI,Amarjothi Spinning Mills Limited,INE484D01012,17-AUG-2026,10,0.01,1
303361,AMBER,Amber Enterprises India Limited,INE371P01015,30-JAN-2018,10,0.5,1
2942977,AMBICAAGAR,Ambica Agarbathies & Aroma industries Limited,INE792B01012,29-JUN-2004,10,0.01,1
3899905,AMBIKCO,Ambika Cotton Mills Limited,INE540G01014,29-JAN-2008,10,0.1,1
325121,AMBUJACEM,Ambuja Cements Limited,INE079A01024,18-FEB-1998,2,0.05,1
3685889,AMDIND,AMD Industries Limited,INE005I01014,19-MAR-2007,10,0.01,1
665089,AMJLAND,Amj Land Holdings Limited,INE606A01024,08-FEB-1995,2,0.01,1
5085953,AMNPLST,Amines & Plasticizers Limited,INE275D01022,10-NOV-2023,2,0.01,1
4492033,AMRUTANJAN,Amrutanjan Health Care Limited,INE098F01031,02-JAN-2015,1,0.05,1
1829121,ANANDRATHI,Anand Rathi Wealth Limited,INE463V01026,14-DEC-2021,5,0.1,1
3486721,ANANTRAJ,Anant Raj Limited,INE242C01024,27-SEP-2006,2,0.05,1
42497,ANDHRAPAP,ANDHRA PAPER LIMITED,INE435A01051,13-MAY-2004,2,0.01,1
34817,ANDHRSUGAR,The Andhra Sugars Limited,INE715B01021,01-NOV-1995,2,0.01,1
1332737,ANDREWYU,Andrew Yule & Company Limited,INE449C01025,17-AUG-2026,2,0.01,1
82945,ANGELONE,Angel One Limited,INE732I01021,05-OCT-2020,1,0.05,1
4264193,ANIKINDS,Anik Industries Limited,INE087B01017,21-MAY-2008,10,0.01,1
954113,ANMOL,Anmol India Limited,INE02AR01019,04-JUN-2021,10,0.01,1
195704577,ANNAPURNA,Annapurna Swadisht Limited,INE0MGM01017,12-AUG-2026,10,0.01,1
195845121,ANSALBU,Ansal Buildwell Limited,INE030C01015,17-AUG-2026,10,0.01,1
3481089,ANTELOPUS,Antelopus Selan Energy Limited,INE818A01017,26-SEP-2006,10,0.05,1
1329665,ANTGRAPHIC,Antarctica Limited,INE414B01021,31-DEC-1997,1,0.01,1
194018561,ANTHEM,Anthem Biosciences Limited,INE0CZ201020,21-JUL-2025,2,0.05,1
7248385,ANUHPHR,Anuh Pharma Limited,INE489G01022,20-DEC-2024,5,0.01,1
2307585,ANUP,The Anup Engineering Limited,INE294Z01018,01-MAR-2019,10,0.1,1
724225,ANURAS,Anupam Rasayan India Limited,INE930P01018,24-MAR-2021,10,0.1,1
2941697,APARINDS,Apar Industries Limited,INE372A01015,12-JUL-2004,10,1.0,1
5235969,APCL,Anjani Portland Cement Limited,INE071F01012,10-APR-2017,10,0.01,1
39425,APCOTEXIND,Apcotex Industries Limited,INE116A01032,06-SEP-1995,2,0.05,1
5535489,APEX,Apex Frozen Foods Limited,INE346W01013,04-SEP-2017,10,0.05,1
6599681,APLAPOLLO,APL Apollo Tubes Limited,INE702C01027,14-DEC-2011,2,0.1,1
6483969,APLLTD,Alembic Pharmaceuticals Limited,INE901L01018,20-SEP-2011,2,0.05,1
290305,APOLLO,Apollo Micro Systems Limited,INE713T01028,22-JAN-2018,1,0.05,1
40193,APOLLOHOSP,Apollo Hospitals Enterprise Limited,INE437A01024,10-JAN-1996,5,0.5,1
3676417,APOLLOPIPE,Apollo Pipes Limited,INE126J01016,11-NOV-2019,10,0.05,1
41729,APOLLOTYRE,Apollo Tyres Limited,INE438A01022,31-MAY-1995,1,0.05,1
1613313,APOLSINHOT,Apollo Sindoori Hotels Limited,INE451F01024,28-JAN-2015,5,0.1,1
195735809,APOORVA,Apoorva Leasing Finance and Investment Company Limited,INE217S01014,17-AUG-2026,10,0.01,1
1391361,APTUS,Aptus Value Housing Finance India Limited,INE852O01025,24-AUG-2021,2,0.01,1
5981441,AQYLON,Aqylon Nexus Limited,INE416A01051,01-APR-2024,1,0.01,1
4299521,ARCHIDPLY,Archidply Industries Limited,INE877I01016,04-JUL-2008,10,0.01,1
1456129,ARCHIES,Archies Limited,INE731A01020,02-SEP-1998,2,0.01,1
195737089,ARCL,ARCL Organics Limited,INE372M01010,17-AUG-2026,10,0.01,1
195706881,ARDEE,Ardee Industries Limited,INE0XNF01022,12-AUG-2026,2,0.01,1
25601,ARE&M,Amara Raja Energy & Mobility Limited,INE885A01032,05-SEP-2003,1,0.05,1
46337,ARENTERP,Rajdarshan Industries Limited,INE610C01014,18-OCT-1995,10,0.01,1
194227201,ARFIN,Arfin India Limited,INE784R01023,22-JUL-2025,1,0.01,1
3554561,ARIHANT,Arihant Foundations & Housing Limited,INE413D01011,20-APR-2026,10,0.05,1
976129,ARIHANTCAP,Arihant Capital Markets Limited,INE420B01036,15-JUN-2021,1,0.01,1
5160705,ARIHANTSUP,Arihant Superstructures Limited,INE643K01018,28-MAR-2017,10,0.05,1
193949185,ARIS,Arisinfra Solutions Limited,INE0H9P01028,25-JUN-2025,2,0.01,1
6501889,ARKADE,Arkade Developers Limited,INE0QRL01017,24-SEP-2024,10,0.01,1
4419329,ARMANFIN,Arman Financial Services Limited,INE109C01017,14-JUN-2016,10,0.1,1
3726593,AROGRANITE,Aro Granite Industries Limited,INE210C01013,24-APR-2007,10,0.01,1
194548737,ARSSBL,Anand Rathi Share and Stock Brokers Limited,INE549H01021,30-SEP-2025,5,0.05,1
4329729,ARTEMISMED,Artemis Medicare Services Limited,INE025R01021,23-JAN-2020,1,0.05,1
1575937,ARTNIRMAN,Art Nirman Limited,INE738V01013,18-OCT-2021,10,0.01,1
720385,ARVEE,Arvee Laboratories (India) Limited,INE006Z01016,22-MAR-2021,10,0.01,1
49409,ARVIND,Arvind Limited,INE034A01011,08-FEB-1995,10,0.05,1
2332417,ARVINDFASN,Arvind Fashions Limited,INE955V01021,08-MAR-2019,4,0.05,1
2676993,ARVSMART,Arvind SmartSpaces Limited,INE034S01021,26-AUG-2015,10,0.05,1
195738369,ARYAMAN,Aryaman Financial Services Limited,INE032E01017,17-AUG-2026,10,0.05,1
1376769,ASAHIINDIA,Asahi India Glass Limited,INE439A01020,18-MAR-1998,1,0.05,1
2722305,ASAL,Automotive Stampings and Assemblies Limited,INE900C01027,12-MAR-2002,10,0.05,1
4505089,ASALCBR,Associated Alcohols & Breweries Ltd.,INE073G01016,12-FEB-2020,10,0.05,1
51969,ASHAPURMIN,Ashapura Minechem Limited,INE348A01023,20-SEP-1995,2,0.05,1
6247169,ASHIANA,Ashiana Housing Limited,INE365D01021,29-JUN-2011,2,0.05,1
52737,ASHIMASYN,Ashima Limited,INE440A01010,27-JUL-1995,10,0.01,1
5166593,ASHOKA,Ashoka Buildcon Limited,INE442H01029,14-OCT-2010,5,0.01,1
4337409,ASHOKAMET,Ashoka Metcast Limited,INE760Y01011,27-JUN-2023,10,0.01,1
54273,ASHOKLEY,Ashok Leyland Limited,INE208A01029,25-MAY-1995,1,0.01,1
1799681,ASIANENE,Asian Energy Services Limited,INE276G01015,09-DEC-2021,10,0.05,1
4716033,ASIANHOTNR,Asian Hotels (North) Limited,INE363A01022,07-APR-2010,10,0.05,1
60417,ASIANPAINT,Asian Paints Limited,INE021A01026,31-MAY-1995,1,0.1,1
3811585,ASIANTILES,Asian Granito India Limited,INE022I01019,23-AUG-2007,10,0.01,1
195846401,ASIANTNE,Asian Tea & Exports Limited,INE822B01017,17-AUG-2026,10,0.01,1
5158913,ASKAUTOLTD,ASK Automotive Limited,INE491J01022,15-NOV-2023,2,0.05,1
4421121,ASPINWALL,Aspinwall and Company Limited,INE991I01015,14-JUN-2016,10,0.05,1
195900673,ASSAMENT,Assam Entrade Limited,INE165G01010,17-AUG-2026,10,0.05,1
195213569,ASTAR,Asian Star Company Limited,INE194D01017,20-APR-2026,10,0.05,1
4538369,ASTEC,Astec LifeSciences Limited,INE563J01010,25-NOV-2009,10,0.05,1
386049,ASTERDM,Aster DM Quality Care Limited,INE914M01019,26-FEB-2018,10,0.05,1
3691009,ASTRAL,Astral Limited,INE006I01046,20-MAR-2007,1,0.1,1
2974209,ASTRAMICRO,Astra Microwave Products Limited,INE386C01029,01-NOV-2004,2,0.1,1
1436161,ASTRAZEN,AstraZeneca Pharma India Limited,INE203A01020,04-MAY-2001,2,0.5,1
4006145,ATALREAL,Atal Realtech Limited,INE0ALR01029,12-MAY-2023,2,0.01,1
3943425,ATAM,Atam Valves Limited,INE09KD01013,10-MAY-2023,10,0.01,1
1552897,ATGL,Adani Total Gas Limited,INE399L01023,05-NOV-2018,1,0.05,1
193957121,ATHERENERG,Ather Energy Limited,INE0LEZ01016,06-MAY-2025,1,0.1,1
4551169,ATL,Allcargo Terminals Limited,INE0NN701020,10-AUG-2023,2,0.01,1
3477761,ATLANTAA,ATLANTAA LIMITED,INE285H01022,25-SEP-2006,2,0.01,1
194305793,ATLANTAELE,Atlanta Electricals Limited,INE0Z4F01028,29-SEP-2025,2,0.1,1
1169409,ATLASCYCLE,Atlas Cycles (Haryana) Limited,INE446A01025,23-OCT-1996,5,0.01,1
67329,ATUL,Atul Limited,INE100A01010,06-MAY-1998,10,0.5,1
7685889,ATULAUTO,Atul Auto Limited,INE951D01028,26-JUN-2013,5,0.05,1
5436929,AUBANK,AU Small Finance Bank Limited,INE949L01017,10-JUL-2017,10,0.1,1
195955457,AUGMONT,Augmont Enterprises Limited,INE16W401027,31-AUG-2026,5,0.05,1
3077633,AURIONPRO,Aurionpro Solutions Limited,INE132H01018,25-OCT-2005,10,0.05,1
70401,AUROPHARMA,Aurobindo Pharma Limited,INE406A01037,19-JUL-2000,1,0.1,1
2639361,AURUM,Aurum PropTech Limited,INE898S01029,19-AUG-2015,5,0.01,1
8055809,AURUS,AURUS GEM CORPORATION LIMITED,INE142K01011,05-NOV-2013,10,0.01,1
1033473,AUSOMENT,Ausom Enterprise Limited,INE218C01016,17-APR-1996,10,0.01,1
195739649,AUSTENG,Austin Engineering Company  Limited,INE759F01012,17-AUG-2026,10,0.01,1
71169,AUTOAXLES,Automotive Axles Limited,INE449A01011,29-MAY-2003,10,0.1,1
3611137,AUTOIND,Autoline Industries Limited,INE718H01014,31-JAN-2007,10,0.01,1
5479937,AVADHSUGAR,Avadh Sugar & Energy Limited,INE349W01017,28-JUL-2017,10,0.05,1
3854849,AVALON,Avalon Technologies Limited,INE0LCL01028,18-APR-2023,2,0.1,1
195847681,AVANCE,Avance Technologies Limited,INE758A01072,17-AUG-2026,1,0.01,1
6300161,AVANTEL,Avantel Limited,INE005B01027,31-JUL-2024,2,0.01,1
2031617,AVANTIFEED,Avanti Feeds Limited,INE871C01038,15-APR-2015,1,0.05,1
6651905,AVL,Aditya Vision Limited,INE679V01027,06-NOV-2024,1,0.05,1
3470593,AVONMORE,Avonmore Capital & Management Services Limited,INE323B01024,04-JAN-2023,1,0.01,1
2259713,AVROIND,AVRO INDIA LIMITED,INE652Z01025,07-APR-2022,1,0.01,1
3586049,AVTNPL,AVT Natural Products Limited,INE488D01021,10-JAN-2007,1,0.01,1
6109185,AWFIS,Awfis Space Solutions Limited,INE108V01019,30-MAY-2024,10,0.05,1
460033,AWHCL,Antony Waste Handling Cell Limited,INE01BK01022,01-JAN-2021,5,0.05,1
2076161,AWL,AWL Agri Business Limited,INE699H01024,08-FEB-2022,1,0.01,1
1510401,AXISBANK,Axis Bank Limited,INE238A01034,16-NOV-1998,2,0.1,1
2415617,AXISCADES,AXISCADES Technologies Limited,INE555B01013,21-DEC-2000,5,0.1,1
2534913,AXITA,Axita Cotton Limited,INE02EZ01022,21-JUN-2022,1,0.01,1
195740929,AXTEL,Axtel Industries Limited,INE767C01012,17-AUG-2026,10,0.05,1
194811137,AYE,Aye Finance Limited,INE501X01029,16-FEB-2026,2,0.01,1
2632961,AYMSYNTEX,AYM Syntex Limited,INE193B01039,14-AUG-2015,10,0.05,1
5351681,AZAD,Azad Engineering Limited,INE02IJ01035,28-DEC-2023,2,0.1,1
195848961,AZADIND,Azad India Mobility Limited,INE566M01017,17-AUG-2026,10,0.01,1
2873857,BAGFILMS,B.A.G Films and Media Limited,INE116D01028,17-OCT-2003,2,0.01,1
3531265,BAIDFIN,Baid Finserv Limited,INE020D01022,20-JAN-2023,2,0.01,1
4267265,BAJAJ-AUTO,Bajaj Auto Limited,INE917I01010,26-MAY-2008,10,1.0,1
4999937,BAJAJCON,Bajaj Consumer Care Limited,INE933K01021,18-AUG-2010,1,0.05,1
3848705,BAJAJELEC,Bajaj Electricals Limited,INE193E01025,02-NOV-2007,2,0.05,1
4268801,BAJAJFINSV,Bajaj Finserv Limited,INE918I01026,26-MAY-2008,1,0.1,1
1756929,BAJAJHCARE,Bajaj Healthcare Limited,INE411U01027,25-NOV-2021,5,0.05,1
6469121,BAJAJHFL,Bajaj Housing Finance Limited,INE377Y01014,16-SEP-2024,10,0.01,1
78849,BAJAJHIND,Bajaj Hindusthan Sugar Limited,INE306A01021,10-MAY-1995,1,0.01,1
78081,BAJAJHLDNG,Bajaj Holdings & Investment Limited,INE118A01012,15-MAR-1995,10,1.0,1
7597569,BAJAJINDEF,Indef Manufacturing Limited,INE0O9T01021,21-FEB-2025,1,0.01,1
195216129,BAJAJST,Bajaj Steel Industries Limited,INE704G01024,20-APR-2026,5,0.05,1
5255937,BAJEL,Bajel Projects Limited,INE0KQN01018,19-DEC-2023,2,0.01,1
81153,BAJFINANCE,Bajaj Finance Limited,INE296A01032,01-APR-2003,1,0.1,1
6451969,BALAJEE,Shree Tirupati Balajee Agro Trading Company Limited,INE0S2G01011,12-SEP-2024,10,0.01,1
2344449,BALAJITELE,Balaji Telefilms Limited,INE794B01026,22-NOV-2000,2,0.01,1
3712257,BALAMINES,Balaji Amines Limited,INE050E01027,05-APR-2007,2,0.1,1
2895105,BALAXI,BALAXI PHARMACEUTICALS LIMITED,INE618N01022,30-NOV-2015,2,0.01,1
2606337,BALKRISHNA,Balkrishna Paper Mills Limited,INE875R01011,28-JUL-2015,10,0.01,1
85761,BALKRISIND,Balkrishna Industries Limited,INE787D01026,27-JAN-2006,2,0.1,1
86529,BALMLAWRIE,Balmer Lawrie & Company Limited,INE164A01016,06-JUL-1995,10,0.01,1
3440897,BALPHARMA,Bal Pharma Limited,INE083D01012,08-MAY-2006,10,0.01,1
87297,BALRAMCHIN,Balrampur Chini Mills Limited,INE119A01028,08-FEB-1995,1,0.05,1
6043393,BALUFORGE,Balu Forge Industries Limited,INE011E01029,29-APR-2024,10,0.05,1
88833,BANARBEADS,Banaras Beads Limited,INE655B01011,07-JUL-1995,10,0.01,1
89601,BANARISUG,Bannari Amman Sugars Limited,INE459A01010,28-MAY-2003,10,0.1,1
3553281,BANCOINDIA,Banco Products (I) Limited,INE213C01025,22-DEC-2006,2,0.05,1
579329,BANDHANBNK,Bandhan Bank Limited,INE545U01014,27-MAR-2018,10,0.01,1
3917569,BANG,Bang Overseas Limited,INE863I01016,20-FEB-2008,10,0.01,1
210433,BANKA,Banka BioLoo Limited,INE862Y01015,29-OCT-2020,10,0.01,1
1195009,BANKBARODA,Bank of Baroda,INE028A01039,19-FEB-1997,2,0.01,1
1214721,BANKINDIA,Bank of India,INE084A01016,30-APR-1997,10,0.01,1
6242817,BANSALWIRE,Bansal Wire Industries Limited,INE0B9K01025,10-JUL-2024,5,0.05,1
3714817,BANSWRAS,Banswara Syntex Limited,INE629D01020,11-APR-2007,5,0.01,1
94209,BASF,BASF India Limited,INE373A01013,17-MAY-1995,10,0.1,1
94977,BATAINDIA,Bata India Limited,INE176A01028,18-JUN-2003,5,0.05,1
195217409,BATLIBOI,Batliboi Limited,INE177C01022,20-APR-2026,5,0.01,1
4589313,BAYERCROP,Bayer Cropscience Limited,INE462A01022,08-JAN-2010,10,0.1,1
3522817,BBL,Bharat Bijlee Limited,INE464A01036,21-NOV-2006,5,0.1,1
879361,BBOX,Black Box Limited,INE676A01027,22-JUL-2003,2,0.05,1
97281,BBTC,The Bombay Burmah Trading Corporation Limited,INE050A01025,03-APR-1996,2,0.1,1
3111169,BBTCL,B&B Triplewall Containers Limited,INE01EE01011,23-NOV-2022,10,0.01,1
2261249,BCG,Brightcom Group Limited,INE425B01027,08-MAY-2015,2,0.01,1
643329,BCLIND,Bcl Industries Limited,INE412G01024,04-MAR-2021,1,0.01,1
1991681,BCONCEPTS,Brand Concepts Limited,INE977Y01011,11-JAN-2022,10,0.01,1
194942465,BCPL,BCPL Railway Infrastructure Limited,INE00SW01015,27-MAR-2026,10,0.01,1
548865,BDL,Bharat Dynamics Limited,INE171Z01026,23-MAR-2018,5,0.1,1
4590849,BEARDSELL,Beardsell Limited,INE520H01022,13-JAN-2015,2,0.01,1
416769,BECTORFOOD,Mrs. Bectors Food Specialities Limited,INE495P01020,24-DEC-2020,2,0.01,1
5170177,BEDMUTHA,Bedmutha Industries Limited,INE844K01012,14-OCT-2010,10,0.01,1
195218689,BEEKAY,Beekay Steel Industries Limited,INE213D01015,20-APR-2026,10,0.05,1
98049,BEL,Bharat Electronics Limited,INE263A01024,19-JUL-2000,1,0.05,1
194032129,BELLACASA,Bella Casa Fashion & Retail Limited,INE344T01014,18-JUL-2025,10,0.01,1
193818113,BELRISE,Belrise Industries Limited,INE894V01022,28-MAY-2025,5,0.01,1
101121,BEML,BEML Limited,INE258A01024,05-NOV-2003,5,0.1,1
195742209,BENARAS,Benares Hotels Limited,INE664D01019,17-AUG-2026,10,1.0,1
195219969,BENGALASM,Bengal & Assam Company Limited,INE083K01017,20-APR-2026,10,0.5,1
107265,BEPL,Bhansali Engineering Polymers Limited,INE922A01025,21-MAR-2005,1,0.01,1
103425,BERGEPAINT,Berger Paints (I) Limited,INE463A01038,24-NOV-1999,1,0.05,1
590337,BESTAGRO,Best Agrolife Limited,INE052T01021,10-APR-2024,1,0.01,1
194519553,BETA,Beta Drugs Limited,INE351Y01019,24-NOV-2025,10,0.1,1
5404929,BFINVEST,BF Investment Limited,INE878K01010,14-JAN-2011,5,0.05,1
3729153,BFUTILITIE,BF Utilities Limited,INE243D01012,03-MAY-2007,5,0.05,1
1577985,BHAGCHEM,Bhagiradha Chemicals & Industries Limited,INE414D01027,18-OCT-2021,1,0.05,1
5318657,BHAGYANGR,Bhagyanagar India Limited,INE458B01036,17-MAY-2017,2,0.05,1
5006337,BHANDARI,Bhandari Hosiery Exports Limited,INE474E01029,30-JAN-2017,1,0.01,1
194745857,BHARATCOAL,Bharat Coking Coal Limited,INE05XR01022,19-JAN-2026,10,0.01,1
108033,BHARATFORG,Bharat Forge Limited,INE465A01025,04-APR-2003,2,0.1,1
981505,BHARATRAS,Bharat Rasayan Limited,INE838B01021,11-OCT-1995,5,0.1,1
7742465,BHARATSE,Bharat Seats Limited,INE415D01024,24-MAR-2025,2,0.01,1
4127489,BHARATWIRE,Bharat Wire Ropes Limited,INE316L01019,01-APR-2016,10,0.01,1
2714625,BHARTIARTL,Bharti Airtel Limited,INE397D01024,15-FEB-2002,5,0.1,1
6013185,BHARTIHEXA,Bharti Hexacom Limited,INE343G01021,12-APR-2024,5,0.1,1
112129,BHEL,Bharat Heavy Electricals Limited,INE257A01026,11-NOV-2003,2,0.05,1
4718337,BIGBLOC,Bigbloc Construction Limited,INE412U01025,02-SEP-2016,2,0.01,1
3063297,BIKAJI,Bikaji Foods International Limited,INE00E101023,16-NOV-2022,1,0.05,1
2009089,BIL,Bhartiya International Limited,INE828A01016,12-APR-2000,10,0.05,1
195222529,BIMETAL,Bimetal Bearings Limited,INE469A01019,20-APR-2026,10,0.05,1
2911489,BIOCON,Biocon Limited,INE376G01013,07-APR-2004,5,0.05,1
1058817,BIOFILCHEM,Biofil Chemicals & Pharmaceuticals Limited,INE829A01014,12-JUN-1996,10,0.01,1
122113,BIRLACABLE,Birla Cable Limited,INE800A01015,06-DEC-1995,10,0.05,1
122881,BIRLACORPN,Birla Corporation Limited,INE340A01012,12-APR-1995,10,0.05,1
3901185,BIRLAMONEY,Aditya Birla Money Limited,INE865C01022,07-FEB-2008,1,0.01,1
372481,BIRLANU,BirlaNu Limited,INE557A01011,26-APR-1995,10,0.1,1
6948865,BLACKBUCK,BLACKBUCK LIMITED,INE0UIZ01018,22-NOV-2024,1,0.05,1
3857153,BLAL,BEML Land Assets Limited,INE0N7W01012,19-APR-2023,10,0.01,1
2081793,BLBLIMITED,BLB Limited,INE791A01024,31-MAY-2000,1,0.01,1
195914497,BLEL,Behari Lal Engineering Limited,INE1EEM01017,19-AUG-2026,10,0.05,1
195226369,BLIL,Balmer Lawrie Investments Limited,INE525F01025,20-APR-2026,1,0.01,1
3402241,BLKASHYAP,B. L. Kashyap and Sons Limited,INE350H01032,17-MAR-2006,1,0.01,1
4423425,BLS,BLS International Services Limited,INE153T01027,14-JUN-2016,1,0.01,1
5776897,BLSE,BLS E-Services Limited,INE0NLT01010,06-FEB-2024,10,0.05,1
195850241,BLUECLOUDS,Blue Cloud Softech Solutions Limited,INE373T01047,17-AUG-2026,1,0.01,1
1914881,BLUECOAST,Blue Coast Hotels Limited,INE472B01011,16-FEB-2000,10,0.01,1
126721,BLUEDART,Blue Dart Express Limited,INE233B01017,12-DEC-2002,10,0.1,1
5039617,BLUEJET,Blue Jet Healthcare Limited,INE0KBH01020,01-NOV-2023,2,0.05,1
2127617,BLUESTARCO,Blue Star Limited,INE472A01039,15-JUN-2000,2,0.1,1
194378497,BLUESTONE,BlueStone Jewellery and Lifestyle Limited,INE304W01038,19-AUG-2025,1,0.05,1
193925121,BLUSPRING,Bluspring Enterprises Limited,INE0U4101014,11-JUN-2025,10,0.01,1
194369537,BMWVENTLTD,BMW Ventures Limited,INE965W01036,01-OCT-2025,10,0.01,1
195227649,BNAGROCHEM,BN Agrochem Limited,INE00HZ01011,20-APR-2026,10,0.01,1
6404353,BODALCHEM,Bodal Chemicals Limited,INE338D01028,22-AUG-2011,2,0.01,1
2979841,BOHRAIND,Bohra Industries Limited,INE802W01023,27-OCT-2022,10,0.01,1
131329,BOMDYEING,Bombay Dyeing & Mfg Company Limited,INE032A01023,26-APR-1995,2,0.01,1
194830337,BONLON,Bonlon Industries Limited,INE0B9A01018,20-FEB-2026,10,0.01,1
194027265,BORANA,Borana Weaves Limited,INE16SF01016,27-MAY-2025,10,0.05,1
4966657,BOROLTD,Borosil Limited,INE02PY01013,22-JUL-2020,1,0.01,1
806145,BORORENEW,BOROSIL RENEWABLES LIMITED,INE666D01022,25-MAY-2018,1,0.05,1
6147585,BOROSCI,Borosil Scientific Limited,INE02L001032,07-JUN-2024,1,0.01,1
1149697,BOSCH-HCIL,BOSCH HOME COMFORT INDIA LIMITED,INE782A01015,03-JAN-2000,10,0.1,1
558337,BOSCHLTD,Bosch Limited,INE323A01026,12-MAY-2003,10,5.0,1
134657,BPCL,Bharat Petroleum Corporation Limited,INE029A01011,13-SEP-1995,10,0.05,1
135681,BPL,BPL Limited,INE110A01019,14-JUN-1995,10,0.01,1
195743489,BPLPHARMA,Bharat Parenterals Limited,INE365Y01019,17-AUG-2026,10,0.1,1
195744769,BRAHMINFRA,Brahmaputra Infrastructure Limited,INE320I01017,17-AUG-2026,10,0.01,1
3887105,BRIGADE,Brigade Enterprises Limited,INE791I01019,31-DEC-2007,10,0.05,1
193995265,BRIGHOTEL,Brigade Hotel Ventures Limited,INE03NU01014,31-JUL-2025,10,0.01,1
195746049,BRIGHTBR,Bright Brothers Limited,INE630D01010,17-AUG-2026,10,0.05,1
140033,BRITANNIA,Britannia Industries Limited,INE216A01030,05-NOV-1998,1,0.5,1
5550849,BRNL,Bharat Road Network Limited,INE727S01012,18-SEP-2017,10,0.01,1
6434817,BROOKS,Brooks Laboratories Limited,INE650L01011,05-SEP-2011,10,0.01,1
5013761,BSE,BSE Limited,INE118H01025,03-FEB-2017,2,0.1,1
207105,BSHSL,Bombay Super Hybrid Seeds Limited,INE032Z01020,28-OCT-2020,1,0.01,1
143105,BSL,BSL Limited,INE594B01012,27-JUL-1995,10,0.01,1
1790465,BSOFT,BIRLASOFT LIMITED,INE836A01035,24-NOV-1999,2,0.05,1
3622401,BTML,Bodhi Tree Multimedia Limited,INE0EEJ01023,15-FEB-2023,1,0.01,1
194712065,BUILDPRO,Shankara Buildpro Limited,INE24OJ01011,09-JAN-2026,10,0.1,1
695297,BUTTERFLY,Butterfly Gandhimathi Appliances Limited,INE295F01017,28-APR-2014,10,0.05,1
3858689,BVCL,Barak Valley Cements Limited,INE139I01011,23-NOV-2007,10,0.01,1
1591297,CAMLINFINE,Camlin Fine Sciences Limited,INE052I01032,20-JAN-2015,1,0.01,1
2396673,CAMPUS,Campus Activewear Limited,INE278Y01022,09-MAY-2022,5,0.01,1
87553,CAMS,Computer Age Management Services Limited,INE596I01020,07-MAY-2021,2,0.05,1
2763265,CANBK,Canara Bank,INE476A01022,23-DEC-2002,2,0.01,1
149249,CANFINHOME,Can Fin Homes Limited,INE477A01020,10-MAY-1995,2,0.05,1
194426113,CANHLIFE,Canara HSBC Life Insurance Company Limited,INE01TY01017,17-OCT-2025,10,0.01,1
5160961,CANTABIL,Cantabil Retail India Limited,INE068L01024,12-OCT-2010,2,0.01,1
5567745,CAPACITE,Capacit'e Infraprojects Limited,INE264T01014,25-SEP-2017,10,0.01,1
194525953,CAPILLARY,Capillary Technologies India Limited,INE0ILV01024,21-NOV-2025,2,0.05,1
5804801,CAPITALSFB,Capital Small Finance Bank Limited,INE646H01017,14-FEB-2024,10,0.05,1
999937,CAPLIPOINT,Caplin Point Laboratories Limited,INE475E01026,23-JUN-2014,2,0.1,1
152321,CARBORUNIV,Carborundum Universal Limited,INE120A01034,03-APR-1996,1,0.1,1
7452929,CARERATING,CARE Ratings Limited,INE752H01013,26-DEC-2012,10,0.1,1
7393025,CARRARO,Carraro India Limited,INE0V7W01012,30-DEC-2024,10,0.05,1
1384193,CARTRADE,Cartrade Tech Limited,INE290S01011,20-AUG-2021,10,0.1,1
481025,CARYSIL,CARYSIL LIMITED,INE482D01024,14-JAN-2021,2,0.1,1
320001,CASTROLIND,Castrol India Limited,INE172A01027,14-MAR-2014,5,0.01,1
4159745,CCAVENUE,AvenuesAI Limited,INE483S01020,04-APR-2016,1,0.01,1
3837953,CCCL,Consolidated Construction Consortium Limited,INE429I01024,15-OCT-2007,2,0.01,1
1634561,CCHHL,Country Club Hospitality & Holidays Limited,INE652F01027,03-FEB-2015,2,0.01,1
2931713,CCL,CCL Products (India) Limited,INE421D01022,07-JUN-2004,2,0.1,1
5420545,CDSL,Central Depository Services (India) Limited,INE736A01011,30-JUN-2017,10,0.1,1
3905025,CEATLTD,CEAT Limited,INE482A01020,01-FEB-2008,10,0.1,1
6333953,CEIGALL,Ceigall India Limited,INE0AG901020,08-AUG-2024,5,0.05,1
194825473,CEINSYS,Ceinsys Tech Limited,INE016Q01014,19-FEB-2026,10,0.05,1
3369473,CELEBRITY,Celebrity Fashions Limited,INE185H01016,12-JAN-2006,10,0.01,1
5067521,CELLO,Cello World Limited,INE0LMW01024,06-NOV-2023,5,0.05,1
1439233,CEMPRO,Cemindia Projects Limited,INE686A01026,10-FEB-1999,1,0.1,1
158465,CENTENKA,Century Enka Limited,INE485A01015,10-MAY-1995,10,0.05,1
2946817,CENTEXT,Century Extrusions Limited,INE281A01026,20-JUL-2004,1,0.01,1
3812865,CENTRALBK,Central Bank of India,INE483A01010,21-AUG-2007,10,0.01,1
628225,CENTRUM,Centrum Capital Limited,INE660C01027,04-APR-2018,1,0.01,1
3835393,CENTUM,Centum Electronics Limited,INE320B01020,05-OCT-2007,10,0.1,1
3406081,CENTURYPLY,Century Plyboards (India) Limited,INE348B01021,23-MAR-2006,1,0.05,1
3849985,CERA,Cera Sanitaryware Limited,INE739E01017,02-NOV-2007,5,0.5,1
160769,CESC,CESC Limited,INE486A01021,08-FEB-1995,1,0.01,1
7363585,CEWATER,Concord Enviro Systems Limited,INE037Z01029,27-DEC-2024,5,0.05,1
195747329,CFEL,Confidence Futuristic Energetech Limited,INE700F01024,17-AUG-2026,5,0.01,1
5204225,CGCL,Capri Global Capital Limited,INE180C01042,29-OCT-2010,1,0.05,1
194561,CGPOWER,CG Power and Industrial Solutions Limited,INE067A01029,01-MAR-1995,2,0.05,1
195748609,CGVAK,CG Vak Software & Exports Limited,INE084D01010,17-AUG-2026,10,0.01,1
2187777,CHALET,Chalet Hotels Limited,INE427F01016,07-FEB-2019,10,0.05,1
163073,CHAMBLFERT,Chambal Fertilizers & Chemicals Limited,INE085A01013,14-JUN-1995,10,0.05,1
3742209,CHEMBOND,Chembond Material Technologies Limited,INE995D01025,20-NOV-2019,5,0.01,1
195851521,CHEMCRUX,Chemcrux Enterprises Limited,INE298W01016,17-AUG-2026,10,0.01,1
716545,CHEMFAB,Chemfab Alkalis Limited,INE783X01023,25-APR-2018,10,0.05,1
1394945,CHEMPLASTS,Chemplast Sanmar Limited,INE488A01050,24-AUG-2021,5,0.01,1
524545,CHENNPETRO,Chennai Petroleum Corporation Limited,INE178A01016,07-JUN-2000,10,0.1,1
2529025,CHEVIOT,Cheviot Company Limited,INE974B01016,20-JUN-2022,10,0.1,1
2269697,CHOICEIN,Choice International Limited,INE102B01014,08-APR-2022,10,0.05,1
175361,CHOLAFIN,Cholamandalam Investment and Finance Company Limited,INE121A01024,15-MAY-1996,2,0.1,1
5565441,CHOLAHLDNG,Cholamandalam Financial Holdings Limited,INE149A01033,25-SEP-2017,1,0.1,1
3823873,CIEINDIA,CIE Automotive India Limited,INE536H01010,30-AUG-2007,10,0.05,1
193539841,CIFL,Capital India Finance Limited,INE345H01024,17-APR-2025,2,0.01,1
6953217,CINELINE,Cineline India Limited,INE704H01022,13-JUN-2012,5,0.01,1
2054145,CINEVISTA,Cinevista Limited,INE039B01026,02-MAY-2000,2,0.01,1
177665,CIPLA,Cipla Limited,INE059A01026,08-FEB-1995,2,0.1,1
1292545,CLEAN,Clean Science and Technology Limited,INE227W01023,19-JUL-2021,1,0.05,1
194606849,CLEANMAX,Clean Max Enviro Energy Solutions Limited,INE647U01026,02-MAR-2026,1,0.1,1
5177089,CLEDUCATE,CL Educate Limited,INE201M01029,31-MAR-2017,5,0.01,1
891393,CLSEL,Chaman Lal Setia Exports Limited,INE419D01026,12-MAY-2021,2,0.05,1
195649281,CMLL,Caliber Mining and Logistics Limited,INE11XY01018,24-JUL-2026,10,0.05,1
194964737,CMPDI,Central Mine Planning & Design Institute Limited,INE05HV01027,30-MAR-2026,2,0.01,1
7908609,CMRGREEN,CMR Green Technologies Limited,INE00WV01027,10-JUN-2026,2,0.01,1
1946369,CMSINFO,CMS Info Systems Limited,INE925R01014,31-DEC-2021,10,0.01,1
2855681,CNL,Creative Newtech Limited,INE985W01018,05-AUG-2019,10,0.1,1
5215745,COALINDIA,Coal India Limited,INE522F01014,04-NOV-2010,10,0.05,1
1537537,COASTCORP,Coastal Corporation Limited,INE377E01024,08-OCT-2021,2,0.01,1
5506049,COCHINSHIP,Cochin Shipyard Limited,INE704P01025,11-AUG-2017,5,0.1,1
195231489,COCKERILL,John Cockerill India Limited,INE515A01019,20-APR-2026,10,0.5,1
2858241,COFFEEDAY,Coffee Day Enterprises Limited,INE335K01011,02-NOV-2015,10,0.01,1
2955009,COFORGE,Coforge Limited,INE591G01025,30-AUG-2004,2,0.1,1
4593921,COHANCE,Cohance Lifesciences Limited,INE03QK01018,09-MAR-2020,1,0.05,1
3876097,COLPAL,Colgate Palmolive (India) Limited,INE259A01022,17-DEC-2007,1,0.1,1
195232769,COMFINTE,Comfort Intech Limited,INE819A01049,20-APR-2026,1,0.01,1
195749889,COMPEAU,Competent Automobiles Company Limited,INE823B01015,17-AUG-2026,10,0.05,1
7971329,COMPUSOFT,Compucom Software Limited,INE453B01029,02-MAR-2012,2,0.01,1
5523969,COMSYN,Commercial Syn Bags Limited,INE073V01015,23-JAN-2024,10,0.05,1
1215745,CONCOR,Container Corporation of India Limited,INE111A01025,07-MAY-1997,5,0.05,1
4623361,CONCORDBIO,Concord Biotech Limited,INE338H01029,18-AUG-2023,1,0.1,1
2620929,CONFIPET,Confidence Petroleum India Limited,INE552D01024,13-JUN-2019,1,0.01,1
4474113,CONTROLPR,Control Print Limited,INE663B01015,24-JUN-2016,10,0.05,1
1025793,CORALFINAC,Coral India Finance & Housing Limited,INE558D01021,25-MAR-1996,2,0.01,1
195113729,CORDELIA,Waterways Leisure Tourism Limited,INE0LZF01039,01-JUL-2026,1,0.01,1
3909377,CORDSCABLE,Cords Cable Industries Limited,INE792I01017,13-FEB-2008,10,0.05,1
189185,COROMANDEL,Coromandel International Limited,INE169A01031,31-MAY-1995,1,0.1,1
194625025,CORONA,CORONA Remedies Limited,INE02ZQ01018,15-DEC-2025,10,0.1,1
189953,COSMOFIRST,COSMO FIRST LIMITED,INE757A01017,25-MAY-1995,10,0.05,1
5142017,CPCAP,CP Capital Limited,INE521J01018,06-OCT-2010,10,0.01,1
194288897,CPEDU,Career Point Edutech Limited,INE0P6P01016,05-SEP-2025,10,0.01,1
195635969,CPL,Captain Polyplast Limited,INE536P01021,23-JUL-2026,2,0.01,1
194267649,CPPLUS,Aditya Infotech Limited,INE819V01029,05-AUG-2025,1,0.1,1
730625,CRAFTSMAN,Craftsman Automation Limited,INE00LO01017,25-MAR-2021,5,1.0,1
194383617,CRAMC,Canara Robeco Asset Management Company Limited,INE218I01013,16-OCT-2025,10,0.05,1
195751169,CRAVATEX,Cravatex Limited,INE145E01017,17-AUG-2026,10,0.05,1
2402305,CREATIVEYE,Creative Eye Limited,INE230B01021,20-DEC-2000,5,0.01,1
1131777,CREDITACC,CREDITACCESS GRAMEEN LIMITED,INE741K01010,23-AUG-2018,10,0.1,1
3558401,CREST,Crest Ventures Limited,INE559D01011,27-DEC-2006,10,0.05,1
4888833,CRESTO,CRESTO TECHNO LIMITED,INE203Y01012,08-JUL-2020,10,0.01,1
193793,CRISIL,Crisil Limited,INE007A01025,28-JUN-1995,1,0.1,1
194009601,CRIZAC,Crizac Limited,INE0S4R01014,09-JUL-2025,2,0.01,1
4376065,CROMPTON,Crompton Greaves Consumer Electricals Limited,INE299U01018,13-MAY-2016,2,0.01,1
2069249,CROWN,Crown Lifters Limited,INE491V01019,08-FEB-2022,10,0.01,1
3831297,CSBBANK,CSB Bank Limited,INE679A01013,04-DEC-2019,10,0.05,1
2649601,CSLFINANCE,CSL Finance Limited,INE718F01018,21-JUL-2022,10,0.01,1
195520769,CSM,CSM Technologies Limited,INE0ZK601013,02-JUL-2026,10,0.01,1
1459457,CUB,City Union Bank Limited,INE491A01021,25-AUG-1998,1,0.01,1
1040385,CUBEXTUB,Cubex Tubings Limited,INE144D01012,24-APR-1996,10,0.01,1
486657,CUMMINSIND,Cummins India Limited,INE298A01020,29-MAR-1995,2,0.5,1
4741121,CUPID,Cupid Limited,INE509F01029,16-SEP-2016,1,0.05,1
7728385,CURAA,Cura Technologies Limited,INE117B01020,21-MAR-2025,10,0.01,1
1471489,CYIENT,Cyient Limited,INE136B01020,30-SEP-1998,5,0.1,1
4399873,CYIENTDLM,Cyient DLM Limited,INE055S01018,10-JUL-2023,10,0.05,1
197633,DABUR,Dabur India Limited,INE016A01026,28-APR-1999,1,0.05,1
2067201,DALBHARAT,Dalmia Bharat Limited,INE00R701025,22-JAN-2019,2,0.1,1
199937,DALMIASUG,Dalmia Bharat Sugar and Industries Limited,INE495A01022,17-JAN-1996,2,0.05,1
7337473,DAMCAPITAL,Dam Capital Advisors Limited,INE284H01025,27-DEC-2024,2,0.01,1
284161,DANGEE,Dangee Dums Limited,INE688Y01022,13-NOV-2020,1,0.01,1
2924289,DATAMATICS,Datamatics Global Services Limited,INE365B01017,07-MAY-2004,5,0.05,1
1883649,DATAPATTNS,Data Patterns (India) Limited,INE0IX101010,24-DEC-2021,2,0.1,1
5579265,DAVANGERE,Davangere Sugar Company Limited,INE179G01029,25-JAN-2024,1,0.01,1
4577537,DBCORP,D.B.Corp Limited,INE950I01011,06-JAN-2010,10,0.01,1
6628353,DBEIL,Deepak Builders & Engineers India Limited,INE0OPA01027,28-OCT-2024,1,0.01,1
4630017,DBL,Dilip Buildcon Limited,INE917M01012,11-AUG-2016,10,0.05,1
2788609,DBOL,Dhampur Bio Organics Limited,INE0I3401014,08-SEP-2022,10,0.01,1
4639745,DBREALTY,Valor Estate Limited,INE879I01012,24-FEB-2010,10,0.01,1
5556225,DCAL,Dishman Carbogen Amcis Limited,INE385W01011,21-SEP-2017,2,0.01,1
3513601,DCBBANK,DCB Bank Limited,INE503A01015,27-OCT-2006,10,0.01,1
2960897,DCI,Dc Infotech And Communication Limited,INE0A1101019,19-OCT-2022,10,0.05,1
1222401,DCMFINSERV,DCM Financial Services Limited,INE891B01012,21-MAY-1997,10,0.01,1
2825985,DCMNVL,DCM Nouvelle Limited,INE08KP01019,16-JUL-2019,10,0.01,1
207617,DCMSHRIRAM,DCM Shriram Limited,INE499A01024,12-APR-1995,2,0.1,1
194789377,DCMSIL,DCM Shriram International Limited,INE0OU201013,17-FEB-2026,2,0.01,1
1875201,DCMSRIND,DCM Shriram Industries Limited,INE843D01027,24-DEC-2021,2,0.01,1
209153,DCW,DCW Limited,INE500A01029,25-MAY-1995,2,0.01,1
3045121,DCXINDIA,DCX Systems Limited,INE0KL801015,11-NOV-2022,2,0.01,1
7449089,DDEVPLSTIK,Ddev Plastiks Industries Limited,INE0HR601026,15-JAN-2025,1,0.05,1
3798529,DECCANCE,Deccan Cements Limited,INE583C01021,02-AUG-2007,5,0.05,1
195235329,DECNGOLD,Deccan Gold Mines Limited,INE945F01025,20-APR-2026,1,0.01,1
6183425,DEEDEV,DEE Development Engineers Limited,INE841L01016,26-JUN-2024,10,0.05,1
195854081,DEEP,Deep Polymers Limited,INE00IY01012,17-AUG-2026,10,0.01,1
196078337,DEEPA,Deepa Jewellers Limited,INE1M2N01020,08-SEP-2026,2,0.01,1
211713,DEEPAKFERT,Deepak Fertilizers and Petrochemicals Corporation Limited,INE501A01019,17-JAN-2003,10,0.1,1
5105409,DEEPAKNTR,Deepak Nitrite Limited,INE288B01029,29-SEP-2010,2,0.1,1
842753,DEEPINDS,Deep Industries Limited,INE0FHS01024,27-APR-2021,5,0.05,1
2457345,DELHIVERY,Delhivery Limited,INE148O01028,24-MAY-2022,1,0.05,1
3851265,DELTACORP,Delta Corp Limited,INE124G01033,02-NOV-2007,1,0.01,1
310785,DELTAMAGNT,Delta Manufacturing Limited,INE393A01011,18-OCT-1995,10,0.01,1
4536833,DEN,Den Networks Limited,INE947J01015,24-NOV-2009,10,0.01,1
1095425,DENORA,De Nora India Limited,INE244A01016,07-AUG-1997,10,0.05,1
7489537,DENTA,Denta Water and Infra Solutions Limited,INE0R4L01018,29-JAN-2025,10,0.05,1
2085377,DEVIT,Dev Information Technology Limited,INE060X01034,15-FEB-2022,2,0.01,1
194324225,DEVX,Dev Accelerator Limited,INE0VOV01021,17-SEP-2025,2,0.01,1
1375489,DEVYANI,Devyani International Limited,INE872J01023,16-AUG-2021,1,0.01,1
2648577,DGCONTENT,Digicontent Limited,INE03JI01017,18-JUN-2019,2,0.01,1
219393,DHAMPURSUG,Dhampur Sugar Mills Limited,INE041A01016,29-MAR-1995,10,0.01,1
2907905,DHANBANK,Dhanlaxmi Bank Limited,INE680A01011,01-APR-2004,10,0.01,1
6248705,DHANUKA,Dhanuka Agritech Limited,INE435G01025,29-JUN-2011,2,0.05,1
3328257,DHARMAJ,Dharmaj Crop Guard Limited,INE00OQ01016,08-DEC-2022,10,0.05,1
195855361,DHATRE,Dhatre Udyog Limited,INE715T01031,17-AUG-2026,1,0.01,1
195725569,DHOOTTRANS,Dhoot Transmission Limited,INE01NH01023,17-AUG-2026,2,0.1,1
1755649,DHRUV,Dhruv Consultancy Services Limited,INE506Z01015,25-NOV-2021,10,0.01,1
5691649,DHUNINV,Dhunseri Investments Limited,INE320L01011,18-MAR-2011,10,0.05,1
4772865,DIAMINESQ,Diamines & Chemicals Limited,INE591D01014,25-SEP-2023,10,0.01,1
5591041,DIAMONDYD,Prataap Snacks Limited,INE393P01035,05-OCT-2017,5,0.1,1
179969,DICIND,DIC India Limited,INE303A01010,30-AUG-1995,10,0.05,1
6572033,DIFFNKG,Diffusion Engineers Limited,INE184O01015,04-OCT-2024,10,0.05,1
5439233,DIGIDRIVE,Digidrive Distributors Limited,INE0PSC01024,10-JAN-2024,10,0.01,1
4270849,DIGISPICE,DiGiSPICE Technologies Limited,INE927C01020,27-MAY-2008,3,0.01,1
193923841,DIGITIDE,Digitide Solutions Limited,INE0U4701011,11-JUN-2025,10,0.01,1
1568513,DIGJAMLMTD,Digjam Limited,INE731U01028,18-OCT-2021,10,0.01,1
195236609,DISAQ,Disa India Limited,INE131C01011,20-APR-2026,10,1.0,1
3721473,DISHTV,Dish TV India Limited,INE836F01026,18-APR-2007,1,0.01,1
3706625,DIVGIITTS,Divgi Torqtransfer Systems Limited,INE753U01022,14-MAR-2023,5,0.1,1
2800641,DIVISLAB,Divi's Laboratories Limited,INE361B01024,12-MAR-2003,2,0.5,1
5552641,DIXON,Dixon Technologies (India) Limited,INE935N01020,18-SEP-2017,2,1.0,1
3263745,DJML,DJ Mediaprint & Logistics Limited,INE0B1K01014,05-DEC-2022,10,0.01,1
3771393,DLF,DLF Limited,INE271C01023,05-JUL-2007,2,0.05,1
4569857,DLINKINDIA,D-Link (India) Limited,INE250K01012,18-DEC-2009,2,0.05,1
5097729,DMART,Avenue Supermarts Limited,INE192R01011,21-MAR-2017,10,0.1,1
1785089,DMCC,DMCC SPECIALITY CHEMICALS LIMITED,INE505A01010,01-DEC-2021,10,0.05,1
164097,DNAMEDIA,Diligent Media Corporation Limited,INE016M01021,11-DEC-2017,1,0.01,1
1234433,DODLA,Dodla Dairy Limited,INE021O01019,28-JUN-2021,10,0.1,1
3103745,DOLATALGO,Dolat Algotech Limited,INE966A01022,12-JAN-2024,1,0.01,1
5263361,DOLLAR,Dollar Industries Limited,INE325C01035,21-APR-2017,2,0.05,1
196090113,DOLLEX,Dollex Agrotech Limited,INE0JHH01011,11-SEP-2026,10,0.05,1
4643585,DOLPHIN,Dolphin Offshore Enterprises (India) Limited,INE920A01037,21-AUG-2023,1,0.05,1
5261057,DOMS,DOMS Industries Limited,INE321T01012,20-DEC-2023,10,0.1,1
3542785,DONEAR,Donear Industries Limited,INE668D01028,20-DEC-2006,2,0.01,1
239617,DPABHUSHAN,D. P. Abhushan Limited,INE266Y01019,03-NOV-2020,10,0.1,1
195237889,DRAGARWQ,Dr Agarwals Eye Hospital Limited,INE934C01018,20-APR-2026,10,0.5,1
677121,DRCSYSTEMS,DRC Systems India Limited,INE03RS01027,10-MAR-2021,1,0.01,1
2779905,DREAMFOLKS,Dreamfolks Services Limited,INE0JS101016,06-SEP-2022,2,0.01,1
2885377,DREDGECORP,Dredging Corporation of India Limited,INE506A01018,15-JAN-2004,10,0.1,1
225537,DRREDDY,Dr. Reddy's Laboratories Limited,INE089A01031,30-MAY-2003,1,0.1,1
6576641,DSSL,Dynacons Systems & Solutions Limited,INE417B01040,01-DEC-2011,10,0.1,1
7411713,DUCON,Ducon Infratechnologies Limited,INE741L01018,09-OCT-2012,1,0.01,1
3894785,DVL,Dhunseri Ventures Limited,INE477B01010,11-JAN-2008,10,0.05,1
2986753,DWARKESH,Dwarikesh Sugar Industries Limited,INE366A01041,31-DEC-2004,1,0.01,1
2666753,DYCL,Dynamic Cables Limited,INE600Y01019,27-JUL-2022,10,0.05,1
1158401,DYNAMATECH,Dynamatic Technologies Limited,INE221B01012,14-SEP-2006,10,1.0,1
5456385,DYNPRO,Dynemic Products Limited,INE256H01015,19-JUL-2017,10,0.01,1
714753,EASEMYTRIP,Easy Trip Planners Limited,INE07O001026,19-MAR-2021,1,0.01,1
195856641,EASTWEST,East West Freight Carriers Limited,INE595R01023,17-AUG-2026,2,0.01,1
194012673,EBGNG,GNG Electronics Limited,INE18JU01028,30-JUL-2025,2,0.05,1
3885825,ECLERX,eClerx Services Limited,INE738I01010,31-DEC-2007,10,0.1,1
195753729,ECORECO,Eco Recycling Limited,INE316A01038,17-AUG-2026,10,0.05,1
6415361,ECOSMOBLTY,Ecos (India) Mobility & Hospitality Limited,INE06HJ01020,04-SEP-2024,2,0.01,1
3870465,EDELWEISS,Edelweiss Financial Services Limited,INE532F01054,12-DEC-2007,1,0.01,1
194220801,EFCIL,EFC (I) Limited,INE886D01026,20-AUG-2025,2,0.01,1
232961,EICHERMOT,Eicher Motors Limited,INE066A01021,07-SEP-2004,1,0.5,1
234497,EIDPARRY,EID Parry India Limited,INE126A01031,10-MAY-1995,1,0.05,1
6966529,EIEL,Enviro Infra Engineers Limited,INE0LLY01014,29-NOV-2024,10,0.01,1
3942145,EIHAHOTELS,EIH Associated Hotels Limited,INE276C01014,08-APR-2008,10,0.05,1
235265,EIHOTEL,EIH Limited,INE230A01023,08-FEB-1995,2,0.05,1
1034241,EIMCOELECO,Eimco Elecon (India) Limited,INE158B01016,17-APR-1996,10,0.1,1
3351297,EKC,Everest Kanto Cylinder Limited,INE184H01027,15-DEC-2005,2,0.01,1
195755009,EKI,EKI Energy Services Limited,INE0CPR01018,17-AUG-2026,10,0.01,1
195239169,ELANTAS,Elantas Beck India Limited,INE280B01018,20-APR-2026,10,1.0,1
195240449,ELCIDIN,EL CID Investments Limited,INE927X01018,20-APR-2026,10,5.0,1
2291969,ELDEHSG,Eldeco Housing And Industries Limited,INE668G01021,12-APR-2022,2,0.05,1
3492609,ELECON,Elecon Engineering Company Limited,INE205B01031,29-SEP-2006,1,0.05,1
237569,ELECTCAST,Electrosteel Castings Limited,INE086A01029,20-JUN-2003,1,0.01,1
1144065,ELECTHERM,Electrotherm (India) Limited,INE822G01016,20-AUG-2007,10,0.05,1
239873,ELGIEQUIP,Elgi Equipments Limited,INE285A01027,22-NOV-1995,1,0.05,1
6380545,ELGIRUBCO,Elgi Rubber Company Limited,INE819L01012,10-AUG-2011,1,0.01,1
3436289,ELIN,Elin Electronics Limited,INE050401020,30-DEC-2022,5,0.01,1
195241729,ELITECON,Elitecon International Limited,INE669R01026,20-APR-2026,1,0.01,1
194192129,ELLEN,Ellenbarrie Industrial Gases Limited,INE236E01022,01-JUL-2025,2,0.05,1
1144577,ELPROINTL,Elpro International Limited,INE579B01039,20-APR-2026,1,0.01,1
3460353,EMAMILTD,Emami Limited,INE548C01032,03-AUG-2006,1,0.05,1
4934913,EMAMIREAL,Emami Realty Limited,INE778K01012,28-JUL-2010,2,0.01,1
3699201,EMBDL,Embassy Developments Limited,INE069I01010,23-MAR-2007,2,0.01,1
6245889,EMCURE,Emcure Pharmaceuticals Limited,INE168P01015,10-JUL-2024,10,0.1,1
2951681,EMIL,Electronics Mart India Limited,INE02YR01019,17-OCT-2022,10,0.01,1
3435777,EMKAY,Emkay Global Financial Services Limited,INE296H01011,28-APR-2006,10,0.05,1
194490369,EMMVEE,Emmvee Photovoltaic Power Limited,INE1C6T01020,18-NOV-2025,2,0.05,1
195756289,EMPIND,Empire Industries Limited,INE515H01014,17-AUG-2026,10,0.1,1
195243521,EMPOWER,Empower India Limited,INE507F01023,20-APR-2026,1,0.01,1
4759809,EMSLIMITED,EMS Limited,INE0OV601013,21-SEP-2023,10,0.05,1
2497537,EMUDHRA,eMudhra Limited,INE01QM01018,01-JUN-2022,5,0.05,1
4818433,ENDURANCE,Endurance Technologies Limited,INE913H01037,19-OCT-2016,10,0.1,1
3852545,ENERGYDEV,Energy Development Company Limited,INE306C01019,02-NOV-2007,10,0.01,1
1256193,ENGINERSIN,Engineers India Limited,INE510A01028,20-AUG-1997,5,0.05,1
3377153,ENIL,Entertainment Network (India) Limited,INE265F01028,15-FEB-2006,10,0.01,1
195757569,ENKEIWHEL,Enkei Wheels (India) Limited,INE130L01014,17-AUG-2026,5,0.05,1
193758977,ENRIN,Siemens Energy India Limited,INE1NPP01017,19-JUN-2025,2,0.1,1
5815553,ENTERO,Entero Healthcare Solutions Limited,INE010601016,16-FEB-2024,10,0.1,1
5750529,EPACK,EPACK Durable Limited,INE0G5901015,30-JAN-2024,10,0.01,1
194368257,EPACKPEB,EPack Prefab Technologies Limited,INE0MLS01022,01-OCT-2025,2,0.01,1
1377793,EPIGRAL,Epigral Limited,INE071N01016,18-AUG-2021,10,0.1,1
251137,EPL,EPL Limited,INE255A01020,11-FEB-2002,2,0.05,1
233729,EQUITASBNK,Equitas Small Finance Bank Limited,INE063P01018,02-NOV-2020,10,0.01,1
5415425,ERIS,Eris Lifesciences Limited,INE406M01024,29-JUN-2017,1,0.1,1
244481,ESABINDIA,Esab India Limited,INE284A01012,01-NOV-1995,10,0.5,1
245249,ESCORTS,Escorts Kubota Limited,INE042A01014,01-MAR-1995,10,0.1,1
195981569,ESDS,ESDS Software Solution Limited,INE0DRI01029,04-SEP-2026,1,0.05,1
6562305,ESSARSHPNG,Essar Shipping Limited,INE122M01019,15-NOV-2011,10,0.01,1
7762689,ESSENTIA,Integra Essentia Limited,INE418N01035,20-AUG-2013,1,0.01,1
6211841,ESTER,Ester Industries Limited,INE778B01029,20-JUN-2011,5,0.01,1
1304833,ETERNAL,ETERNAL LIMITED,INE758T01015,23-JUL-2021,1,0.05,1
2496001,ETHOSLTD,Ethos Limited,INE04TZ01018,30-MAY-2022,10,0.1,1
6441473,EUREKAFORB,Eureka Forbes Limited,INE0KCE01017,11-SEP-2024,10,0.05,1
194035969,EUROBOND,Euro Panel Products Limited,INE505V01016,01-AUG-2025,10,0.01,1
194508033,EUROPRATIK,Euro Pratik Sales Limited,INE198501012,23-SEP-2025,1,0.05,1
3016193,EVEREADY,Eveready Industries India Limited,INE128A01029,27-APR-2005,5,0.05,1
2936577,EXCELINDUS,Excel Industries Limited,INE369A01029,16-JUN-2004,5,0.1,1
194561793,EXCELSOFT,Excelsoft Technologies Limited,INE606N01019,26-NOV-2025,10,0.01,1
5874433,EXICOM,Exicom Tele-Systems Limited,INE777F01014,05-MAR-2024,10,0.01,1
173057,EXIDEIND,Exide Industries Limited,INE302A01020,17-JUN-2003,1,0.05,1
4476417,EXPLEOSOL,Expleo Solutions Limited,INE201K01015,26-OCT-2009,10,0.05,1
1370113,EXXARO,Exxaro Tiles Limited,INE0GFE01026,16-AUG-2021,1,0.01,1
194592001,FABTECH,Fabtech Technologies Limited,INE0HF201011,07-OCT-2025,10,0.01,1
258049,FACT,Fertilizers and Chemicals Travancore Limited,INE188A01015,12-APR-1995,10,0.05,1
3072001,FAZE3Q,Faze Three Limited,INE963C01033,18-NOV-2022,10,0.05,1
1586689,FCL,Fineotex Chemical Limited,INE045J01034,15-JAN-2015,1,0.01,1
3071745,FCSSOFT,FCS Software Solutions Limited,INE512B01022,21-SEP-2005,1,0.01,1
1253889,FDC,FDC Limited,INE258B01022,07-AUG-1997,1,0.05,1
195244801,FEDDERSHOL,Fedders Holding Limited,INE417D01020,20-APR-2026,1,0.01,1
261889,FEDERALBNK,The Federal Bank  Limited,INE171A01029,08-FEB-1995,2,0.05,1
5202433,FEDFINA,Fedbank Financial Services Limited,INE007N01010,30-NOV-2023,10,0.01,1
195246081,FERMENTA,Fermenta Biotech Limited,INE225B01021,04-AUG-2026,5,0.05,1
2088705,FIBERWEB,Fiberweb (India) Limited,INE296C01020,16-FEB-2022,10,0.01,1
3509761,FIEMIND,Fiem Industries Limited,INE737H01014,19-OCT-2006,10,0.1,1
6280193,FILATEX,Filatex India Limited,INE816B01035,29-AUG-2011,1,0.01,1
6053633,FILATFASH,Filatex Fashions Limited,INE185E01021,06-MAY-2024,1,0.01,1
265729,FINCABLES,Finolex Cables Limited,INE235A01022,15-FEB-1995,2,0.1,1
958465,FINEORG,Fine Organic Industries Limited,INE686Y01026,02-JUL-2018,5,0.5,1
194365185,FINKURVE,Finkurve Financial Services Limited,INE734I01027,01-OCT-2025,1,0.01,1
1684225,FINOPB,Fino Payments Bank Limited,INE02NC01014,12-NOV-2021,10,0.01,1
266497,FINPIPE,Finolex Industries Limited,INE183A01024,08-FEB-1995,2,0.01,1
6352385,FIRSTCRY,Brainbees Solutions Limited,INE02RE01045,13-AUG-2024,2,0.01,1
193960449,FISCHER,Fischer Medical Ventures Limited,INE771F01041,10-JUL-2025,1,0.01,1
3080193,FIVESTAR,Five-Star Business Finance Limited,INE128S01021,21-NOV-2022,1,0.05,1
5215233,FLAIR,Flair Writing Industries Limited,INE00Y201027,01-DEC-2023,5,0.01,1
3520001,FLUOROCHEM,Gujarat Fluorochemicals Limited,INE09N301011,16-OCT-2019,1,0.1,1
304641,FMGOETZE,Federal-Mogul Goetze (India) Limited.,INE529A01010,08-FEB-1995,10,0.05,1
5380353,FMNL,Future Market Networks Limited,INE360L01017,31-DEC-2010,10,0.01,1
1708289,FOODSIN,Foods & Inns Limited,INE976E01023,16-NOV-2021,1,0.01,1
2962689,FORCEMOT,FORCE MOTORS LTD,INE451A01017,14-FEB-2024,10,1.0,1
3735553,FORTIS,Fortis Healthcare Limited,INE061F01013,09-MAY-2007,10,0.05,1
274689,FOSECOIND,Foseco India Limited,INE519A01011,05-MAY-2003,10,0.5,1
194806017,FRACTAL,Fractal Analytics Limited,INE212S01015,16-FEB-2026,1,0.05,1
195758849,FREDUN,Fredun Pharmaceuticals Limited,INE194R01017,17-AUG-2026,10,0.1,1
195247361,FRONTSP,Frontier Springs Limited,INE572D01014,20-APR-2026,10,0.1,1
3661825,FSL,Firstsource Solutions Limited,INE684F01012,22-FEB-2007,10,0.05,1
3054593,FUSION,Fusion Finance Limited,INE139R01012,15-NOV-2022,10,0.01,1
277761,GABRIEL,Gabriel India Limited,INE524A01029,20-APR-2005,1,0.1,1
2259969,GAEL,Gujarat Ambuja Exports Limited,INE036B01030,11-OCT-2000,1,0.01,1
1207553,GAIL,GAIL (India) Limited,INE129A01019,02-APR-1997,10,0.01,1
195941377,GAJA,Gaja Alternative Asset Management Limited,INE18UN01038,26-AUG-2026,5,0.01,1
6434305,GALAPREC,Gala Precision Engineering Limited,INE0RE001014,09-SEP-2024,10,0.1,1
336641,GALAXYSURF,Galaxy Surfactants Limited,INE600K01018,08-FEB-2018,10,0.1,1
3414273,GALLANTT,Gallantt Ispat Limited,INE297H01019,04-APR-2006,10,0.05,1
5197569,GANDHAR,Gandhar Oil Refinery (India) Limited,INE717W01049,30-NOV-2023,2,0.05,1
3613697,GANDHITUBE,Gandhi Special Tubes Limited,INE524B01027,31-JAN-2007,5,0.05,1
1777665,GANECOS,Ganesha Ecosphere Limited,INE845D01014,09-MAR-2015,10,0.1,1
194307073,GANESHCP,Ganesh Consumer Products Limited,INE652V01016,29-SEP-2025,10,0.01,1
3670785,GANESHHOU,GANESH HOUSING LIMITED,INE460C01014,02-MAR-2007,10,0.05,1
1268993,GANGAFORGE,Ganga Forging Limited,INE691Z01023,06-JUL-2021,1,0.01,1
5478145,GANGESSECU,Ganges Securities Limited,INE335W01016,28-JUL-2017,10,0.01,1
281601,GARFIBRES,Garware Technical Fibres Limited,INE276A01018,03-APR-2007,10,0.05,1
6604801,GARUDA,Garuda Construction and Engineering Limited,INE0JVO01026,15-OCT-2024,5,0.01,1
2178561,GATEWAY,Gateway Distriparks Limited,INE079J01017,22-MAR-2022,10,0.01,1
945409,GAYAHWS,Gayatri Highways Limited,INE287Z01012,28-JUN-2018,2,0.01,1
6405889,GAYAPROJ,Gayatri Projects Limited,INE336H01023,22-AUG-2011,2,0.01,1
194300417,GCSL,Gretex Corporate Services Limited,INE199P01028,04-SEP-2025,10,0.05,1
4588033,GEEKAYWIRE,Geekay Wires Limited,INE669X01032,06-MAR-2020,1,0.01,1
194422017,GEMAROMA,Gem Aromatics Limited,INE06XZ01023,26-AUG-2025,2,0.01,1
560129,GENCON,Generic Engineering Construction and Projects Limited,INE854S01022,16-FEB-2021,5,0.01,1
2791681,GENESYS,Genesys International Corporation Limited,INE727B01026,23-JAN-2003,5,0.01,1
1689601,GENUSPAPER,Genus Paper & Boards Limited,INE949P01018,16-FEB-2015,1,0.01,1
3047681,GENUSPOWER,Genus Power Infrastructures Limited,INE955D01029,08-JUL-2005,1,0.05,1
3045377,GEOJITFSL,Geojit Financial Services Limited,INE007B01023,01-JUL-2005,1,0.01,1
3526657,GESHIP,The Great Eastern Shipping Company Limited,INE017A01032,27-NOV-2006,10,0.1,1
329985,GFLLIMITED,GFL Limited,INE538A01037,25-MAY-1995,1,0.01,1
2836481,GFSTEELS,Grand Foundry Limited,INE534A01028,22-JUL-2019,4,0.01,1
288513,GHCL,GHCL Limited,INE539A01019,31-JUL-2003,10,0.05,1
4274177,GHCLTEXTIL,GHCL Textiles Limited,INE0PA801013,12-JUN-2023,2,0.01,1
291585,GICHSGFIN,GIC Housing Finance Limited,INE289B01019,08-MAY-1996,10,0.01,1
70913,GICRE,General Insurance Corporation of India,INE481Y01014,25-OCT-2017,5,0.05,1
4566785,GILLANDERS,Gillanders Arbuthnot & Company Limited,INE047B01011,14-DEC-2009,10,0.01,1
403457,GILLETTE,Gillette India Limited,INE322A01010,30-JUL-2003,10,0.5,1
293121,GIPCL,Gujarat Industries Power Company Limited,INE162A01010,08-FEB-1995,10,0.01,1
195760129,GKB,GKB Ophthalmics Limited,INE265D01015,17-AUG-2026,10,0.01,1
194316289,GKENERGY,GK Energy Limited,INE1AG301022,26-SEP-2025,2,0.01,1
194866433,GKSL,Gujarat Kidney And Super Speciality Limited,INE0V0W01025,30-DEC-2025,2,0.01,1
4443393,GKWLIMITED,GKW Limited,INE528A01020,20-JUL-2009,10,0.1,1
303617,GLAND,Gland Pharma Limited,INE068V01023,20-NOV-2020,1,0.1,1
295169,GLAXO,GlaxoSmithKline Pharmaceuticals Limited,INE159A01016,15-DEC-2000,10,0.1,1
1895937,GLENMARK,Glenmark Pharmaceuticals Limited,INE935A01035,07-FEB-2000,1,0.1,1
295937,GLFL,Gujarat Lease Financing Limited,INE540A01017,08-FEB-1995,10,0.01,1
362241,GLOBAL,Global Education Limited,INE291W01037,07-DEC-2020,2,0.01,1
6382593,GLOBALE,Globale Tessile Limited,INE0URU01010,27-AUG-2024,10,0.01,1
3516161,GLOBALVECT,Global Vectra Helicorp Limited,INE792H01019,27-OCT-2006,10,0.01,1
100609,GLOBE,GLOBE ENTERPRISES (INDIA) LIMITED,INE581X01021,07-OCT-2020,2,0.01,1
194194433,GLOBECIVIL,Globe Civil Projects Limited,INE0V3U01015,01-JUL-2025,10,0.01,1
4460545,GLOBUSSPR,Globus Spirits Limited,INE615I01010,23-SEP-2009,10,0.05,1
6039041,GLOSTERLTD,Gloster Limited,INE350Z01018,26-APR-2024,10,0.05,1
194589697,GLOTTIS,Glottis Limited,INE0TQE01026,07-OCT-2025,2,0.01,1
299009,GMBREW,GM Breweries Limited,INE075D01018,23-AUG-1995,10,0.05,1
1332225,GMDCLTD,Gujarat Mineral Development Corporation Limited,INE131A01031,17-DEC-1997,2,0.05,1
401921,GMMPFAUDLR,GMM Pfaudler Limited,INE541A01023,05-MAR-2018,2,0.1,1
3463169,GMRAIRPORT,GMR AIRPORTS LIMITED,INE776C01039,21-AUG-2006,1,0.01,1
2183425,GMRP&UI,GMR Power and Urban Infra Limited,INE0CU601026,23-MAR-2022,5,0.01,1
4754177,GNA,GNA Axles Limited,INE934S01014,26-SEP-2016,10,0.05,1
300545,GNFC,Gujarat Narmada Valley Fertilizers and Chemicals Limited,INE113A01013,17-MAY-1995,10,0.05,1
195248641,GNRL,Gujarat Natural Resources Limited,INE207H01018,20-APR-2026,10,0.01,1
3759873,GOACARBON,Goa Carbon Limited,INE426D01013,05-JUN-2007,10,0.05,1
1014529,GOCLCORP,GOCL Corporation Limited,INE077F01035,26-JUN-2014,2,0.05,1
1782785,GOCOLORS,Go Fashion (India) Limited,INE0BJS01011,30-NOV-2021,10,0.05,1
6640897,GODAVARIB,Godavari Biorefineries Limited,INE497S01012,30-OCT-2024,10,0.01,1
302337,GODFRYPHLP,Godfrey Phillips India Limited,INE260B01028,24-JUL-1996,2,0.1,1
6092545,GODIGIT,Go Digit General Insurance Limited,INE03JT01014,23-MAY-2024,10,0.05,1
36865,GODREJAGRO,Godrej Agrovet Limited,INE850D01014,16-OCT-2017,10,0.05,1
2585345,GODREJCP,Godrej Consumer Products Limited,INE102D01028,20-JUN-2001,1,0.05,1
2796801,GODREJIND,Godrej Industries Limited,INE233A01035,25-FEB-2003,1,0.1,1
4576001,GODREJPROP,Godrej Properties Limited,INE484J01027,05-JAN-2010,5,0.1,1
3015169,GOKEX,Gokaldas Exports Limited,INE887G01027,27-APR-2005,5,0.05,1
4276481,GOKUL,Gokul Refoils and Solvent Limited,INE020J01029,04-JUN-2008,2,0.01,1
3706881,GOKULAGRO,Gokul Agro Resources Limited,INE314T01033,11-MAR-2016,1,0.01,1
3064577,GOLDIAM,Goldiam International Limited,INE025B01025,29-AUG-2005,2,0.05,1
1568001,GOODLUCK,Goodluck India Limited,INE127I01024,08-JAN-2015,2,0.05,1
308481,GOODYEAR,Goodyear India Limited,INE533A01012,20-APR-2026,10,0.05,1
5904897,GOPAL,Gopal Snacks Limited,INE0L9R01028,14-MAR-2024,1,0.05,1
3017473,GOYALALUM,Goyal Aluminiums Limited,INE705X01026,04-NOV-2022,1,0.01,1
3432705,GPIL,Godawari Power And Ispat limited,INE177H01039,25-APR-2006,1,0.01,1
5051137,GPPL,Gujarat Pipavav Port Limited,INE517F01014,09-SEP-2010,10,0.01,1
5848577,GPTHEALTH,GPT Healthcare Limited,INE486R01017,29-FEB-2024,10,0.01,1
4527361,GPTINFRA,GPT Infraprojects Limited,INE390G01014,11-JUL-2016,10,0.01,1
195404545,GRADIENTE,Gradiente Infotainment Limited,INE361K01017,08-MAY-2026,10,0.01,1
195249921,GRANDOAK,Grand Oak Canyons Distillery Limited,INE926B01016,20-APR-2026,10,0.01,1
3039233,GRANULES,Granules India Limited,INE101D01020,20-JUN-2005,1,0.05,1
151553,GRAPHITE,Graphite India Limited,INE371A01025,07-FEB-2003,2,0.05,1
315393,GRASIM,Grasim Industries Limited,INE047A01021,10-MAY-1995,2,0.1,1
1331201,GRAUWEIL,Grauer & Weil India Limited,INE266D01021,20-APR-2026,1,0.01,1
195251201,GRAVISSHO,Graviss Hospitality Limited,INE214F01026,20-APR-2026,2,0.01,1
5256705,GRAVITA,Gravita India Limited,INE024L01027,16-NOV-2010,2,0.1,1
316161,GREAVESCOT,Greaves Cotton Limited,INE224A01026,09-SEP-2004,2,0.01,1
1753089,GREENLAM,Greenlam Industries Limited,INE544R01021,02-MAR-2015,1,0.01,1
3535361,GREENPANEL,Greenpanel Industries Limited,INE08ZM01014,23-OCT-2019,1,0.01,1
1020673,GREENPLY,Greenply Industries Limited,INE461C01038,06-MAR-1996,1,0.05,1
5148161,GREENPOWER,Orient Green Power Company Limited,INE999K01014,08-OCT-2010,10,0.01,1
3471361,GRINDWELL,Grindwell Norton Limited,INE536A01023,11-SEP-2006,5,0.1,1
1293825,GRINFRA,G R Infraprojects Limited,INE201P01022,19-JUL-2021,5,0.05,1
2782977,GRMOVER,GRM Overseas Limited,INE192H01020,07-SEP-2022,2,0.01,1
4549121,GROBTEA,The Grob Tea Company Limited,INE646C01018,14-JUL-2016,10,0.05,1
194510337,GROWW,Billionbrains Garage Ventures Limited,INE0HOQ01053,12-NOV-2025,2,0.01,1
1675009,GRPLTD,GRP Limited,INE137I01015,12-FEB-2015,10,0.1,1
1401601,GRSE,Garden Reach Shipbuilders & Engineers Limited,INE382Z01011,10-OCT-2018,10,0.1,1
2043393,GRWRHITECH,Garware Hi-Tech Films Limited,INE291A01017,03-FEB-2022,10,0.5,1
319233,GSFC,Gujarat State Fertilizers & Chemicals Limited,INE026A01025,06-SEP-1995,2,0.01,1
3737345,GSLSU,Global Surfaces Limited,INE0JSX01015,23-MAR-2023,10,0.01,1
195133185,GSPCROP,GSP Crop Science Limited,INE713R01022,24-MAR-2026,10,0.05,1
3928833,GSS,GSS Infotech Limited,INE871H01011,07-MAR-2008,10,0.01,1
297473,GTL,GTL Limited,INE043A01012,29-MAR-1995,10,0.01,1
3518721,GTLINFRA,GTL Infrastructure Limited,INE221H01019,09-NOV-2006,10,0.01,1
5425921,GTPL,GTPL Hathway Limited,INE869I01013,04-JUL-2017,10,0.01,1
2971137,GUFICBIO,Gufic Biosciences Limited,INE742B01025,19-OCT-2004,1,0.05,1
324353,GUJALKALI,Gujarat Alkalies and Chemicals Limited,INE186A01019,07-AUG-1997,10,0.05,1
3757313,GUJAPOLLO,Gujarat Apollo Industries Limited,INE826C01016,04-JUN-2007,10,0.05,1
2713345,GUJENERGY,GUJARAT ENERGY LIMITED,INE844O01030,15-SEP-2015,2,0.01,1
1164289,GUJRAFFIA,Gujarat Raffia Industries Limited,INE610B01024,09-OCT-1996,10,0.01,1
7611137,GUJTHEM,Gujarat Themis Biosyn Limited,INE942C01045,25-FEB-2025,1,0.05,1
1124097,GULFOILLUB,Gulf Oil Lubricants India Limited,INE635Q01029,31-JUL-2014,2,0.1,1
1609217,GULPOLY,Gulshan Polyols Limited,INE255D01024,28-JAN-2015,1,0.01,1
2012673,GVPIL,GE Power India Limited,INE878A01011,19-APR-2000,10,0.05,1
4296449,GVT&D,GE Vernova T&D India Limited,INE200A01026,30-JUN-2008,2,0.1,1
195596801,GYFTR,Gyftr Limited,INE724A01017,10-JUL-2026,10,0.01,1
589569,HAL,Hindustan Aeronautics Limited,INE066F01020,28-MAR-2018,5,0.1,1
194743041,HALDER,Halder Venture Limited,INE115S01010,19-JAN-2026,10,0.05,1
5517057,HALEOSLABS,HALEOS LABS LIMITED,INE320X01016,17-AUG-2017,10,0.1,1
195859201,HAMPTON,Hampton Sky Realty Limited,INE299D01022,17-AUG-2026,1,0.01,1
12289,HAPPSTMNDS,Happiest Minds Technologies Limited,INE419U01012,17-SEP-2020,2,0.05,1
5338625,HAPPYFORGE,Happy Forgings Limited,INE330T01021,27-DEC-2023,2,0.1,1
2294273,HARDWYN,Hardwyn India Limited,INE626Z01029,12-APR-2022,1,0.01,1
2295809,HARIOMPIPE,Hariom Pipe Industries Limited,INE00EV01017,13-APR-2022,10,0.05,1
336129,HARRMALAYA,Harrisons  Malayalam Limited,INE544A01019,08-FEB-1995,10,0.01,1
2857473,HARSHA,Harsha Engineers International Limited,INE0JUS01029,26-SEP-2022,10,0.05,1
4647425,HATHWAY,Hathway Cable & Datacom Limited,INE982F01036,25-FEB-2010,2,0.01,1
996353,HATSUN,Hatsun Agro Product Limited,INE473B01035,20-JUN-2014,1,0.1,1
2513665,HAVELLS,Havells India Limited,INE176B01034,21-MAR-2001,1,0.1,1
1908993,HAVISHA,Sri Havisha Hospitality and Infrastructure Limited,INE293B01029,16-FEB-2000,2,0.01,1
1137665,HAWKINCOOK,Hawkins Cookers Limited,INE979B01015,20-APR-2026,10,0.5,1
195761409,HAZOOR,Hazoor Multi Projects Limited,INE550F01049,17-AUG-2026,1,0.01,1
195254273,HBESD,HB Estate Developers Limited,INE640B01021,20-APR-2026,10,0.01,1
3575297,HBLENGINE,HBL Engineering Limited,INE292B01021,04-JAN-2007,1,0.05,1
195860481,HBPOR,HB Portfolio Limited,INE638B01025,17-AUG-2026,10,0.01,1
1053697,HBSL,HB Stockholdings Limited,INE550B01022,23-JUL-2018,10,0.01,1
352001,HCC,Hindustan Construction Company Limited,INE549A01026,01-APR-2003,1,0.01,1
3982081,HCG,Healthcare Global Enterprises Limited,INE075I01017,30-MAR-2016,10,0.05,1
339713,HCL-INSYS,HCL Infosystems Limited,INE236A01020,01-JAN-1997,2,0.01,1
1850625,HCLTECH,HCL Technologies Limited,INE860A01027,06-JAN-2000,2,0.1,1
193989633,HDBFS,HDB Financial Services Limited,INE756I01012,02-JUL-2025,10,0.05,1
1086465,HDFCAMC,HDFC Asset Management Company Limited,INE127D01025,06-AUG-2018,5,0.1,1
341249,HDFCBANK,HDFC Bank Limited,INE040A01034,08-NOV-1995,1,0.05,1
119553,HDFCLIFE,HDFC Life Insurance Company Limited,INE795G01014,17-NOV-2017,10,0.05,1
4916481,HEADSUP,Heads UP Ventures Limited,INE759V01019,14-DEC-2016,10,0.01,1
5136129,HEALTHX,Health X Platform Limited,INE019J01013,05-OCT-2010,10,0.05,1
1900801,HECPROJECT,HEC Infra Projects Limited,INE558R01013,30-DEC-2021,10,0.01,1
592897,HEIDELBERG,HeidelbergCement India Limited,INE578A01017,15-MAR-1995,10,0.01,1
179457,HEMIPROP,Hemisphere Properties India Limited,INE0AJG01018,22-OCT-2020,10,0.01,1
669185,HERANBA,Heranba Industries Limited,INE694N01015,05-MAR-2021,10,0.01,1
1177089,HERITGFOOD,Heritage Foods Limited,INE978A01027,27-NOV-1996,5,0.05,1
345089,HEROMOTOCO,Hero MotoCorp Limited,INE158A01026,11-APR-2003,2,0.5,1
1804289,HESTERBIO,Hester Biosciences Limited,INE782E01017,13-MAR-2015,10,0.1,1
6914049,HEXATRADEX,Hexa Tradex Limited,INE750M01017,20-APR-2012,2,0.01,1
7594497,HEXT,Hexaware Technologies Limited,INE093A01041,19-FEB-2025,1,0.05,1
428033,HGINFRA,H.G. Infra Engineering Limited,INE926X01010,09-MAR-2018,10,0.05,1
3479553,HGM,HandsOn Global Management (HGM) Limited,INE596H01014,27-SEP-2006,10,0.01,1
3766273,HGS,Hinduja Global Solutions Limited,INE170I01016,19-JUN-2007,10,0.05,1
2475009,HIKAL,Hikal Limited,INE475B01022,14-FEB-2001,2,0.01,1
194330369,HILINFRA,Highway Infrastructure Limited,INE00RL01028,12-AUG-2025,5,0.01,1
3744513,HILTON,Hilton Metal Forging Limited,INE788H01017,24-MAY-2007,10,0.01,1
348161,HIMATSEIDE,Himatsingka Seide Limited,INE049A01027,08-FEB-1995,5,0.01,1
195762689,HINDADH,Hindustan Adhesives Limited,INE074C01013,17-AUG-2026,10,0.05,1
348929,HINDALCO,Hindalco Industries Limited,INE038A01020,08-JAN-1997,1,0.1,1
195861761,HINDALUMI,Hind Aluminium Industries Limited,INE227B01019,17-AUG-2026,10,0.01,1
351233,HINDCOMPOS,Hindustan Composites Limited,INE310C01029,08-MAY-1996,5,0.05,1
1259521,HINDCON,Hindcon Chemicals Limited,INE642Y01029,05-JUL-2021,2,0.01,1
4592385,HINDCOPPER,Hindustan Copper Limited,INE531E01026,15-SEP-2010,5,0.05,1
359169,HINDOILEXP,Hindustan Oil Exploration Company Limited,INE345A01011,23-SEP-2003,10,0.01,1
359937,HINDPETRO,Hindustan Petroleum Corporation Limited,INE094A01015,17-JUN-1998,10,0.05,1
356865,HINDUNILVR,Hindustan Unilever Limited,INE030A01027,06-JUL-1995,1,0.1,1
4066049,HINDWAREAP,Hindware Home Innovation Limited,INE05AN01011,26-DEC-2019,2,0.01,1
364545,HINDZINC,Hindustan Zinc Limited,INE267A01025,21-NOV-2006,2,0.05,1
3555841,HIRECT,Hirect Limited,INE835D01023,26-DEC-2006,2,0.1,1
4946433,HISARMETAL,Hisar Metal Industries Limited,INE598C01011,05-JAN-2017,10,0.01,1
734209,HITECH,Hi-Tech Pipes Limited,INE106T01025,07-MAY-2018,1,0.01,1
585985,HLEGLAS,HLE Glascoat Limited,INE461D01028,09-FEB-2023,2,0.05,1
370689,HLVLTD,HLV LIMITED,INE102A01024,19-JUL-1995,2,0.01,1
4365569,HMAAGRO,HMA Agro Industries Limited,INE0ECP01024,04-JUL-2023,1,0.01,1
3116289,HNDFDS,Hindustan Foods Limited,INE254N01026,06-JUN-2023,2,0.05,1
526337,HOMEFIRST,Home First Finance Company India Limited,INE481N01025,03-FEB-2021,2,0.1,1
5072129,HONASA,Honasa Consumer Limited,INE0J5401028,07-NOV-2023,10,0.05,1
874753,HONAUT,Honeywell Automation India Limited,INE671A01010,18-JUL-2003,10,5.0,1
803329,HONDAPOWER,Honda India Power Products Limited,INE634A01018,01-APR-2003,10,0.1,1
195931137,HORIZONIND,Horizon Industrial Parks Limited,INE685T01010,24-AUG-2026,10,0.01,1
1888257,HPAL,HP Adhesives Limited,INE0GSL01024,27-DEC-2021,2,0.01,1
3019777,HPIL,Hindprakash Industries Limited,INE05X901010,07-NOV-2022,10,0.01,1
4781825,HPL,HPL Electric & Power Limited,INE495S01016,04-OCT-2016,10,0.05,1
195763969,HRYNSHP,Hariyana Ship Breakers Limited,INE400G01011,17-AUG-2026,10,0.01,1
3669505,HSCL,Himadri Speciality Chemical Limited,INE019C01026,02-MAR-2007,1,0.05,1
3066625,HTMEDIA,HT Media Limited,INE501G01024,01-SEP-2005,2,0.01,1
3635969,HUBTOWN,Hubtown Limited,INE703H01016,07-FEB-2007,10,0.01,1
5331201,HUDCO,Housing & Urban Development Corporation Limited,INE031A01017,19-MAY-2017,10,0.01,1
655873,HUHTAMAKI,Huhtamaki India Limited,INE275B01026,01-OCT-2004,2,0.05,1
6616065,HYUNDAI,Hyundai Motor India Limited,INE0V6F01027,22-OCT-2024,10,0.1,1
6399745,IBULLSLTD,Indiabulls Limited,INE126M01010,18-AUG-2011,2,0.01,1
125185,ICEMAKE,Ice Make Refrigeration Limited,INE520Y01019,12-OCT-2020,10,0.05,1
194664193,ICICIAMC,ICICI Prudential Asset Management Company Limited,INE346A01027,19-DEC-2025,1,0.1,1
1270529,ICICIBANK,ICICI Bank Limited,INE090A01021,17-SEP-1997,2,0.1,1
5573121,ICICIGI,ICICI Lombard General Insurance Company Limited,INE765G01017,27-SEP-2017,10,0.1,1
4774913,ICICIPRULI,ICICI Prudential Life Insurance Company Limited,INE726G01019,29-SEP-2016,10,0.05,1
3068673,ICIL,Indo Count Industries Limited,INE483B01026,12-SEP-2005,2,0.05,1
3717889,ICRA,ICRA Limited,INE725G01011,13-APR-2007,10,0.1,1
377857,IDBI,IDBI Bank Limited,INE008A01015,20-SEP-1995,10,0.01,1
3677697,IDEA,Vodafone Idea Limited,INE669E01016,09-MAR-2007,10,0.01,1
4387841,IDEAFORGE,Ideaforge Technology Limited,INE349Y01013,07-JUL-2023,10,0.05,1
2863105,IDFCFIRSTB,IDFC First Bank Limited,INE092T01019,06-NOV-2015,10,0.01,1
56321,IEX,Indian Energy Exchange Limited,INE022Q01020,23-OCT-2017,1,0.01,1
379393,IFBAGRO,IFB Agro Industries Limited,INE076C01018,03-APR-1996,10,0.05,1
380161,IFBIND,IFB Industries Limited,INE559A01017,29-MAR-1995,10,0.1,1
381697,IFCI,IFCI Limited,INE039A01010,26-APR-1995,10,0.01,1
111617,IFGLEXPOR,IFGL Refractories Limited,INE133Y01011,14-NOV-2017,10,0.01,1
162305,IGARASHI,Igarashi Motors India Limited,INE188B01013,09-OCT-2003,10,0.05,1
193997057,IGCL,Indogulf Cropsciences Limited,INE05J901018,03-JUL-2025,10,0.01,1
7264769,IGIL,International Gemological Institute Limited,INE0Q9301021,20-DEC-2024,2,0.05,1
2883073,IGL,Indraprastha Gas Limited,INE203G01027,26-DEC-2003,2,0.01,1
3606017,IGPL,IG Petrochemicals Limited,INE204A01010,29-JAN-2007,10,0.05,1
3023105,IIFL,IIFL Finance Limited,INE530B01024,17-MAY-2005,2,0.05,1
3346433,IIFLCAPS,IIFL Capital Services Limited,INE489L01022,20-SEP-2019,2,0.05,1
4998401,IITL,Industrial Investment Trust Limited,INE886A01014,17-AUG-2010,10,0.01,1
4306433,IKIO,IKIO Technologies Limited,INE0LOJ01019,16-JUN-2023,10,0.01,1
7200001,IKS,Inventurus Knowledge Solutions Limited,INE115Q01022,19-DEC-2024,1,0.1,1
1964033,IMAGICAA,Imagicaaworld Entertainment Limited,INE172N01012,06-APR-2015,10,0.01,1
4924161,IMFA,Indian Metals & Ferro Alloys Limited,INE919H01018,23-JUL-2010,10,0.1,1
3074305,IMPAL,India Motor Parts and Accessories Limited,INE547E01014,07-OCT-2005,10,0.1,1
194841345,INA,Insolation Energy Limited,INE0LGX01024,09-MAR-2026,1,0.01,1
4481793,INCREDIBLE,INCREDIBLE INDUSTRIES LIMITED,INE452L01012,01-JUL-2016,10,0.01,1
4334849,INDBANK,Indbank Merchant Banking Services Limited,INE841B01017,08-OCT-2008,10,0.01,1
6065409,INDGN,Indegene Limited,INE065X01017,13-MAY-2024,2,0.05,1
387073,INDHOTEL,The Indian Hotels Company Limited,INE053A01029,03-JUL-1996,1,0.05,1
387841,INDIACEM,The India Cements Limited,INE383A01012,31-MAY-2000,10,0.05,1
2745857,INDIAMART,Indiamart Intermesh Limited,INE933S01016,04-JUL-2019,10,0.1,1
3663105,INDIANB,Indian Bank,INE562A01011,01-MAR-2007,10,0.05,1
1132033,INDIANCARD,Indian Card Clothing Company Limited,INE061A01014,08-JAN-1997,10,0.01,1
391681,INDIANHUME,Indian Hume Pipe Company Limited,INE323C01030,30-AUG-1995,2,0.05,1
5262337,INDIASHLTR,India Shelter Finance Corporation Limited,INE922K01024,20-DEC-2023,5,0.05,1
2865921,INDIGO,InterGlobe Aviation Limited,INE646L01027,10-NOV-2015,10,0.5,1
524289,INDIGOPNTS,Indigo Paints Limited,INE09VQ01012,02-FEB-2021,10,0.1,1
194008321,INDIQUBE,Indiqube Spaces Limited,INE06ST01018,30-JUL-2025,1,0.01,1
1215233,INDNIPPON,India Nippon Electricals Limited,INE092B01025,07-MAY-1997,5,0.1,1
2205185,INDOBORAX,Indo Borax & Chemicals Limited,INE803D01021,29-MAR-2022,1,0.05,1
2989313,INDOCO,Indoco Remedies Limited,INE873D01024,14-JAN-2005,2,0.01,1
7430401,INDOFARM,Indo Farm Equipment Limited,INE622H01018,07-JAN-2025,10,0.01,1
195765249,INDOKEM,Indokem Limited,INE716F01012,17-AUG-2026,10,0.05,1
195661057,INDOMIM,INDO-MIM Limited,INE084101034,30-JUL-2026,1,0.05,1
2814209,INDORAMA,Indo Rama Synthetics (India) Limited,INE156A01020,20-JUN-2003,10,0.01,1
790529,INDOSTAR,IndoStar Capital Finance Limited,INE896L01010,21-MAY-2018,10,0.01,1
3398401,INDOTECH,Indo Tech Transformers Limited,INE332H01014,16-MAR-2006,10,0.1,1
6555649,INDOTHAI,Indo Thai Securities Limited,INE337M01021,02-NOV-2011,1,0.01,1
6528769,INDOUS,Indo Us Biotech Limited,INE250Z01010,27-SEP-2024,10,0.01,1
3827713,INDOWIND,Indowind Energy Limited,INE227G01018,14-SEP-2007,10,0.01,1
195255553,INDPRUD,Industrial & Prudential Investment Company Limited,INE620D01011,20-APR-2026,10,0.5,1
1216257,INDRAMEDCO,Indraprastha Medical Corporation Limited,INE681B01017,17-APR-1997,10,0.05,1
1246721,INDSWFTLAB,Ind-Swift Laboratories Limited,INE915B01019,02-JUL-1997,10,0.05,1
5620993,INDTERRAIN,Indian Terrain Fashions Limited,INE611L01021,11-MAR-2011,2,0.01,1
1346049,INDUSINDBK,IndusInd Bank Limited,INE095A01012,28-JAN-1998,10,0.1,1
7458561,INDUSTOWER,Indus Towers Limited,INE121J01017,28-DEC-2012,10,0.05,1
2822913,INFOBEAN,InfoBeans Technologies Limited,INE344S01016,15-JUL-2019,10,0.01,1
3505409,INFOMEDIA,Infomedia Press Limited,INE669A01022,12-OCT-2006,10,0.01,1
408065,INFY,Infosys Limited,INE009A01021,08-FEB-1995,5,0.1,1
408833,INGERRAND,Ingersoll Rand (India) Limited,INE177A01018,15-APR-1999,10,0.1,1
5391873,INNOVACAP,Innova Captab Limited,INE0DUT01020,29-DEC-2023,10,0.1,1
7105025,INNOVANA,Innovana Thinklabs Limited,INE403Y01018,17-DEC-2024,10,0.05,1
194951169,INNOVISION,Innovision Limited,INE0ADB01012,23-MAR-2026,10,0.05,1
3120129,INOXGREEN,Inox Green Energy Services Limited,INE510W01014,23-NOV-2022,10,0.01,1
5275393,INOXINDIA,INOX India Limited,INE616N01034,21-DEC-2023,2,0.1,1
2010113,INOXWIND,Inox Wind Limited,INE066P01011,09-APR-2015,10,0.01,1
3752193,INSECTICID,Insecticides (India) Limited,INE070I01018,30-MAY-2007,10,0.05,1
3514881,INSPIRISYS,Inspirisys Solutions Limited,INE020G01017,30-OCT-2006,10,0.01,1
1517057,INTELLECT,Intellect Design Arena Limited,INE306R01017,18-DEC-2014,5,0.05,1
5138177,INTENTECH,Intense Technologies Limited,INE781A01025,23-MAR-2017,2,0.01,1
6376705,INTERARCH,Interarch Building Solutions Limited,INE00M901018,26-AUG-2024,10,0.1,1
1435137,INTLCONV,International Conveyors Limited,INE575C01027,16-SEP-2021,1,0.01,1
6366721,INVENTURE,Inventure Growth & Securities Limited,INE878H01024,04-AUG-2011,1,0.01,1
2393089,IOB,Indian Overseas Bank,INE565A01014,07-DEC-2000,10,0.01,1
415745,IOC,Indian Oil Corporation Limited,INE242A01010,24-JUL-1996,10,0.01,1
5225729,IOLCP,IOL Chemicals and Pharmaceuticals Limited,INE485C01029,08-NOV-2010,2,0.01,1
417281,IONEXCHANG,ION Exchange (India) Limited,INE570A01022,22-FEB-2022,1,0.05,1
418049,IPCALAB,IPCA Laboratories Limited,INE571A01038,08-FEB-1995,1,0.1,1
1263105,IPL,India Pesticides Limited,INE0D6701023,05-JUL-2021,1,0.01,1
195766529,IPRINGLTD,IP Rings Limited,INE558A01019,17-AUG-2026,10,0.01,1
3920129,IRB,IRB Infrastructure Developers Limited,INE821I01022,25-FEB-2008,1,0.01,1
1276417,IRCON,Ircon International Limited,INE962Y01021,28-SEP-2018,2,0.01,1
3484417,IRCTC,Indian Railway Catering And Tourism Corporation Limited,INE335Y01020,14-OCT-2019,2,0.05,1
5186817,IREDA,Indian Renewable Energy Development Agency Limited,INE202E01016,29-NOV-2023,10,0.01,1
519425,IRFC,Indian Railway Finance Corporation Limited,INE053F01010,29-JAN-2021,10,0.01,1
1661185,IRIS,IRIS RegTech Solutions Limited,INE864K01010,08-NOV-2021,10,0.01,1
582401,IRISDOREME,Iris Clothings Limited,INE01GN01025,22-FEB-2021,2,0.01,1
5016833,IRMENERGY,IRM Energy Limited,INE07U701015,26-OCT-2023,10,0.05,1
4730625,ISFT,Intrasoft Technologies Limited,INE566K01011,12-APR-2010,10,0.01,1
852225,ISGEC,Isgec Heavy Engineering Limited,INE858B01029,05-MAY-2021,1,0.05,1
7743745,ISHANCH,Ishan Dyes and Chemicals Limited,INE561M01018,24-MAR-2025,10,0.01,1
195767809,ISTLTD,I S T Limited,INE684B01029,17-AUG-2026,5,0.05,1
424961,ITC,ITC Limited,INE154A01025,23-AUG-1995,1,0.05,1
7488257,ITCHOTELS,ITC Hotels Limited,INE379A01028,29-JAN-2025,1,0.01,1
4940545,ITDC,India Tourism Development Corporation Limited,INE353K01014,30-DEC-2016,10,0.05,1
428801,ITI,ITI Limited,INE248A01017,15-SEP-2003,10,0.05,1
195769089,ITL,ITL Industries Limited,INE478D01014,17-AUG-2026,10,0.05,1
194314497,IVALUE,Ivalue Infosolutions Limited,INE056801025,25-SEP-2025,2,0.01,1
1718017,IVC,IL&FS Investment Managers Limited,INE050B01023,15-SEP-1999,2,0.01,1
195258113,IWP,The Indian Wood Products Company Limited,INE586E01020,20-APR-2026,2,0.01,1
6161153,IXIGO,Le Travenues Technology Limited,INE0HV901016,18-JUN-2024,1,0.01,1
3628545,IZMO,IZMO Limited,INE848A01014,05-FEB-2007,10,0.05,1
1442049,J&KBANK,The Jammu & Kashmir Bank Limited,INE168A01041,22-JUL-1998,1,0.01,1
3382017,JAGRAN,Jagran Prakashan Limited,INE199G01027,22-FEB-2006,2,0.01,1
1128961,JAGSNPHARM,Jagsonpal Pharmaceuticals Limited,INE048B01035,01-MAR-2000,2,0.01,1
2881537,JAIBALAJI,Jai Balaji Industries Limited,INE091G01026,09-DEC-2003,2,0.01,1
1316609,JAICORPLTD,Jai Corp Limited,INE070D01027,26-NOV-1997,1,0.01,1
194366465,JAINREC,Jain Resource Recycling Limited,INE0YD401026,01-OCT-2025,2,0.05,1
1412097,JAIPURKURT,Nandani Creation Limited,INE696V01013,02-SEP-2021,10,0.01,1
5319169,JAMNAAUTO,Jamna Auto Industries Limited,INE039C01032,10-DEC-2010,1,0.01,1
194547457,JARO,Jaro Institute of Technology Management and Research Limited,INE00YJ01010,30-SEP-2025,10,0.05,1
3579393,JASH,Jash Engineering Limited,INE039O01029,30-OCT-2019,2,0.05,1
1034497,JAYAGROGN,Jayant Agro Organics Limited,INE785A01026,17-APR-1996,5,0.01,1
437249,JAYBARMARU,Jay Bharat Maruti Limited,INE571B01036,03-JAN-1996,2,0.01,1
194578689,JAYKAY,Jaykay Enterprises Limited,INE903A01025,03-DEC-2025,1,0.01,1
596737,JAYNECOIND,Jayaswal Neco Industries Limited,INE854B01010,10-MAY-1995,10,0.01,1
440321,JAYSREETEA,Jayshree Tea & Industries Limited,INE364A01020,15-FEB-1995,5,0.01,1
2983681,JBMA,JBM Auto Limited,INE927D01051,17-DEC-2004,1,0.05,1
195770369,JENBURPH,Jenburkt Pharmaceuticals Limited,INE354A01013,17-AUG-2026,10,0.1,1
1846017,JETFREIGHT,Jet Freight Logistics Limited,INE982V01025,21-DEC-2021,5,0.01,1
5902337,JGCHEM,J.G.Chemicals Limited,INE0MB501011,13-MAR-2024,10,0.05,1
3512321,JHS,JHS Svendgaard Laboratories Limited,INE544H01014,21-OCT-2006,10,0.01,1
3006209,JINDALPHOT,Jindal Photo Limited,INE796G01012,07-APR-2005,10,0.1,1
449537,JINDALPOLY,Jindal Poly Films Limited,INE197D01010,21-JAN-2002,10,0.05,1
774145,JINDALSAW,Jindal Saw Limited,INE324A01032,29-APR-2003,1,0.05,1
1723649,JINDALSTEL,JINDAL STEEL LIMITED,INE749A01030,29-DEC-1999,1,0.1,1
3552001,JINDRILL,Jindal Drilling And Industries Limited,INE742C01031,22-DEC-2006,5,0.05,1
5284353,JINDWORLD,Jindal Worldwide Limited,INE247D01039,25-NOV-2010,1,0.01,1
4644609,JIOFIN,Jio Financial Services Limited,INE758E01017,21-AUG-2023,10,0.01,1
6575105,JISLDVREQS,Jain Irrigation Systems Limited,IN9175A01010,30-NOV-2011,2,0.01,1
2661633,JISLJALEQS,Jain Irrigation Systems Limited,INE175A01038,13-AUG-2001,2,0.01,1
5040897,JITFINFRA,JITF Infralogistics Limited,INE863T01013,27-FEB-2017,2,0.05,1
3397121,JKCEMENT,JK Cement Limited,INE823G01014,14-MAR-2006,10,0.5,1
3908097,JKIL,J.Kumar Infraprojects Limited,INE576I01022,12-FEB-2008,5,0.05,1
194356481,JKIPL,Jinkushal Industries Limited,INE1FF001016,03-OCT-2025,10,0.01,1
3453697,JKLAKSHMI,JK Lakshmi Cement Limited,INE786A01032,19-JUN-2006,5,0.05,1
3036161,JKPAPER,JK Paper Limited,INE789E01012,16-JUN-2005,10,0.05,1
3695361,JKTYRE,JK Tyre & Industries Limited,INE573A01042,19-MAR-2007,2,0.05,1
4749569,JLHL,Jupiter Life Line Hospitals Limited,INE682M01020,18-SEP-2023,2,0.05,1
1819905,JMA,Jullundur Motor Agency (Delhi) Limited,INE412C01023,16-MAR-2015,2,0.01,1
3491073,JMFINANCIL,JM Financial Limited,INE780C01023,10-OCT-2006,1,0.01,1
6046977,JNKINDIA,JNK India Limited,INE0OAF01028,30-APR-2024,2,0.05,1
195688449,JNPR,Juniper Green Energy Limited,INE05C901015,06-AUG-2026,10,0.05,1
4333313,JOCIL,Jocil Limited,INE839G01010,08-OCT-2008,10,0.01,1
8065793,JPOLYINVST,Jindal Poly Investment and Finance Company Limited,INE147P01019,11-NOV-2013,10,0.05,1
3011329,JPPOWER,Jaiprakash Power Ventures Limited,INE351F01018,18-APR-2005,10,0.01,1
5801729,JSFB,Jana Small Finance Bank Limited,INE953L01027,14-FEB-2024,10,0.05,1
2876417,JSL,Jindal Stainless Limited,INE220G01021,17-NOV-2003,2,0.05,1
194077441,JSLL,Jeena Sikho Lifecare Limited,INE0J5801029,11-AUG-2025,2,0.05,1
194165761,JSWCEMENT,JSW Cement Limited,INE718I01012,14-AUG-2025,10,0.01,1
375553,JSWDULUX,JSW Dulux Limited,INE133A01011,28-JUN-2001,10,0.1,1
4574465,JSWENERGY,JSW Energy Limited,INE121E01018,04-JAN-2010,10,0.05,1
3041281,JSWHL,JSW Holdings Limited,INE824G01012,21-JUN-2005,10,1.0,1
4869121,JSWINFRA,JSW Infrastructure Limited,INE880J01026,03-OCT-2023,2,0.05,1
3001089,JSWSTEEL,JSW Steel Limited,INE019A01038,23-MAR-2005,1,0.1,1
828673,JTEKTINDIA,Jtekt India Limited,INE643A01035,12-JAN-2004,1,0.01,1
1865473,JTLIND,JTL INDUSTRIES LIMITED,INE391J01032,12-JUN-2023,1,0.01,1
7575041,JUBLCPL,Jubilant Agri and Consumer Products Limited,INE03CC01015,14-FEB-2025,10,0.1,1
4632577,JUBLFOOD,Jubilant Foodworks Limited,INE797F01020,08-FEB-2010,2,0.05,1
712449,JUBLINGREA,Jubilant Ingrevia Limited,INE0BY001018,19-MAR-2021,1,0.05,1
931073,JUBLPHARMA,Jubilant Pharmova Limited,INE700A01033,16-JUN-2003,1,0.05,1
5842945,JUNIPER,Juniper Hotels Limited,INE696F01016,28-FEB-2024,10,0.01,1
7670273,JUSTDIAL,Just Dial Limited,INE599M01018,05-JUN-2013,10,0.05,1
5177345,JWL,Jupiter Wagons Limited,INE209L01016,18-OCT-2010,10,0.01,1
3877377,JYOTHYLAB,Jyothy Labs Limited,INE668F01031,19-DEC-2007,1,0.01,1
5461505,JYOTICNC,Jyoti CNC Automation Limited,INE980O01024,16-JAN-2024,2,0.05,1
195771649,JYOTIRES,Jyoti Resins & Adhesives Limited,INE577D01013,17-AUG-2026,10,0.05,1
461313,JYOTISTRUC,Jyoti Structures Limited,INE197A01024,19-JUL-1995,2,0.01,1
462081,KABRAEXTRU,Kabra Extrusion Technik Limited,INE900B01029,06-SEP-1995,5,0.05,1
462849,KAJARIACER,Kajaria Ceramics Limited,INE217B01036,01-JUN-2004,1,0.1,1
463617,KAKATCEM,Kakatiya Cement Sugar & Industries Limited,INE437B01014,13-DEC-1995,10,0.01,1
4801281,KALAMANDIR,Sai Silks (Kalamandir) Limited,INE438K01021,27-SEP-2023,2,0.01,1
194190849,KALPATARU,Kalpataru Limited,INE227J01012,01-JUL-2025,10,0.05,1
756481,KALYANKJIL,Kalyan Jewellers India Limited,INE303R01014,26-MAR-2021,10,0.05,1
195259393,KAMAHOLD,Kama Holdings Limited,INE411F01010,20-APR-2026,10,0.1,1
195772929,KAMANWALA,Kamanwala Housing Construction Limited,INE344D01018,17-AUG-2026,10,0.01,1
467457,KAMATHOTEL,Kamat Hotels (I) Limited,INE967C01018,29-MAY-1996,10,0.01,1
3536385,KAMOPAINTS,Kamdhenu Ventures Limited,INE0BTI01037,24-JAN-2023,1,0.01,1
6601217,KANANIIND,Kanani Industries Limited,INE879E01037,14-DEC-2011,1,0.01,1
195260673,KANCHI,Kanchi Karpooram Limited,INE081G01019,20-APR-2026,10,0.05,1
195863041,KANCOTEA,Kanco Tea & Industries Limited,INE398L01017,17-AUG-2026,10,0.01,1
456193,KANPRPLA,Kanpur Plastipack Limited,INE694E01014,01-JAN-2021,10,0.05,1
306177,KANSAINER,Kansai Nerolac Paints Limited,INE531A01024,15-SEP-2003,1,0.01,1
4855553,KAPSTON,Kapston Services Limited,INE542Z01028,27-MAY-2020,5,0.05,1
6242561,KARMAENG,Karma Energy Limited,INE725L01011,28-JUN-2011,10,0.01,1
470529,KARURVYSYA,Karur Vysya Bank Limited,INE036D01028,26-JUL-2000,2,0.05,1
3902465,KAVDEFENCE,Kavveri Defence & Wireless Technologies Limited,INE641C01019,29-JAN-2008,10,0.01,1
3095553,KAYNES,Kaynes Technology India Limited,INE918Z01012,22-NOV-2022,10,0.1,1
471297,KCP,KCP Limited,INE805C01028,09-APR-1997,1,0.01,1
3816449,KDDL,KDDL Limited,INE291D01011,23-MAR-2016,10,0.1,1
195866881,KDGREEN,KD Green Industries Limited,INE348N01042,17-AUG-2026,1,0.01,1
3394561,KEC,KEC International Limited,INE389H01022,10-MAR-2006,2,0.05,1
4664321,KECL,Kirloskar Electric Company Limited,INE134B01017,09-MAR-2010,10,0.01,1
199169,KEEPLEARN,DSJ Keep Learning Limited,INE055C01020,01-MAR-1995,1,0.01,1
3407361,KEI,KEI Industries Limited,INE878B01027,23-MAR-2006,2,0.5,1
3438081,KELLTONTEC,Kellton Tech Solutions Limited,INE164B01030,02-MAR-2016,1,0.01,1
3031297,KENNAMET,Kennametal India Limited,INE717A01029,20-APR-2026,10,0.1,1
3358977,KERNEX,Kernex Microsystems (India) Limited,INE202H01019,20-DEC-2005,10,0.1,1
1064193,KEYFINSERV,Keynote Financial Services Limited,INE681C01015,26-JUN-1996,10,0.05,1
3419905,KFINTECH,Kfin Technologies Limited,INE138Y01010,29-DEC-2022,10,0.05,1
229377,KHAICHEM,Khaitan Chemicals & Fertilizers Limited,INE745B01028,30-OCT-2020,1,0.01,1
1001473,KHAITANLTD,Khaitan (India) Limited,INE731C01018,20-DEC-1995,10,0.01,1
2468097,KHANDSE,Khandwala Securities Limited,INE060B01014,07-FEB-2001,10,0.01,1
5406465,KICL,Kalyani Investment Company Limited,INE029L01018,14-JAN-2011,10,0.5,1
1240833,KIMS,Krishna Institute of Medical Sciences Limited,INE967H01025,28-JUN-2021,2,0.05,1
4849665,KINGFA,Kingfa Science & Technology (India) Limited,INE473D01015,15-NOV-2016,10,0.5,1
4896257,KIOCL,KIOCL Limited,INE880L01014,29-NOV-2016,10,0.05,1
195261953,KIRANVYPAR,Kiran Vyapar Limited,INE555P01013,20-APR-2026,10,0.01,1
4259585,KIRIINDUS,Kiri Industries Limited,INE415I01015,22-APR-2008,10,0.05,1
3703297,KIRLFER,Kirloskar Ferrous Industries Limited,INE884B01025,20-APR-2026,5,0.05,1
4756737,KIRLOSBROS,Kirloskar Brothers Limited,INE732A01036,20-APR-2010,2,0.1,1
5359617,KIRLOSENG,Kirloskar Oil Engines Limited,INE146L01010,24-DEC-2010,2,0.1,1
4870401,KIRLOSIND,Kirloskar Industries Limited,INE250A01039,24-JUN-2010,10,0.1,1
3886081,KIRLPNU,Kirloskar Pneumatic Company Limited,INE811A01038,26-APR-2023,1,0.05,1
195403265,KISSHT,OnEMI Technology Solutions Limited,INE12F801023,08-MAY-2026,1,0.05,1
7398145,KITEX,Kitex Garments Limited,INE602G01020,25-SEP-2012,1,0.01,1
195774209,KJMCFIN,KJMC Financial Services Limited,INE533C01018,17-AUG-2026,10,0.01,1
3425537,KKCL,Kewal Kiran Clothing Limited,INE401H01017,13-APR-2006,10,0.05,1
195263233,KLBRENG-B,Kilburn Engineering Limited,INE338F01015,20-APR-2026,10,0.05,1
195775489,KMCSHIL,K M C Speciality Hospitals (India) Limited,INE879K01018,17-AUG-2026,1,0.01,1
6933505,KMEW,Knowledge Marine & Engineering Works Limited,INE0CJD01029,14-NOV-2024,5,0.1,1
3754753,KMSUGAR,K.M.Sugar Mills Limited,INE157H01023,31-MAY-2007,2,0.01,1
195542785,KNACK,Knack Packaging Limited,INE17QZ01016,08-JUL-2026,10,0.01,1
194796289,KNAGRI,KN Agri Resources Limited,INE0KNW01016,09-DEC-2025,10,0.01,1
3912449,KNRCON,KNR Constructions Limited,INE634I01029,18-FEB-2008,2,0.01,1
770305,KOHINOOR,Kohinoor Foods Limited,INE080B01012,20-OCT-1999,10,0.01,1
4307713,KOKUYOCMLN,Kokuyo Camlin Limited,INE760A01029,28-JUL-2008,1,0.01,1
3871745,KOLTEPATIL,Kolte - Patil Developers Limited,INE094I01018,13-DEC-2007,10,0.05,1
491265,KOPRAN,Kopran Limited,INE082A01010,09-JUN-1999,10,0.01,1
492033,KOTAKBANK,Kotak Mahindra Bank Limited,INE237A01036,20-DEC-1995,1,0.05,1
1176065,KOTHARIPET,Kothari Petrochemicals Limited,INE720A01015,02-NOV-1996,10,0.01,1
1415169,KOTHARIPRO,Kothari Products Limited,INE823A01017,03-JUN-1998,10,0.01,1
195264513,KOTIC,Kothari Industrial Corporation Limited,INE972A01020,20-APR-2026,5,0.01,1
1329153,KOVAI,Kovai Medical Center & Hospital Limited,INE177F01017,20-APR-2026,10,0.5,1
6932225,KPEL,K.P. Energy Limited,INE127T01021,14-NOV-2024,5,0.01,1
1307649,KPIGREEN,KPI Green Energy Limited,INE542W01025,27-JUL-2021,5,0.05,1
464385,KPIL,Kalpataru Projects International Limited,INE220B01022,15-DEC-2000,2,0.1,1
2478849,KPITTECH,KPIT Technologies Limited,INE04I401011,22-APR-2019,10,0.05,1
195265793,KPL,Kwality Pharmaceuticals Limited,INE552U01010,20-APR-2026,10,0.1,1
3817473,KPRMILL,K.P.R. Mill Limited,INE930H01031,28-AUG-2007,1,0.1,1
2707713,KRBL,KRBL Limited,INE001B01026,21-JAN-2002,1,0.05,1
495873,KREBSBIO,Krebs Biochemicals and Industries Limited,INE268B01013,03-JAN-1996,10,0.01,1
2938881,KRIDHANINF,Kridhan Infra Limited,INE524L01026,11-DEC-2015,2,0.01,1
3288833,KRISHANA,Krishana Phoschem Limited,INE506W01020,22-AUG-2019,2,0.01,1
193736193,KRISHIVAL,Krishival Foods Limited,INE0GGO01015,20-JUN-2025,10,0.05,1
194865153,KRISHNADEF,Krishna Defence And Allied Industries Limited,INE0J5601015,30-DEC-2025,10,0.1,1
1642753,KRITI,Kriti Industries (India) Limited,INE479D01038,01-NOV-2021,1,0.01,1
2377729,KRITIKA,Kritika Wires Limited,INE00Z501029,04-MAY-2022,2,0.01,1
2926593,KRITINUT,Kriti Nutrients Limited,INE798K01010,07-OCT-2022,1,0.01,1
6564609,KRN,KRN Heat Exchanger and Refrigeration Limited,INE0Q3J01015,03-OCT-2024,10,0.1,1
6464513,KROSS,Kross Limited,INE0O6601022,16-SEP-2024,5,0.01,1
1371905,KRSNAA,Krsnaa Diagnostics Limited,INE08LI01020,16-AUG-2021,5,0.05,1
5932801,KRYSTAL,Krystal Integrated Services Limited,INE0QN801017,21-MAR-2024,10,0.05,1
498945,KSB,Ksb Limited,INE999A01023,08-FEB-1995,2,0.05,1
3832833,KSCL,Kaveri Seed Company Limited,INE455I01029,04-OCT-2007,2,0.05,1
195776769,KSE,KSE Limited,INE953E01022,17-AUG-2026,1,0.01,1
194670849,KSHINTL,KSH International Limited,INE987S01020,23-DEC-2025,5,0.05,1
2664193,KSHITIJPOL,Kshitij Polyline Limited,INE013801027,27-JUL-2022,2,0.01,1
4835585,KSL,Kalyani Steels Limited,INE907A01026,19-MAY-2010,5,0.05,1
2831361,KSOLVES,Ksolves India Limited,INE0D6I01023,23-SEP-2022,5,0.05,1
194556673,KSR,KSR Footwear Limited,INE1SPP01016,27-NOV-2025,10,0.01,1
2061825,KTKBANK,The Karnataka Bank Limited,INE614B01018,10-MAY-2000,10,0.05,1
3550721,KUANTUM,Kuantum Papers Limited,INE529I01021,23-OCT-2019,1,0.01,1
195613697,KUSUMGAR,Kusumgar Limited,INE0ISX01025,15-JUL-2026,1,0.05,1
194802177,KWIL,Kwality Wall's (India) Limited,INE2KCE01013,16-FEB-2026,1,0.01,1
195778049,LADDERUP,Ladderup Finance Limited,INE519D01015,17-AUG-2026,10,0.01,1
1501441,LAGNAM,Lagnam Spintex Limited,INE548Z01017,30-SEP-2021,10,0.01,1
195267073,LAHOTIOV,Lahoti Overseas Limited,INE515C01023,20-APR-2026,2,0.01,1
195779329,LAKSHMIMIL,Lakshmi Mills Company Limited,INE938C01019,17-AUG-2026,100,0.5,1
3820545,LAL,Lorenzini Apparels Limited,INE740X01023,10-APR-2023,1,0.01,1
195932417,LALITHAA,Lalithaa Jewellery Mart Limited,INE0K9O01026,24-AUG-2026,5,0.05,1
2983425,LALPATHLAB,Dr. Lal Path Labs Ltd.,INE600L01024,23-DEC-2015,10,0.1,1
1640193,LAMBODHARA,Lambodhara Textiles Limited,INE112F01022,04-FEB-2015,5,0.01,1
2404353,LANCER,Lancer Container Lines Limited,INE359U01028,17-AUG-2026,5,0.01,1
3398657,LANDMARK,Landmark Cars Limited,INE559R01029,23-DEC-2022,5,0.05,1
4448257,LANDSMILL,Landsmill Green Limited,INE688J01023,03-AUG-2009,1,0.01,1
3692289,LAOPALA,La Opala RG Limited,INE059D01020,16-MAR-2007,2,0.01,1
195616257,LASERPOWER,Laser Power & Infra Limited,INE17IR01028,16-JUL-2026,5,0.05,1
1745409,LATENTVIEW,Latent View Analytics Limited,INE0I7C01011,23-NOV-2021,1,0.05,1
4055041,LATTEYS,Latteys Industries Limited,INE262Z01023,23-MAY-2023,2,0.01,1
4923905,LAURUSLABS,Laurus Labs Limited,INE947Q01028,19-DEC-2016,2,0.1,1
1681409,LAXMICOT,Laxmi Cotspin Limited,INE801V01019,12-NOV-2021,10,0.01,1
7467777,LAXMIDENTL,Laxmi Dental Limited,INE0WO601020,20-JAN-2025,2,0.01,1
194268929,LAXMIINDIA,Laxmi India Finance Limited,INE06WU01026,05-AUG-2025,5,0.01,1
1927425,LCCINFOTEC,LCC Infotech Limited,INE938A01021,02-MAR-2000,2,0.01,1
195659777,LCL,Lohia Corp Limited,INE0QJW01029,30-JUL-2026,1,0.05,1
195717889,LEAPIND,LEAP India Limited,INE00GO01025,14-AUG-2026,1,0.01,1
194636801,LEMERITE,Le Merite Exports Limited,INE0G1L01025,12-DEC-2025,2,0.01,1
667137,LEMONTREE,Lemon Tree Hotels Limited,INE970X01018,09-APR-2018,10,0.01,1
194458881,LENSKART,Lenskart Solutions Limited,INE956O01016,10-NOV-2025,2,0.05,1
3701505,LEXUS,Lexus Granito (India) Limited,INE500X01013,13-MAR-2023,10,0.01,1
2022913,LFIC,Lakshmi Finance & Industrial Corporation Limited,INE850E01012,15-APR-2015,10,0.01,1
4690177,LGBBROSLTD,LG Balakrishnan & Bros Limited,INE337A01034,30-MAR-2010,10,0.1,1
194614529,LGEINDIA,LG Electronics India Limited,INE324D01010,14-OCT-2025,10,0.1,1
5088257,LGHL,Laxmi Goldorna House Limited,INE258Y01016,10-NOV-2023,10,0.01,1
2836993,LIBAS,Libas Consumer Products Limited,INE908V01012,23-JUL-2019,10,0.01,1
510465,LIBERTSHOE,Liberty Shoes Limited,INE557B01019,27-SEP-1995,10,0.01,1
511233,LICHSGFIN,LIC Housing Finance Limited,INE115A01026,29-JUL-1998,2,0.05,1
2426881,LICI,Life Insurance Corporation Of India,INE0J1Y01017,17-MAY-2022,10,0.05,1
147969,LIKHITHA,Likhitha Infrastructure Limited,INE060901027,15-OCT-2020,5,0.01,1
1779457,LINC,Linc Limited,INE802B01027,09-MAR-2015,5,0.01,1
2968577,LINCOLN,Lincoln Pharmaceuticals Limited,INE405C01035,17-DEC-2015,10,0.05,1
416513,LINDEINDIA,Linde India Limited,INE473A01011,16-JUN-1999,10,0.5,1
195865601,LKPSEC,LKP Securities Limited,INE341H01023,17-AUG-2026,2,0.01,1
4557057,LLOYDSENGG,LLOYDS ENGINEERING WORKS LIMITED,INE093R01011,18-JUL-2016,1,0.01,1
6606593,LLOYDSENT,Lloyds Enterprises Limited,INE080I01025,17-OCT-2024,1,0.01,1
4432129,LLOYDSME,Lloyds Metals And Energy Limited,INE281B01032,17-JUL-2023,1,0.1,1
506625,LMW,LMW Limited,INE269B01029,29-MAR-1995,10,1.0,1
824321,LODHA,Lodha Developers Limited,INE670K01029,19-APR-2021,10,0.1,1
3439617,LOKESHMACH,Lokesh Machines Limited,INE397H01017,05-MAY-2006,10,0.05,1
4667393,LORDSCHLO,Lords Chloro Alkali Limited,INE846D01012,28-AUG-2023,10,0.01,1
195780609,LOTUSCHO,Lotus Chocolate Company Limited,INE026D01011,17-AUG-2026,10,0.05,1
4302593,LOTUSEYE,Lotus Eye Hospital and Institute Limited,INE947I01017,11-JUL-2008,10,0.01,1
5738241,LOVABLE,Lovable Lingerie Limited,INE597L01014,24-MAR-2011,10,0.01,1
2711041,LOYALTEX,Loyal Textile Mills Limited,INE970D01010,11-AUG-2022,10,0.01,1
4316929,LPDC,Landmark Property Development Company Limited,INE197J01017,12-AUG-2008,1,0.01,1
2939649,LT,Larsen & Toubro Limited,INE018A01030,23-JUN-2004,2,0.1,1
6386689,LTF,L&T Finance Limited,INE498L01015,12-AUG-2011,10,0.05,1
3536897,LTFOODS,LT Foods Limited,INE818H01020,18-DEC-2006,1,0.05,1
4561409,LTM,LTM Limited,INE214T01019,21-JUL-2016,1,0.1,1
4752385,LTTS,L&T Technology Services Limited,INE010V01017,23-SEP-2016,2,0.1,1
516609,LUMAXIND,Lumax Industries Limited,INE162B01018,06-SEP-1995,10,0.5,1
3587585,LUMAXTECH,Lumax Auto Technologies Limited,INE872H01027,16-JAN-2007,2,0.1,1
195974145,LUMINO,Lumino Industries Limited,INE185Q01025,03-SEP-2026,5,0.01,1
2672641,LUPIN,Lupin Limited,INE326A01037,10-SEP-2001,2,0.1,1
2893057,LUXIND,Lux Industries Limited,INE150G01020,30-NOV-2015,2,0.1,1
727297,LXCHEM,Laxmi Organic Industries Limited,INE576O01020,25-MAR-2021,2,0.01,1
519937,M&M,Mahindra & Mahindra Limited,INE101A01026,03-JAN-1996,5,0.1,1
3400961,M&MFIN,Mahindra & Mahindra Financial Services Limited,INE774D01024,17-MAR-2006,2,0.05,1
3844353,MAANALU,Maan Aluminium Limited,INE215I01027,22-OCT-2007,5,0.01,1
5720833,MACPOWER,Macpower CNC Machines Limited,INE155Z01011,19-AUG-2020,10,0.1,1
3878657,MADHAV,Madhav Marbles and Granites Limited,INE925C01016,20-DEC-2007,10,0.01,1
195268353,MADHAVIPL,Madhav Infra Projects Limited,INE631R01026,20-APR-2026,1,0.01,1
1257217,MADRASFERT,Madras Fertilizers Limited,INE414A01015,25-JUL-1997,10,0.01,1
195269633,MAFATIND,Mafatlal Industries Limited,INE270B01035,20-APR-2026,2,0.01,1
5476353,MAGADSUGAR,Magadh Sugar & Energy Limited,INE347W01011,28-JUL-2017,10,0.05,1
3828993,MAGNUM,Magnum Ventures Limited,INE387I01016,20-SEP-2007,10,0.01,1
2912513,MAHABANK,Bank of Maharashtra,INE457A01014,12-APR-2004,10,0.01,1
1341185,MAHAPEXLTD,Maha Rashtra Apex Corporation Limited,INE843B01013,21-JAN-1998,10,0.01,1
4506369,MAHEPC,Mahindra EPC Irrigation Limited,INE215D01010,14-FEB-2020,10,0.01,1
2060801,MAHLIFE,Mahindra Lifespace Developers Limited,INE813A01018,10-MAY-2000,10,0.05,1
98561,MAHLOG,Mahindra Logistics Limited,INE766P01016,10-NOV-2017,10,0.05,1
533761,MAHSCOOTER,Maharashtra Scooters Limited,INE288A01013,08-FEB-1995,10,1.0,1
534529,MAHSEAMLES,Maharashtra Seamless Limited,INE271B01025,25-AUG-2004,5,0.05,1
6281729,MAITHANALL,Maithan Alloys Limited,INE683C01011,05-JUL-2011,10,0.05,1
195781889,MAKERSL,Makers Laboratories Limited,INE987A01010,17-AUG-2026,10,0.01,1
2039041,MALLCOM,Mallcom (India) Limited,INE389C01015,02-FEB-2022,10,0.05,1
3418113,MALUPAPER,Malu Paper Mills Limited,INE383H01017,05-APR-2006,10,0.01,1
7343873,MAMATA,Mamata Machinery Limited,INE0TO701015,27-DEC-2024,10,0.05,1
1899521,MANAKALUCO,Manaksia Aluminium Company Limited,INE859Q01017,30-MAR-2015,1,0.01,1
1897729,MANAKCOAT,Manaksia Coated Metals & Industries Limited,INE830Q01018,30-MAR-2015,1,0.01,1
3890945,MANAKSIA,Manaksia Limited,INE015D01022,08-JAN-2008,2,0.01,1
3531777,MANALIPETC,Manali Petrochemicals Limited,INE201A01024,06-DEC-2006,5,0.01,1
4879617,MANAPPURAM,Manappuram Finance Limited,INE522D01027,01-DEC-2014,2,0.05,1
6552833,MANBA,Manba Finance Limited,INE939X01013,30-SEP-2024,10,0.01,1
6354689,MANCREDIT,Mangal Credit and Fincorp Limited,INE545L01039,16-AUG-2024,10,0.01,1
3025153,MANGALAM,Mangalam Drugs And Organics Limited,INE584F01014,23-MAY-2005,10,0.01,1
539137,MANGLMCEM,Mangalam Cement Limited,INE347A01017,03-JAN-1996,10,0.1,1
3042305,MANINDS,Man Industries (India) Limited,INE993A01026,24-JUN-2005,5,0.05,1
4665857,MANINFRA,Man Infraconstruction Limited,INE949H01023,11-MAR-2010,2,0.01,1
195675393,MANIPALHOS,Manipal Health Enterprises Limited,INE459N01021,05-AUG-2026,2,0.05,1
3937281,MANKIND,Mankind Pharma Limited,INE634S01028,09-MAY-2023,1,0.1,1
3520769,MANOMAY,Manomay Tex India Limited,INE784W01015,18-JAN-2023,10,0.01,1
2618113,MANORAMA,Manorama Industries Limited,INE00VM01036,01-JUL-2022,2,0.1,1
1644033,MANORG,Mangalam Organics Limited,INE370D01013,02-NOV-2021,10,0.05,1
2090753,MANYAVAR,Vedant Fashions Limited,INE825V01034,16-FEB-2022,1,0.05,1
1850113,MAPMYINDIA,C.E. Info Systems Limited,INE0BV301023,21-DEC-2021,2,0.1,1
540673,MARALOVER,Maral Overseas Limited,INE882A01013,08-FEB-1995,10,0.01,1
4776705,MARATHON,Marathon Nextgen Realty Limited,INE182D01020,29-SEP-2016,5,0.05,1
1041153,MARICO,Marico Limited,INE196A01026,01-MAY-1996,1,0.05,1
339969,MARINE,Marine Electricals (India) Limited,INE01JE01028,02-DEC-2020,2,0.05,1
194612225,MARKOLINES,Markolines Pavement Technologies Limited,INE0FW001016,14-OCT-2025,10,0.01,1
2708225,MARKSANS,Marksans Pharma Limited,INE750C01026,21-JAN-2002,1,0.05,1
194914817,MARSONS,Marsons Limited,INE415B01044,13-MAR-2026,1,0.01,1
2815745,MARUTI,Maruti Suzuki India Limited,INE585B01010,09-JUL-2003,5,1.0,1
50945,MASFIN,MAS Financial Services Limited,INE348L01012,18-OCT-2017,10,0.05,1
4794113,MASKINVEST,Mask Investments Limited,INE885F01015,14-OCT-2016,10,0.01,1
543745,MASTEK,Mastek Limited,INE759A01021,10-MAY-1995,5,0.1,1
6924033,MASTERTR,Master Trust Limited,INE677D01037,12-NOV-2024,1,0.01,1
5561857,MATRIMONY,Matrimony.Com Limited,INE866R01028,21-SEP-2017,5,0.05,1
4357633,MAWANASUG,Mawana Sugars Limited,INE636A01039,20-MAR-2009,10,0.01,1
5029377,MAXESTATES,Max Estates Limited,INE03EI01018,30-OCT-2023,10,0.05,1
5728513,MAXHEALTH,Max Healthcare Institute Limited,INE027H01010,21-AUG-2020,10,0.1,1
5741569,MAXIND,Max India Limited,INE0CG601016,28-AUG-2020,10,0.01,1
7399937,MAYURUNIQ,Mayur Uniquoters Ltd,INE040D01038,25-SEP-2012,5,0.05,1
130305,MAZDOCK,Mazagon Dock Shipbuilders Limited,INE249Z01020,12-OCT-2020,5,0.1,1
3247617,MBAPL,Madhya Bharat Agro Products Limited,INE900L01028,22-AUG-2019,2,0.01,1
194086401,MBEL,M & B Engineering Limited,INE08N601015,06-AUG-2025,10,0.05,1
4615425,MBLINFRA,MBL Infrastructure Limited,INE912H01013,11-JAN-2010,10,0.01,1
195272193,MCCHRLS-B,Mac Charles India Limited,INE435D01014,20-APR-2026,10,0.05,1
5724161,MCL,M TEK COPPER LIMITED,INE813V01022,19-AUG-2020,5,0.01,1
3057409,MCLEODRUSS,Mcleod Russel India Limited,INE942G01012,29-JUL-2005,5,0.01,1
7547393,MCLOUD,Magellanic Cloud Limited,INE613C01026,07-FEB-2025,2,0.01,1
7982337,MCX,Multi Commodity Exchange of India Limited,INE745G01043,09-MAR-2012,2,0.1,1
3060737,MEDANTA,Global Health Limited,INE474Q01031,16-NOV-2022,2,0.1,1
5556481,MEDIASSIST,Medi Assist Healthcare Services Limited,INE456Z01021,23-JAN-2024,5,0.05,1
1607169,MEDICAMEQ,Medicamen Biotech Limited,INE646B01010,27-OCT-2021,10,0.05,1
195868161,MEDICAPQ,Medi Caps Limited,INE442D01010,17-AUG-2026,10,0.01,1
2474753,MEDICO,Medico Remedies Limited,INE630Y01024,26-MAY-2022,2,0.01,1
1857025,MEDPLUS,Medplus Health Services Limited,INE804L01022,23-DEC-2021,2,0.05,1
194618625,MEESHO,Meesho Limited,INE0VDM01015,10-DEC-2025,1,0.01,1
2087169,MEGASTAR,Megastar Foods Limited,INE00EM01016,16-FEB-2022,10,0.05,1
194239489,MEIL,Mangal Electrical Industries Limited,INE0PKD01011,28-AUG-2025,10,0.05,1
195274753,MERCANTILE,Mercantile Ventures Limited,INE689O01013,20-APR-2026,10,0.01,1
195497729,MERCURYEV,Mercury Ev-Tech Limited,INE763M01028,02-JUN-2026,1,0.01,1
1853953,METROBRAND,Metro Brands Limited,INE317I01021,22-DEC-2021,5,0.05,1
195276033,METROGLOBL,Metroglobal Limited,INE085D01033,20-APR-2026,10,0.01,1
2452737,METROPOLIS,Metropolis Healthcare Limited,INE112L01020,15-APR-2019,2,0.05,1
6383873,MFML,Mahalaxmi Fabric Mills Limited,INE0US801024,27-AUG-2024,10,0.01,1
548353,MFSL,Max Financial Services Limited,INE180A01020,17-MAY-2000,2,0.1,1
407809,MGEL,Mangalam Global Enterprise Limited,INE0APB01032,23-DEC-2020,1,0.01,1
4488705,MGL,Mahanagar Gas Limited,INE002S01010,01-JUL-2016,10,0.1,1
4437249,MHRIL,Mahindra Holidays & Resorts India Limited,INE998I01010,16-JUL-2009,10,0.01,1
630529,MIDHANI,Mishra Dhatu Nigam Limited,INE099Z01011,04-APR-2018,10,0.05,1
194436353,MIDWESTLTD,Midwest Limited,INE0XAD01024,24-OCT-2025,5,0.1,1
195783169,MIIL,Meghna Infracon Infrastructure Limited,INE898Q01015,17-AUG-2026,10,0.05,1
195909633,MILKYMIST,Milky Mist Dairy Food Limited,INE00IT01020,18-AUG-2026,2,0.01,1
6629633,MINDACORP,Minda Corporation Limited,INE842C01021,16-OCT-2014,2,0.05,1
4620545,MINDTECK,Mindteck (India) Limited,INE110B01017,02-AUG-2016,10,0.01,1
1124865,MIRZAINT,Mirza International Limited,INE771A01026,28-APR-1999,2,0.01,1
2168065,MITCON,MITCON Consultancy & Engineering Services Limited,INE828O01033,17-MAR-2022,10,0.01,1
4751873,MITTAL,Mittal Life Style Limited,INE997Y01027,29-APR-2020,1,0.01,1
195870721,MKEXIM,M.K. Exim (India) Limited,INE227F01010,17-AUG-2026,10,0.01,1
4284417,MKPL,M K Proteins Limited,INE964W01021,13-JUN-2023,1,0.01,1
195872001,MLKFOOD,Milkfood Limited,INE588G01021,17-AUG-2026,5,0.01,1
3544065,MMFL,MM Forgings Limited,INE227C01017,20-DEC-2006,10,0.05,1
4197121,MMP,MMP Industries Limited,INE511Y01018,09-JAN-2020,10,0.05,1
4596993,MMTC,MMTC Limited,INE123F01029,09-APR-2012,1,0.01,1
195277313,MMWL,Media Matrix Worldwide Limited,INE200D01020,20-APR-2026,1,0.01,1
7179777,MOBIKWIK,One Mobikwik Systems Limited,INE0HLU01028,18-DEC-2024,2,0.01,1
194630913,MODINATUR,Modi Naturals Limited,INE537F01012,11-DEC-2025,10,0.05,1
570625,MODIRUBBER,Modi Rubber Limited,INE832A01018,07-FEB-1996,10,0.01,1
194496513,MODIS,Modis Navnirman Limited,INE0L0L01012,14-NOV-2025,10,0.05,1
573697,MODTHREAD,Modern Threads (India) Limited,INE794W01014,22-NOV-1995,10,0.01,1
195873281,MOHITE,Mohite Industries Limited,INE154B01023,17-AUG-2026,1,0.01,1
7532289,MOHITIND,Mohit Industries Limited,INE954E01012,14-MAR-2013,10,0.01,1
5332481,MOIL,MOIL Limited,INE490G01020,15-DEC-2010,10,0.01,1
918017,MOKSH,Moksh Ornaments Limited,INE514Y01020,21-MAY-2021,2,0.01,1
1380865,MOL,Meghmani Organics Limited,INE0CT101020,18-AUG-2021,1,0.01,1
195724289,MOLBIO,Molbio Diagnostics Limited,INE869T01028,17-AUG-2026,1,0.1,1
1718529,MOLDTKPAC,Mold-Tek Packaging Limited,INE893J01029,23-FEB-2015,5,0.05,1
1965825,MONARCH,Monarch Networth Capital Limited,INE903D01011,06-JAN-2022,10,0.05,1
194401537,MONEYBOXX,Moneyboxx Finance Limited,INE296Q01012,15-OCT-2025,10,0.01,1
1520129,MONTECARLO,Monte Carlo Fashions Limited,INE950M01013,19-DEC-2014,10,0.05,1
578305,MOREPENLAB,Morepen Laboratories Limited,INE083A01026,24-NOV-1999,2,0.01,1
7541505,MOSCHIP,Moschip Technologies Limited,INE935B01025,05-FEB-2025,2,0.01,1
1076225,MOTHERSON,Samvardhana Motherson International Limited,INE775A01035,14-AUG-1996,1,0.01,1
3826433,MOTILALOFS,Motilal Oswal Financial Services Limited,INE338I01027,11-SEP-2007,1,0.1,1
5321729,MOTISONS,Motisons Jewellers Limited,INE0FRK01020,26-DEC-2023,1,0.01,1
580609,MOTOGENFIN,The Motor & General Finance Limited,INE861B01023,08-FEB-1995,5,0.01,1
1152769,MPHASIS,MphasiS Limited,INE356A01018,04-JUN-2004,10,0.1,1
2707969,MPSLTD,MPS Limited,INE943D01017,21-JAN-2002,10,0.1,1
582913,MRF,MRF Limited,INE883A01011,18-SEP-1996,10,5.0,1
584449,MRPL,Mangalore Refinery and Petrochemicals Limited,INE103A01014,07-JAN-2005,10,0.01,1
195784449,MSL,Mangalam Seeds Limited,INE829S01016,17-AUG-2026,10,0.01,1
3051265,MSPL,MSP Steel & Power Limited,INE752G01015,18-JUL-2005,10,0.01,1
2395137,MSTCLTD,Mstc Limited,INE255X01014,29-MAR-2019,10,0.05,1
2200577,MSUMI,Motherson Sumi Wiring India Limited,INE0FS801015,28-MAR-2022,1,0.01,1
587265,MTNL,Mahanagar Telephone Nigam Limited,INE153A01019,17-FEB-1999,10,0.01,1
5064449,MUFIN,Mufin Green Finance Limited,INE08KJ01020,06-NOV-2023,1,0.01,1
5344769,MUFTI,Credo Brands Marketing Limited,INE220Q01020,27-DEC-2023,2,0.01,1
2899201,MUKANDLTD,Mukand Limited,INE304A01026,23-FEB-2004,10,0.01,1
195785729,MUKESHB,Mukesh Babu Financial Services Limited,INE596B01017,17-AUG-2026,10,0.01,1
5882881,MUKKA,Mukka Proteins Limited,INE0CG401037,07-MAR-2024,1,0.01,1
3458817,MUNJALAU,Munjal Auto Industries Limited,INE672B01032,19-JUL-2006,2,0.01,1
590593,MUNJALSHOW,Munjal Showa Limited,INE577A01027,12-MAY-2003,2,0.01,1
592129,MURUDCERA,Murudeshwar Ceramics Limited,INE692B01014,28-MAY-2004,10,0.01,1
2666241,MUTHOOTCAP,Muthoot Capital Services Limited,INE296G01013,24-AUG-2015,10,0.01,1
6054401,MUTHOOTFIN,Muthoot Finance Limited,INE414G01012,06-MAY-2011,10,0.1,1
5332737,MUTHOOTMF,Muthoot Microfin Limited,INE046W01019,26-DEC-2023,10,0.01,1
195685633,MVELECTRO,MV Electrosystems Limited,INE0OWZ01020,06-AUG-2026,5,0.05,1
4867841,MVGJL,Manoj Vaibhav Gems N Jewellers Limited,INE0KNT01012,03-OCT-2023,10,0.01,1
194347265,MWL,Mangalam Worldwide Limited,INE0JYY01029,18-SEP-2025,1,0.01,1
5228801,NACLIND,NACL Industries Limited,INE295D01020,07-APR-2017,1,0.01,1
3825153,NAGREEKCAP,Nagreeka Capital & Infrastructure Limited,INE245I01016,18-SEP-2007,5,0.01,1
3763713,NAGREEKEXP,Nagreeka Exports Limited,INE123B01028,18-JUN-2007,5,0.01,1
3932161,NAHARCAP,Nahar Capital and Financial Services Limited,INE049I01012,11-MAR-2008,5,0.05,1
3355137,NAHARINDUS,Nahar Industrial Enterprises Limited,INE289A01011,15-DEC-2005,10,0.01,1
3697921,NAHARPOLY,Nahar Poly Films Limited,INE308A01027,23-MAR-2007,5,0.01,1
3696641,NAHARSPING,Nahar Spinning Mills Limited,INE290A01027,23-MAR-2007,5,0.05,1
91393,NAM-INDIA,Nippon Life India Asset Management Limited,INE298J01013,06-NOV-2017,10,0.1,1
2976513,NARMADA,Narmada Agrobase Limited,INE117Z01029,27-OCT-2022,5,0.01,1
1003009,NATCOPHARM,Natco Pharma Limited,INE987B01026,27-DEC-1995,2,0.05,1
2832641,NATHBIOGEN,Nath Bio-Genes (India) Limited,INE448G01010,28-JAN-2014,10,0.01,1
1629185,NATIONALUM,National Aluminium Company Limited,INE139A01034,28-APR-1999,5,0.05,1
195278593,NATIONSTD,National Standard (India) Limited,INE166R01015,20-APR-2026,10,0.01,1
3520257,NAUKRI,Info Edge (India) Limited,INE663F01032,21-NOV-2006,2,0.1,1
1027585,NAVA,NAVA LIMITED,INE725A01030,03-APR-1996,1,0.05,1
3756033,NAVINFLUOR,Navin Fluorine International Limited,INE048G01026,01-JUN-2007,2,0.5,1
2702593,NAVKARCORP,Navkar Corporation Limited,INE278M01019,09-SEP-2015,10,0.01,1
610561,NAVNETEDUL,Navneet Education Limited,INE060A01024,08-FEB-1995,2,0.01,1
764673,NAZARA,Nazara Technologies Limited,INE418L01047,30-MAR-2021,2,0.05,1
8042241,NBCC,NBCC (India) Limited,INE095N01031,12-APR-2012,1,0.01,1
4892417,NBIFIN,N. B. I. Industrial Finance Company Limited,INE365I01020,23-NOV-2016,5,0.1,1
593665,NCC,NCC Limited,INE868B01028,14-OCT-2003,2,0.01,1
3709441,NCLIND,NCL Industries Limited,INE732C01016,03-APR-2007,10,0.01,1
4702977,NDGL,Naga Dhunseri Group Limited,INE756C01015,29-AUG-2016,10,0.1,1
8002049,NDL,Nandan Denim Limited,INE875G01048,23-MAR-2012,1,0.01,1
3724033,NDLVENTURE,NDL Ventures Limited,INE353A01023,24-APR-2007,10,0.01,1
5697281,NDRAUTO,Ndr Auto Components Limited,INE07OG01012,30-JUL-2020,10,0.05,1
2925313,NDTV,New Delhi Television Limited,INE155G01029,19-MAY-2004,4,0.01,1
195279873,NEAGI,Neelamalai Agro Industries Limited,INE605D01012,20-APR-2026,10,0.1,1
3053313,NECLIFE,Nectar Lifesciences Limited,INE023H01027,18-JUL-2005,1,0.01,1
3778817,NELCAST,Nelcast Limited,INE189I01024,27-JUN-2007,2,0.01,1
611329,NELCO,NELCO Limited,INE045B01015,28-MAY-2003,10,0.05,1
2538753,NEOGEN,Neogen Chemicals Limited,INE136S01016,08-MAY-2019,10,0.1,1
194648577,NEPHROPLUS,Nephrocare Health Services Limited,INE428V01029,17-DEC-2025,2,0.05,1
3944705,NESCO,Nesco Limited,INE317F01035,08-APR-2008,2,0.1,1
4598529,NESTLEIND,Nestle India Limited,INE239A01024,01-AUG-2023,1,0.1,1
4462849,NETWEB,Netweb Technologies India Limited,INE0NT901020,27-JUL-2023,2,0.5,1
3612417,NETWORK18,Network18 Media & Investments Limited,INE870H01013,02-FEB-2007,5,0.01,1
615937,NEULANDLAB,Neuland Laboratories Limited,INE794A01010,13-OCT-2008,10,5.0,1
297985,NEWGEN,Newgen Software Technologies Limited,INE619B01017,29-JAN-2018,10,0.05,1
2525953,NEXTMEDIA,Next Mediaworks Limited,INE747B01016,04-APR-2001,10,0.01,1
3564801,NFL,National Fertilizers Limited,INE870D01012,28-DEC-2006,10,0.01,1
1382657,NGIL,Nakoda Group of Industries Limited,INE236Y01012,20-AUG-2021,10,0.01,1
2630913,NGLFINE,NGL Fine-Chem Limited,INE887E01022,08-JUL-2022,5,0.1,1
3031041,NH,Narayana Hrudayalaya Ltd.,INE410P01011,06-JAN-2016,10,0.1,1
4454401,NHPC,NHPC Limited,INE848E01016,01-SEP-2009,10,0.01,1
102145,NIACL,The New India Assurance Company Limited,INE470Y01017,13-NOV-2017,5,0.01,1
7548673,NIBE,NIBE Limited,INE149O01018,07-FEB-2025,10,0.1,1
7611649,NIBL,NRB Industrial Bearings Limited,INE047O01014,09-APR-2013,2,0.01,1
195787009,NICCOPAR,Nicco Parks & Resorts Limited,INE653C01022,17-AUG-2026,1,0.01,1
2949633,NIITLTD,NIIT Limited,INE161A01038,16-AUG-2004,2,0.01,1
4543233,NIITMTS,NIIT Learning Systems Limited,INE342G01023,08-AUG-2023,2,0.01,1
2368769,NILAINFRA,Nila Infrastructures Limited,INE937C01029,21-MAY-2015,1,0.01,1
1897217,NILASPACES,Nila Spaces Limited,INE00S901012,28-DEC-2018,1,0.01,1
195281153,NILE,Nile Limited,INE445D01013,20-APR-2026,10,0.1,1
619777,NILKAMAL,Nilkamal Limited,INE310A01015,01-NOV-1995,10,0.1,1
195000321,NIMBSPROJ,Nimbus Projects Limited,INE875B01015,06-APR-2026,10,0.01,1
3633665,NINSYS,NINtec Systems Limited,INE395U01014,21-FEB-2023,10,0.05,1
1736193,NIPPOBATRY,Indo-National Limited,INE567A01028,06-OCT-1999,5,0.05,1
65281,NIRAJ,Niraj Cement Structurals Limited,INE368I01016,01-OCT-2020,10,0.01,1
622849,NIRLON,Nirlon Limited,INE910A01012,20-APR-2026,10,0.05,1
3404801,NITCO,Nitco Limited,INE858F01012,21-MAR-2006,10,0.01,1
3372801,NITINSPIN,Nitin Spinners Limited,INE229H01012,02-FEB-2006,10,0.05,1
831233,NITIRAJ,Nitiraj Engineers Limited,INE439T01012,22-APR-2021,10,0.01,1
195282945,NITTAGELA,Nitta Gelatin India Limited,INE265B01019,20-APR-2026,10,0.1,1
6936833,NIVABUPA,Niva Bupa Health Insurance Company Limited,INE995S01015,14-NOV-2024,10,0.01,1
624385,NKIND,NK Industries Limited,INE542C01019,07-JUL-1995,10,0.01,1
2197761,NLCINDIA,NLC India Limited,INE589A01014,23-AUG-2000,10,0.05,1
3924993,NMDC,NMDC Limited,INE584A01023,03-MAR-2008,1,0.01,1
625153,NOCIL,NOCIL Limited,INE163A01018,17-JAN-1996,10,0.01,1
2761217,NOIDATOLL,Noida Toll Bridge Company Limited,INE781B01015,06-DEC-2002,10,0.01,1
1064961,NORBTEAEXP,Norben Tea & Exports Limited,INE369C01017,26-JUN-1996,10,0.01,1
6509057,NORTHARC,Northern Arc Capital Limited,INE850M01015,24-SEP-2024,10,0.05,1
2305793,NOVARTIND,Novartis India Limited,INE234A01025,20-APR-2026,5,0.1,1
193618945,NPST,Network People Services Technologies Limited,INE0FFK01017,30-APR-2025,10,0.1,1
5200385,NRAIL,N R Agarwal Industries Limited,INE740D01017,05-APR-2017,10,0.05,1
1933569,NRBBEARING,NRB Bearing Limited,INE349A01021,08-MAR-2000,2,0.05,1
2877185,NSIL,Nalwa Sons Investments Limited,INE023A01030,17-NOV-2003,10,0.5,1
3630081,NSLNISP,NMDC Steel Limited,INE0NNS01018,20-FEB-2023,10,0.01,1
195788289,NTCIND,NTC Industries Limited,INE920C01017,17-AUG-2026,10,0.01,1
2977281,NTPC,NTPC Limited,INE733E01010,05-NOV-2004,10,0.05,1
6957057,NTPCGREEN,NTPC Green Energy Limited,INE0ONG01011,27-NOV-2024,10,0.01,1
2762497,NUCLEUS,Nucleus Software Exports Limited,INE096B01018,19-DEC-2002,10,0.05,1
4792577,NUVAMA,Nuvama Wealth Management Limited,INE531F01023,26-SEP-2023,2,0.1,1
1389057,NUVOCO,Nuvoco Vistas Corporation Limited,INE118D01016,23-AUG-2021,10,0.05,1
1675521,NYKAA,FSN E-Commerce Ventures Limited,INE388Y01029,10-NOV-2021,1,0.05,1
2756609,OAL,Oriental Aromatics Limited,INE959C01023,11-JUL-2019,5,0.05,1
2252033,OBCL,OBCL Limited,INE426Z01016,07-APR-2022,10,0.01,1
5181953,OBEROIRLTY,Oberoi Realty Limited,INE093I01010,20-OCT-2010,10,0.1,1
7058177,ODIGMA,Odigma Consultancy Solutions Limited,INE054301028,12-DEC-2024,1,0.01,1
195789569,ODYCORP,Odyssey Corporation Limited,INE839E01023,17-AUG-2026,5,0.01,1
2748929,OFSS,Oracle Financial Services Software Limited,INE881D01027,28-JUN-2002,5,1.0,1
4464129,OIL,Oil India Limited,INE274J01014,30-SEP-2009,10,0.05,1
6342913,OLAELEC,Ola Electric Mobility Limited,INE0LXG01040,09-AUG-2024,10,0.01,1
2723073,OLECTRA,Olectra Greentech Limited,INE260D01016,20-MAR-2002,4,0.1,1
2796033,OMAXAUTO,Omax Autos Limited,INE090B01011,20-FEB-2003,10,0.01,1
3802369,OMAXE,Omaxe Limited,INE800H01010,09-AUG-2007,10,0.01,1
6203137,OMINFRAL,OM INFRA LIMITED,INE239D01028,17-JUN-2011,1,0.01,1
194781441,OMNI,Omnitech Engineering Limited,INE0UH301010,05-MAR-2026,5,0.05,1
195182593,OMPOWER,Om Power Transmission Limited,INE25E901019,17-APR-2026,10,0.01,1
195901953,ONEGLOBAL,One Global Service Provider Limited,INE670O01013,17-AUG-2026,10,0.05,1
2544385,ONEPOINT,One Point One Solutions Limited,INE840Y01029,09-MAY-2019,2,0.01,1
7481345,ONESOURCE,Onesource Specialty Pharma Limited,INE013P01021,24-JAN-2025,1,0.1,1
633601,ONGC,Oil & Natural Gas Corporation Limited,INE213A01029,19-JUL-1995,5,0.01,1
563713,ONIDA,Onida Electronics Limited,INE831A01028,24-MAY-2004,1,0.01,1
195790849,ONIXSOLAR,Onix Solar Energy Limited,INE173M01012,17-AUG-2026,10,0.05,1
635137,ONWARDTEC,Onward Technologies Limited,INE229A01017,07-MAR-2001,10,0.05,1
5496065,OPTIEMUS,Optiemus Infracom Limited,INE350C01017,08-AUG-2017,10,0.05,1
195792129,OPTIFIN,Optimus Finance Limited,INE031G01022,17-AUG-2026,1,0.01,1
7549953,ORCHASP,Orchasp Limited,INE215B01022,07-FEB-2025,2,0.01,1
237057,ORCHPHARMA,Orchid Pharma Limited,INE191A01027,02-NOV-2020,10,0.05,1
2600705,ORICONENT,Oricon Enterprises Limited,INE730A01022,24-JUL-2015,2,0.01,1
3672577,ORIENTALTL,Oriental Trimex Limited,INE998H01012,07-MAR-2007,10,0.01,1
3655169,ORIENTBELL,Orient Bell Limited,INE607D01018,14-FEB-2007,10,0.05,1
7702785,ORIENTCEM,Orient Cement Limited,INE876N01018,12-JUL-2013,1,0.01,1
3356417,ORIENTCER,ORIENT CERATECH LIMITED,INE569C01020,15-DEC-2005,1,0.01,1
760833,ORIENTELEC,Orient Electric Limited,INE142Z01019,14-MAY-2018,1,0.01,1
638209,ORIENTHOT,Oriental Hotels Limited,INE750A01020,27-AUG-1998,1,0.01,1
638977,ORIENTPPR,Orient Paper & Industries Limited,INE592A01026,29-MAR-1995,1,0.01,1
6390017,ORIENTTECH,Orient Technologies Limited,INE0PPK01015,28-AUG-2024,10,0.01,1
195793409,ORIRAIL,Oriental Rail Infrastructure Limited,INE457G01029,17-AUG-2026,1,0.01,1
5102337,ORISSAMINE,The Orissa Minerals Development Company Limited,INE725E01024,29-SEP-2010,1,0.1,1
194449665,ORKLAINDIA,Orkla India Limited,INE16NZ01023,06-NOV-2025,1,0.05,1
762625,ORTINGLOBE,ORTIN GLOBAL LIMITED,INE749B01020,30-MAR-2021,10,0.01,1
643585,OSWALAGRO,Oswal Agro Mills Limited,INE142A01012,29-MAR-1995,10,0.01,1
120577,OSWALGREEN,Oswal Greentech Limited,INE143A01010,28-AUG-1996,10,0.01,1
193741313,OSWALPUMPS,Oswal Pumps Limited,INE0BYP01024,20-JUN-2025,1,0.05,1
3662081,OSWALSEEDS,ShreeOswal Seeds And Chemicals Limited,INE00IK01029,28-FEB-2023,2,0.01,1
194391553,PACEDIGITK,Pace Digitek Limited,INE0S3G01027,06-OCT-2025,2,0.01,1
195794689,PACIFICI,Pacific Industries Limited,INE883C01025,17-AUG-2026,10,0.01,1
3689729,PAGEIND,Page Industries Limited,INE761H01022,16-MAR-2007,10,5.0,1
6519809,PAISALO,Paisalo Digital Limited,INE420C01059,17-OCT-2011,1,0.01,1
4402433,PAKKA,PAKKA LIMITED,INE551D01018,11-JUL-2023,10,0.01,1
5474049,PALASHSECU,Palash Securities Limited,INE471W01019,28-JUL-2017,10,0.01,1
4367873,PALREDTEC,Palred Technologies Limited,INE218G01033,09-MAY-2016,10,0.01,1
1038081,PANACEABIO,Panacea Biotec Limited,INE922B01023,17-APR-1996,1,0.05,1
6500353,PANAMAPET,Panama Petrochem Limited,INE305C01029,30-SEP-2011,2,0.05,1
195795969,PANCHMAHQ,Panchmahal Steel Limited,INE798F01010,17-AUG-2026,10,0.05,1
195875841,PANORAMA,Panorama Studios International Limited,INE258R01028,17-AUG-2026,2,0.01,1
1572097,PANSARI,Pansari Developers Limited,INE697V01011,18-OCT-2021,10,0.05,1
3571457,PARACABLES,Paramount Communications Limited,INE074B01023,03-JAN-2007,2,0.01,1
2493697,PARADEEP,Paradeep Phosphates Limited,INE088F01024,27-MAY-2022,10,0.01,1
4385281,PARAGMILK,Parag Milk Foods Limited,INE883N01014,19-MAY-2016,10,0.05,1
1513217,PARAS,Paras Defence and Space Technologies Limited,INE045601023,01-OCT-2021,5,0.1,1
1016833,PARASPETRO,Paras Petrofils Limited,INE162C01024,14-FEB-1996,1,0.01,1
194649857,PARKHOSPS,Park Medi World Limited,INE119201023,17-DEC-2025,2,0.05,1
5798145,PARKHOTELS,Apeejay Surrendra Park Hotels Limited,INE988S01028,12-FEB-2024,1,0.01,1
195797249,PARNAXLAB,Parnax Lab Limited,INE383L01019,17-AUG-2026,10,0.01,1
194036481,PASHUPATI,Pashupati Cotspin Limited,INE124Y01028,17-JUL-2025,1,0.01,1
4359425,PATANJALI,Patanjali Foods Limited,INE619A01035,24-JAN-2020,2,0.05,1
2994945,PATELENG,Patel Engineering Limited,INE244B01030,24-FEB-2005,1,0.01,1
194416385,PATELRMART,Patel Retail Limited,INE0R8B01010,26-AUG-2025,10,0.01,1
194552065,PAUSHAKLTD,Paushak Limited,INE111F01024,01-DEC-2025,5,0.05,1
4145153,PAVNAIND,Pavna Industries Limited,INE07S101038,01-JUN-2023,1,0.01,1
1716481,PAYTM,One 97 Communications Limited,INE982J01020,18-NOV-2021,1,0.1,1
195877121,PBMPOLY,PBM Polytex Limited,INE501F01018,17-AUG-2026,10,0.01,1
678145,PCBL,PCBL Chemical Limited,INE602A01031,29-MAR-1995,1,0.05,1
7455745,PCJEWELLER,PC Jeweller Limited,INE785M01021,27-DEC-2012,1,0.01,1
3936513,PDMJEPAPER,Pudumjee Paper Products Limited,INE865T01018,30-MAR-2016,1,0.01,1
1347585,PDSL,PDS Limited,INE111Q01021,21-OCT-2014,2,0.05,1
668161,PEARLPOLY,Pearl Polymers Limited,INE844A01013,11-OCT-1995,10,0.01,1
5278977,PENIND,Pennar Industries Limited,INE932A01024,25-NOV-2010,5,0.01,1
577537,PENINLAND,Peninsula Land Limited,INE138A01028,08-FEB-1995,2,0.01,1
195798529,PERMAGN,Permanent Magnets Limited,INE418E01018,17-AUG-2026,10,0.05,1
195985409,PERNIASPOP,Purple Style Labs Limited,INE0I1B01016,07-SEP-2026,10,0.05,1
4701441,PERSISTENT,Persistent Systems Limited,INE262H01021,06-APR-2010,5,0.5,1
2905857,PETRONET,Petronet LNG Limited,INE347G01014,26-MAR-2004,10,0.05,1
3660545,PFC,Power Finance Corporation Limited,INE134E01011,23-FEB-2007,10,0.05,1
676609,PFIZER,Pfizer Limited,INE182A01018,28-APR-1999,10,0.1,1
3454977,PFOCUS,Prime Focus Limited,INE367G01038,20-JUN-2006,1,0.05,1
5786113,PFS,PTC India Financial Services Limited,INE560K01014,30-MAR-2011,10,0.01,1
6491649,PGEL,PG Electroplast Limited,INE457L01029,26-SEP-2011,1,0.05,1
648961,PGHH,Procter & Gamble Hygiene and Health Care Limited,INE179A01014,07-JUL-2004,10,0.5,1
240641,PGHL,Procter & Gamble Health Limited,INE199A01012,24-APR-1996,10,0.5,1
3650561,PGIL,Pearl Global Industries Limited,INE940H01022,15-FEB-2007,5,0.1,1
3725313,PHOENIXLTD,The Phoenix Mills Limited,INE211B01039,23-APR-2007,2,0.1,1
680449,PHOENXINTL,Phoenix International Limited,INE245B01011,17-AUG-2026,10,0.01,1
193985025,PICCADIL,Piccadily Agro Industries Limited,INE546C01010,02-JUL-2025,10,0.05,1
681985,PIDILITIND,Pidilite Industries Limited,INE318A01026,29-MAR-1995,1,0.1,1
4023297,PIGL,Power & Instrumentation (Gujarat) Limited,INE557Z01018,17-MAY-2023,10,0.01,1
6191105,PIIND,PI Industries Limited,INE603J01030,15-JUN-2011,1,0.1,1
2929921,PILANIINVS,Pilani Investment and Industries Corporation Limited,INE417C01014,08-DEC-2015,10,0.1,1
7893761,PILITA,PIL ITALICA LIFESTYLE LIMITED,INE600A01035,07-OCT-2013,1,0.01,1
194513921,PINELABS,Pine Labs Limited,INE15B701018,14-NOV-2025,1,0.01,1
3446529,PIONEEREMB,Pioneer Embroideries Limited,INE156C01018,16-MAY-2006,10,0.01,1
194445057,PIRAMALFIN,Piramal Finance Limited,INE202B01038,07-NOV-2025,2,0.1,1
3618305,PITTIENG,Pitti Engineering Limited,INE450D01021,02-FEB-2007,5,0.1,1
2326273,PIXTRANS,Pix Transmissions Limited,INE751B01018,28-APR-2022,10,0.1,1
2642177,PKTEA,The Peria Karamalai Tea & Produce Company Limited,INE431F01018,19-AUG-2015,10,0.05,1
3563521,PLASTIBLEN,Plastiblends India Limited,INE083C01022,28-DEC-2006,5,0.01,1
5870081,PLATIND,Platinum Industries Limited,INE0PT501018,05-MAR-2024,10,0.01,1
4981249,PLAZACABLE,Plaza Wires Limited,INE0INJ01017,12-OCT-2023,10,0.01,1
195285505,PML,Paul Merchants Limited,INE291E01019,20-APR-2026,10,0.05,1
2730497,PNB,Punjab National Bank,INE160A01022,24-APR-2002,2,0.01,1
2236417,PNBGILTS,PNB Gilts Limited,INE859A01011,18-SEP-2000,10,0.01,1
4840449,PNBHOUSING,PNB Housing Finance Limited,INE572E01012,07-NOV-2016,10,0.1,1
2391553,PNC,Pritish Nandy Communications Limited,INE392B01011,11-DEC-2000,10,0.01,1
2402561,PNCINFRA,PNC Infratech Limited,INE195J01029,26-MAY-2015,2,0.01,1
6479873,PNGJL,P N Gadgil Jewellers Limited,INE953R01016,17-SEP-2024,10,0.05,1
194621953,PNGSREVA,PNGS Reva Diamond Jewellery Limited,INE1RDG01013,04-MAR-2026,10,0.05,1
3682561,POCL,Pondy Oxides & Chemicals Limited,INE063E01061,06-MAR-2023,2,0.05,1
4873217,PODDARMENT,Poddar Pigments Limited,INE371C01013,22-NOV-2016,10,0.05,1
195800321,POEL,POCL Enterprises Limited,INE035S01028,17-AUG-2026,2,0.01,1
4518657,POKARNA,Pokarna Limited,INE637C01025,07-JUL-2016,2,0.05,1
1703937,POLICYBZR,PB Fintech Limited,INE417T01026,15-NOV-2021,2,0.1,1
2455041,POLYCAB,Polycab India Limited,INE455K01017,16-APR-2019,10,0.5,1
6583809,POLYMED,Poly Medicure Limited,INE205C01021,07-DEC-2011,5,0.1,1
687873,POLYPLEX,Polyplex Corporation Limited,INE633B01018,11-APR-2003,10,0.1,1
195878401,POLYSPIN,Polyspin Exports Limited,INE914G01029,17-AUG-2026,5,0.01,1
2729217,PONNIERODE,Ponni Sugars (Erode) Limited,INE838E01017,16-APR-2002,10,0.05,1
2919169,POONAWALLA,Poonawalla Fincorp Limited,INE511C01022,27-APR-2004,2,0.05,1
3834113,POWERGRID,Power Grid Corporation of India Limited,INE752E01010,05-OCT-2007,10,0.05,1
194990081,POWERICA,Powerica Limited,INE921L01032,02-APR-2026,5,0.05,1
4724993,POWERINDIA,Hitachi Energy India Limited,INE07Y701011,30-MAR-2020,2,5.0,1
2681089,POWERMECH,Power Mech Projects Limited,INE211R01019,26-AUG-2015,10,0.1,1
2962177,PPLPHARMA,Piramal Pharma Limited,INE0DK501011,19-OCT-2022,10,0.01,1
7714305,PRABHA,Prabha Energy Limited,INE0I0M01023,19-MAR-2025,1,0.01,1
3568897,PRAENG,Prajay Engineers Syndicate Limited,INE505C01016,02-JAN-2007,10,0.01,1
692481,PRAJIND,Praj Industries Limited,INE074A01025,11-OCT-1995,2,0.05,1
693249,PRAKASH,Prakash Industries Limited,INE603A01013,10-MAY-1995,10,0.01,1
5017345,PRAKASHSTL,Prakash Steelage Limited,INE696K01024,25-AUG-2010,1,0.01,1
195288065,PRAVEG,Praveg Limited,INE722B01019,20-APR-2026,10,0.05,1
308225,PRAXIS,Praxis Home Retail Limited,INE546Y01022,31-JAN-2018,5,0.01,1
3226369,PRECAM,Precision Camshafts Limited,INE484I01029,08-FEB-2016,10,0.01,1
694017,PRECOT,Precot Limited,INE283A01014,19-AUG-2005,10,0.05,1
695553,PRECWIRE,Precision Wires India Limited,INE372C01037,06-SEP-1995,1,0.05,1
195289345,PREMCO,Premco Global Limited,INE001E01012,20-APR-2026,10,0.05,1
4453633,PREMEXPLN,Premier Explosives Limited,INE863B01029,17-JUN-2016,2,0.05,1
6412545,PREMIERENE,Premier Energies Limited,INE0BS701011,03-SEP-2024,1,0.1,1
1000449,PREMIERPOL,Premier Polyfilm Limited,INE309M01020,13-DEC-1995,1,0.01,1
5197313,PRESTIGE,Prestige Estates Projects Limited,INE811K01011,27-OCT-2010,10,0.1,1
5025537,PRICOLLTD,Pricol Limited,INE726V01018,10-FEB-2017,1,0.05,1
3037185,PRIMESECU,Prime Securities Limited,INE032B01021,17-JUN-2005,5,0.05,1
193772801,PRIMO,Primo Chemicals Limited,INE607A01022,22-APR-2025,2,0.01,1
4107521,PRINCEPIPE,Prince Pipes And Fittings Limited,INE689W01016,30-DEC-2019,10,0.05,1
195879681,PRISMX,Prismx Global Ventures Limited,INE286N01028,17-AUG-2026,1,0.01,1
2259201,PRIVISCL,Privi Speciality Chemicals Limited,INE959A01019,08-MAY-2015,10,0.1,1
194092289,PROSTARM,Prostarm Info Systems Limited,INE0BX301013,03-JUN-2025,10,0.01,1
7544833,PROTEAN,Protean eGov Technologies Limited,INE004A01022,06-FEB-2025,10,0.05,1
7387905,PROZONER,Prozone Realty Limited,INE195N01013,12-SEP-2012,2,0.01,1
701185,PRSMJOHNSN,Prism Johnson Limited,INE010A01011,20-AUG-2003,10,0.01,1
2445569,PRUDENT,Prudent Corporate Advisory Services Limited,INE00F201020,20-MAY-2022,5,0.1,1
5376257,PSB,Punjab & Sind Bank,INE608A01012,30-DEC-2010,10,0.01,1
5344513,PSPPROJECT,PSP Projects Limited,INE488V01015,29-MAY-2017,10,0.05,1
2906881,PTC,PTC India Limited,INE877F01012,07-APR-2004,10,0.01,1
4270593,PTCIL,PTC Industries Limited,INE596F01018,09-JUN-2023,10,5.0,1
3609857,PTL,PTL Enterprises Limited,INE034D01049,29-JAN-2007,1,0.01,1
1112065,PUNJABCHEM,Punjab Chemicals & Crop Protection Limited,INE277B01014,08-MAR-2007,10,0.1,1
3820033,PURVA,Puravankara Limited,INE323I01011,30-AUG-2007,5,0.01,1
1026561,PVP,PVP Ventures Limited,INE362A01016,03-APR-1996,10,0.01,1
3365633,PVRINOX,PVR INOX Limited,INE191H01014,04-JAN-2006,10,0.1,1
5924353,PVSL,Popular Vehicles and Services Limited,INE772T01024,19-MAR-2024,2,0.01,1
194489089,PWL,Physicswallah Limited,INE0LP301011,18-NOV-2025,1,0.01,1
4672001,PYRAMID,Pyramid Technoplast Limited,INE0MIS01010,29-AUG-2023,10,0.01,1
7606017,QPOWER,Quality Power Electrical Equipments Limited,INE0SII01026,24-FEB-2025,10,0.1,1
7446273,QUADFUTURE,Quadrant Future Tek Limited,INE0LRY01011,14-JAN-2025,10,0.05,1
4532225,QUESS,Quess Corp Limited,INE615P01015,12-JUL-2016,10,0.05,1
3357697,QUICKHEAL,Quick Heal Technologies Limited,INE306L01010,18-FEB-2016,10,0.01,1
195290625,QUINT,Quint Digital Limited,INE641R01017,20-APR-2026,10,0.01,1
3940097,RACE,Race Eco Chain Limited,INE084Q01012,09-MAY-2023,10,0.01,1
6955777,RACLGEAR,RACL Geartech Limited,INE704B01017,27-NOV-2024,10,0.1,1
2798593,RADAAN,Radaan Mediaworks India Limited,INE874F01027,27-FEB-2003,2,0.01,1
2647809,RADHIKAJWE,Radhika Jeweltech Limited,INE583V01021,18-JUL-2022,2,0.01,1
3476481,RADIANTCMS,Radiant Cash Management Services Limited,INE855R01021,04-JAN-2023,1,0.01,1
2813441,RADICO,Radico Khaitan Limited,INE944F01028,18-JUN-2003,2,0.1,1
5088513,RADIOCITY,Music Broadcast Limited,INE919I01024,17-MAR-2017,2,0.01,1
622337,RAILTEL,Railtel Corporation Of India Limited,INE0DD101019,26-FEB-2021,10,0.05,1
3926273,RAIN,Rain Industries Limited,INE855B01025,03-MAR-2008,2,0.01,1
2408449,RAINBOW,Rainbow Childrens Medicare Limited,INE961O01016,10-MAY-2022,10,0.1,1
555009,RAJMET,Rajnandini Metal Limited,INE00KV01022,16-FEB-2021,1,0.01,1
195291905,RAJPALAYAM,Rajapalayam Mills Limited,INE296E01026,20-APR-2026,10,0.05,1
4854273,RAJRATAN,Rajratan Global Wire Limited,INE451D01029,22-MAY-2020,2,0.05,1
719105,RAJSREESUG,Rajshree Sugars & Chemicals Limited,INE562B01019,29-MAR-1995,10,0.01,1
3687169,RAJTV,Raj Television Network Limited,INE952H01027,16-MAR-2007,5,0.01,1
720897,RALLIS,Rallis India Limited,INE613A01020,01-APR-1999,1,0.01,1
3472641,RAMANEWS,Shree Rama Newsprint Limited,INE278B01020,20-SEP-2006,10,0.01,1
2705409,RAMAPHO,Rama Phosphates Limited,INE809A01032,05-AUG-2022,5,0.01,1
195130113,RAMBHAJO,Advit Jewels Limited,INE1SJO01012,01-JUL-2026,10,0.01,1
523009,RAMCOCEM,The Ramco Cements Limited,INE331A01037,09-APR-1997,1,0.05,1
1174273,RAMCOIND,Ramco Industries Limited,INE614A01028,06-NOV-1996,1,0.05,1
2009857,RAMCOSYS,Ramco Systems Limited,INE246B01019,12-APR-2000,10,0.05,1
5154305,RAMKY,Ramky Infrastructure Limited,INE874I01013,08-OCT-2010,10,0.05,1
2684161,RAMRAT,Ram Ratna Wires Limited,INE207E01023,29-JUL-2022,5,0.05,1
726273,RANASUG,Rana Sugars Limited,INE625B01014,24-FEB-2005,10,0.01,1
728065,RANEHOLDIN,Rane Holdings Limited,INE384A01010,24-SEP-1997,10,0.1,1
1837313,RATEGAIN,Rategain Travel Technologies Limited,INE0CLI01024,17-DEC-2021,1,0.05,1
3443457,RATNAMANI,Ratnamani Metals & Tubes Limited,INE703B01027,09-MAY-2006,2,0.1,1
4716289,RATNAVEER,Ratnaveer Precision Engineering Limited,INE05CZ01011,11-SEP-2023,10,0.05,1
731905,RAYMOND,Raymond Limited,INE301A01014,18-OCT-1995,10,0.05,1
6418689,RAYMONDLSL,Raymond Lifestyle Limited,INE02ID01020,05-SEP-2024,2,0.05,1
194189057,RAYMONDREL,Raymond Realty Limited,INE1SY401010,01-JUL-2025,10,0.05,1
382465,RBA,Restaurant Brands Asia Limited,INE07T201019,14-DEC-2020,10,0.01,1
4708097,RBLBANK,RBL Bank Limited,INE976G01028,31-AUG-2016,10,0.05,1
733697,RCF,Rashtriya Chemicals and Fertilizers Limited,INE027A01015,07-JAN-1998,10,0.01,1
3930881,RECLTD,REC Limited,INE020B01018,12-MAR-2008,10,0.05,1
3649281,REDINGTON,Redington Limited,INE891D01026,15-FEB-2007,2,0.05,1
4571905,REDTAPE,Redtape Limited,INE0LXT01019,11-AUG-2023,2,0.01,1
4547585,REFEX,Refex Industries Limited,INE056I01025,03-DEC-2009,2,0.05,1
194222081,REGAAL,Regaal Resources Limited,INE0MHO01029,20-AUG-2025,5,0.01,1
1057281,REGENCERAM,Regency Ceramics Limited,INE277C01012,05-JUN-1996,10,0.01,1
6201601,RELAXO,Relaxo Footwears Limited,INE131B01039,17-JUN-2011,1,0.05,1
2470913,RELCHEMQ,Reliance Chemotex Industries Limited,INE750D01016,25-MAY-2022,10,0.01,1
6240769,RELIABLE,Reliable Data Services Limited,INE375Y01018,10-JUL-2024,10,0.01,1
738561,RELIANCE,Reliance Industries Limited,INE002A01018,29-NOV-1995,10,0.1,1
3857409,RELIGARE,Religare Enterprises Limited,INE621H01010,21-NOV-2007,10,0.01,1
6296577,RELTD,Ravindra Energy Limited,INE206N01018,30-JUL-2024,10,0.01,1
1015041,REMSONSIND,Remsons Industries Limited,INE474C01023,31-JAN-1996,2,0.01,1
3078657,RENUKA,Shree Renuka Sugars Limited,INE087H01022,31-OCT-2005,1,0.01,1
7577089,REPCOHOME,Repco Home Finance Limited,INE612J01015,01-APR-2013,10,0.05,1
3360257,REPRO,Repro India Limited,INE461B01014,22-DEC-2005,10,0.05,1
5202689,RESPONIND,Responsive Industries Limited,INE688D01026,29-OCT-2010,1,0.01,1
6181121,RETAIL,JHS Svendgaard Retail Ventures Limited,INE03DD01011,26-JUN-2024,10,0.01,1
3873025,RGL,Renaissance Global Limited,INE722H01024,12-DEC-2007,2,0.01,1
194319873,RHETAN,Rhetan TMT Limited,INE0KKN01029,26-SEP-2025,1,0.01,1
7977729,RHIM,RHI MAGNESITA INDIA LIMITED,INE743M01012,12-MAR-2012,1,0.05,1
3880193,RHL,Robust Hotels Limited,INE508K01013,25-APR-2023,10,0.01,1
744705,RICOAUTO,Rico Auto Industries Limited,INE209B01025,12-MAY-2003,1,0.01,1
745473,RIIL,Reliance Industrial Infrastructure Limited,INE046A01015,29-NOV-1995,10,0.05,1
195614977,RIR,RIR Power Electronics Limited,INE302D01024,16-JUL-2026,2,0.01,1
4714753,RISHABH,Rishabh Instruments Limited,INE0N2P01017,11-SEP-2023,10,0.05,1
2289665,RITCO,Ritco Logistics Limited,INE01EG01016,12-APR-2022,10,0.05,1
962817,RITES,RITES Limited,INE320J01015,02-JUL-2018,10,0.01,1
5363201,RKDL,Ravi Kumar Distilleries Limited,INE722J01012,27-DEC-2010,10,0.01,1
396033,RKEC,RKEC Projects Limited,INE786W01010,18-DEC-2020,10,0.01,1
2921217,RKFORGE,Ramkrishna Forgings Limited,INE399G01023,05-MAY-2004,2,0.05,1
5899009,RKSWAMY,R K Swamy Limited,INE0NQ801033,12-MAR-2024,5,0.01,1
195160577,RMC,RMC Switchgears Limited,INE655V01019,01-APR-2026,10,0.01,1
3065601,RML,Rane (Madras) Limited,INE050H01012,30-AUG-2005,10,0.1,1
3374593,ROHLTD,Royal Orchid Hotels Limited,INE283H01019,06-FEB-2006,10,0.05,1
1351425,ROLEXRINGS,Rolex Rings Limited,INE645S01024,09-AUG-2021,1,0.01,1
91905,ROML,Raj Oil Mills Limited,INE294G01026,06-OCT-2020,10,0.01,1
4968961,ROSSARI,Rossari Biotech Limited,INE02A801020,23-JUL-2020,2,0.05,1
7401729,ROSSELLIND,Rossell India Limited,INE847C01020,25-SEP-2012,2,0.01,1
7002369,ROSSTECH,Rossell Techsys Limited,INE0OJW01016,09-DEC-2024,2,0.1,1
2316545,ROTO,Roto Pumps Limited,INE535D01037,21-APR-2022,1,0.01,1
32769,ROUTE,ROUTE MOBILE LIMITED,INE450U01017,21-SEP-2020,10,0.05,1
6332161,RPEL,Raghav Productivity Enhancers Limited,INE912T01018,08-AUG-2024,10,0.1,1
4281601,RPGLIFE,RPG Life Sciences Limited,INE105J01010,10-JUN-2008,8,0.1,1
3906305,RPOWER,Reliance Power Limited,INE614G01033,11-FEB-2008,10,0.01,1
5314561,RPPINFRA,R.P.P. Infra Projects Limited,INE324L01013,06-DEC-2010,10,0.01,1
2078465,RPSGVENT,RPSG VENTURES LIMITED,INE425Y01011,25-JAN-2019,10,0.05,1
5803521,RPTECH,Rashi Peripherals Limited,INE0J1F01024,14-FEB-2024,5,0.05,1
195801601,RRECL,RDB Real Estate Constructions Limited,INE0AK901016,17-AUG-2026,10,0.01,1
195293185,RRIL,RRIL Limited,INE951M01037,20-APR-2026,5,0.01,1
4752897,RRKABEL,R R Kabel Limited,INE777K01022,20-SEP-2023,5,0.1,1
194928385,RSL,Rajputana Stainless Limited,INE313L01016,19-MAR-2026,10,0.01,1
1645825,RSSOFTWARE,R. S. Software (India) Limited,INE165B01029,19-MAY-1999,5,0.01,1
3433985,RSYSTEMS,R Systems International Limited,INE411H01032,26-APR-2006,1,0.01,1
6988033,RTNINDIA,RattanIndia Enterprises Limited,INE834M01019,30-JUL-2012,2,0.01,1
4485121,RTNPOWER,RattanIndia Power Limited,INE399K01017,30-OCT-2009,10,0.01,1
195802881,RTSPOWR,RTS Power Corporation Limited,INE005C01017,17-AUG-2026,10,0.01,1
6330881,RUBFILA,Rubfila International Limited,INE642C01025,08-AUG-2024,5,0.01,1
194384897,RUBICON,Rubicon Research Limited,INE506V01022,16-OCT-2025,1,0.1,1
752385,RUBYMILLS,The Ruby Mills Limited,INE301D01026,29-MAR-1995,5,0.05,1
1168897,RUCHINFRA,Ruchi Infrastructure Limited,INE413B01023,16-OCT-1996,1,0.01,1
3538177,RUCHIRA,Ruchira Papers Limited,INE803H01014,20-DEC-2006,10,0.01,1
194660353,RUDRA,Rudra Global Infra Products Limited,INE027T01023,19-DEC-2025,5,0.01,1
6585345,RUPA,Rupa & Company Limited,INE895B01021,07-DEC-2011,1,0.01,1
6296321,RUSHIL,Rushil Decor Limited,INE573K01025,07-JUL-2011,1,0.01,1
3128065,RUSTOMJEE,Keystone Realtors Limited,INE263M01029,24-NOV-2022,10,0.05,1
400641,RVHL,Ravinder Heights Limited,INE09E501017,18-DEC-2020,1,0.01,1
2445313,RVNL,Rail Vikas Nigam Limited,INE415G01027,11-APR-2019,10,0.01,1
6440193,RVTH,Revathi Equipment India Limited,INE0DAB01012,11-SEP-2024,10,0.05,1
755457,S&SPOWER,S&S Power Switchgears Limited,INE902B01017,27-SEP-1995,10,0.05,1
194318593,SAATVIKGL,Saatvik Green Energy Limited,INE13B501022,26-SEP-2025,2,0.05,1
195804161,SAB,SAB Industries Limited,INE137M01017,17-AUG-2026,10,0.01,1
3388417,SADBHAV,Sadbhav Engineering Limited,INE226H01026,01-MAR-2006,1,0.01,1
3336961,SAFARI,Safari Industries (India) Limited,INE429E01023,12-SEP-2019,2,0.1,1
2092801,SAGARDEEP,Sagardeep Alloys Limited,INE976T01013,25-JAN-2019,10,0.01,1
3601409,SAGCEM,Sagar Cements Limited,INE229C01021,29-JAN-2007,2,0.01,1
6925313,SAGILITY,SAGILITY LIMITED,INE0W2G01015,12-NOV-2024,10,0.01,1
194992129,SAHLIBHFI,Shalibhadra Finance Limited,INE861D01011,10-APR-2026,10,0.01,1
3814401,SAHYADRI,Sahyadri Industries Limited,INE280H01015,06-APR-2023,10,0.05,1
195805441,SAICAPI,Sai Capital Limited,INE531X01018,17-AUG-2026,10,0.01,1
758529,SAIL,Steel Authority of India Limited,INE114A01011,06-JUL-1995,10,0.01,1
7126785,SAILIFE,Sai Life Sciences Limited,INE570L01029,18-DEC-2024,1,0.1,1
194988801,SAIPARENT,Sai Parenterals Limited,INE0H9F01037,02-APR-2026,5,0.05,1
2441985,SAKAR,Sakar Healthcare Limited,INE732S01012,11-APR-2019,10,0.05,1
760065,SAKHTISUG,Sakthi Sugars Limited,INE623A01011,06-SEP-1995,10,0.01,1
3019265,SAKSOFT,Saksoft Limited,INE667G01023,09-MAY-2005,1,0.01,1
3392257,SAKUMA,Sakuma Exports Limited,INE190H01024,08-MAR-2006,1,0.01,1
5468673,SALASAR,Salasar Techno Engineering Limited,INE170V01027,25-JUL-2017,1,0.01,1
4441857,SALONA,Salona Cotspin Limited,INE498E01010,16-JUN-2016,10,0.05,1
2978305,SALSTEEL,S.A.L. Steel Limited,INE658G01014,24-NOV-2004,10,0.01,1
2918145,SALZERELEC,Salzer Electronics Limited,INE457F01013,02-DEC-2015,10,0.05,1
195806721,SAMBANDAM,Sambandam Spinning Mills Limited,INE304D01012,17-AUG-2026,10,0.01,1
1056513,SAMBHAAV,Sambhaav Media Limited,INE699B01027,05-JUN-1996,1,0.01,1
193988353,SAMBHV,Sambhv Steel Tubes Limited,INE12NJ01018,02-JUL-2025,10,0.01,1
4765185,SAMHI,Samhi Hotels Limited,INE08U801020,22-SEP-2023,1,0.01,1
7712001,SAMMAANCAP,Sammaan Capital Limited,INE148I01020,23-JUL-2013,2,0.01,1
6989569,SAMPANN,Sampann Utpadan India Limited,INE735M01018,27-JUL-2012,10,0.01,1
7374081,SANATHAN,Sanathan Textiles Limited,INE0JPD01013,27-DEC-2024,10,0.05,1
764929,SANDESH,The Sandesh Limited,INE583B01015,26-NOV-2002,10,0.1,1
613633,SANDHAR,Sandhar Technologies Limited,INE278H01035,02-APR-2018,10,0.05,1
4699905,SANDUMA,Sandur Manganese & Iron Ores Limited,INE149K01016,07-SEP-2023,10,0.01,1
1071105,SANGAMIND,Sangam (India) Limited,INE495C01010,17-JUL-1996,10,0.05,1
3598849,SANGHVIMOV,Sanghvi Movers Limited,INE989A01032,24-JAN-2007,1,0.05,1
369153,SANOFI,Sanofi India Limited,INE058A01010,19-MAY-2003,10,0.1,1
6456833,SANOFICONR,Sanofi Consumer Healthcare India Limited,INE0UOS01011,13-SEP-2024,10,0.1,1
1472257,SANSERA,Sansera Engineering Limited,INE953O01021,24-SEP-2021,2,0.1,1
6292993,SANSTAR,Sanstar Limited,INE08NE01025,26-JUL-2024,2,0.01,1
1719809,SAPPHIRE,Sapphire Foods India Limited,INE806T01020,18-NOV-2021,2,0.01,1
195295745,SAPPL,Shree Ajit Pulp & Paper Limited,INE185C01017,20-APR-2026,10,0.05,1
4546049,SARDAEN,Sarda Energy & Minerals Limited,INE385C01021,03-DEC-2009,1,0.05,1
1252353,SAREGAMA,Saregama India Limited,INE979A01025,30-JUL-1997,1,0.05,1
3595009,SARLAPOLY,Sarla Performance Fibers Limited,INE453D01025,19-JAN-2007,1,0.01,1
3305729,SARVESHWAR,Sarveshwar Foods Limited,INE324X01026,08-DEC-2022,1,0.01,1
3067649,SASKEN,Sasken Technologies Limited,INE231F01020,09-SEP-2005,10,0.1,1
2827521,SATIA,Satia Industries Limited,INE170E01023,17-JUL-2019,1,0.01,1
2675969,SATIN,Satin Creditcare Network Limited,INE836B01017,26-AUG-2015,10,0.01,1
772609,SAURASHCEM,Saurashtra Cement Limited,INE626A01014,27-FEB-2024,10,0.01,1
195297025,SAYAJIHOTL,Sayaji Hotels Limited,INE318C01014,20-APR-2026,10,0.05,1
195808001,SAYAJIIND,Sayaji Industries Limited,INE327G01032,17-AUG-2026,5,0.01,1
1738753,SBC,SBC Exports Limited,INE04AK01028,23-NOV-2021,1,0.01,1
1191937,SBCL,Shivalik Bimetal Controls Limited,INE386D01027,24-JUN-2021,2,0.1,1
4614657,SBFC,SBFC Finance Limited,INE423Y01016,16-AUG-2023,10,0.01,1
3619585,SBGLP,Suratwwala Business Group Limited,INE05ST01028,10-FEB-2023,1,0.01,1
4600577,SBICARD,SBI Cards and Payment Services Limited,INE018E01016,16-MAR-2020,10,0.05,1
195628289,SBIFUNDS,SBI Funds Management Limited,INE640G01020,21-JUL-2026,1,0.05,1
5582849,SBILIFE,SBI Life Insurance Company Limited,INE123W01016,03-OCT-2017,10,0.1,1
779521,SBIN,State Bank of India,INE062A01020,01-MAR-1995,1,0.1,1
258817,SCHAEFFLER,Schaeffler India Limited,INE513A01022,29-NOV-2000,2,0.1,1
5298689,SCHAND,S Chand And Company Limited,INE807K01035,09-MAY-2017,5,0.01,1
7995905,SCHNEIDER,Schneider Electric Infrastructure Limited,INE839M01018,20-MAR-2012,2,0.1,1
780289,SCI,Shipping Corporation Of India Limited,INE109A01011,13-AUG-1997,10,0.05,1
5920513,SCILAL,Shipping Corporation of India Land and Assets Limited,INE0PB301013,19-MAR-2024,10,0.01,1
193914369,SCODATUBES,Scoda Tubes Limited,INE090501011,04-JUN-2025,10,0.01,1
342529,SDBL,Som Distilleries & Breweries Limited,INE480C01038,18-MAR-2014,2,0.01,1
669697,SEAMECLTD,Seamec Limited,INE497B01018,28-JUN-1995,10,0.1,1
4990977,SECMARK,SecMark Consultancy Limited,INE0BTM01013,16-OCT-2023,10,0.01,1
2830849,SECURKLOUD,SECUREKLOUD TECHNOLOGIES LIMITED,INE650K01021,29-JAN-2014,5,0.01,1
194855169,SEDEMAC,SEDEMAC Mechatronics Limited,INE00XB01019,11-MAR-2026,10,0.1,1
195299585,SEIL,Shanti Educational Initiatives Limited,INE440T01028,20-APR-2026,1,0.01,1
1815297,SEJALLTD,Sejal Glass Limited,INE955I01044,13-DEC-2021,10,0.05,1
195809281,SEKURITIND,Saint Gobain Sekurit India Limited,INE068B01017,17-AUG-2026,10,0.01,1
3062017,SEMAC,Semac Construction Limited,INE617A01013,11-AUG-2005,10,0.05,1
4421377,SENCO,Senco Gold Limited,INE602W01027,14-JUL-2023,5,0.05,1
7395329,SENORES,Senores Pharmaceuticals Limited,INE0RB801010,30-DEC-2024,10,0.1,1
3918849,SEPC,SEPC Limited,INE964H01014,20-FEB-2008,10,0.01,1
1409793,SERVOTECH,Servotech Renewable Power System Limited,INE782X01033,02-SEP-2021,1,0.01,1
784897,SESHAPAPER,Seshasayee Paper and Boards Limited,INE630A01024,29-MAR-1995,2,0.01,1
7443201,SETL,Standard Engineering Technology Limited,INE0M4D01010,13-JAN-2025,10,0.05,1
4911105,SFL,Sheela Foam Limited,INE916U01025,09-DEC-2016,5,0.05,1
194266369,SGFIN,SG Finserve Limited,INE618R01015,05-AUG-2025,10,0.05,1
1309185,SGIL,Synergy Green Industries Limited,INE00QT01015,28-JUL-2021,10,0.05,1
3421953,SGL,STL Global Limited,INE353H01010,10-APR-2006,10,0.01,1
195903233,SGLRES,SGL Resources Limited,INE967B01028,17-AUG-2026,2,0.01,1
194275585,SGMART,SG Mart Limited,INE385F01024,12-SEP-2025,1,0.05,1
195810561,SGRL,Shree Ganesh Remedies Limited,INE414Y01015,17-AUG-2026,10,0.05,1
194936065,SHADOWFAX,Shadowfax Technologies Limited,INE12UN01015,28-JAN-2026,10,0.05,1
5195777,SHAH,Shah Metacorp Limited,INE482J01021,27-OCT-2010,1,0.01,1
2234113,SHAILY,Shaily Engineering Plastics Limited,INE151G01028,04-APR-2022,2,0.1,1
6546945,SHAKTIPUMP,Shakti Pumps (India) Limited,INE908D01010,29-JAN-2015,10,0.05,1
182785,SHALBY,Shalby Limited,INE597J01018,15-DEC-2017,10,0.01,1
5202177,SHANKARA,Shankara Building Products Limited,INE274V01019,05-APR-2017,10,0.01,1
195937793,SHANKESH,Shankesh Jewellers Limited,INE1WFC01025,25-AUG-2026,5,0.01,1
1446401,SHANTI,Shanti Overseas (India) Limited,INE933X01016,16-SEP-2021,10,0.01,1
787969,SHANTIGEAR,Shanthi Gears Limited,INE631A01022,17-JAN-1996,1,0.05,1
194048513,SHANTIGOLD,Shanti Gold International Limited,INE06ZD01017,01-AUG-2025,10,0.01,1
1277953,SHARDACROP,Sharda Cropchem Limited,INE221J01015,23-SEP-2014,10,0.05,1
2695681,SHARDAMOTR,Sharda Motor Industries Limited,INE597I01028,03-SEP-2015,2,0.05,1
26625,SHAREINDIA,Share India Securities Limited,INE932X01026,21-SEP-2020,2,0.01,1
195302145,SHBAJRG,Shri Bajrang Alliance Limited,INE402H01015,20-APR-2026,10,0.01,1
195811841,SHERVANI,Shervani Industrial Syndicate Limited,INE011D01013,17-AUG-2026,10,0.05,1
194520833,SHILCTECH,Shilchar Technologies Limited,INE024F01011,24-NOV-2025,10,0.1,1
195813121,SHILGRAVQ,Shilp Gravures Limited,INE960A01017,17-AUG-2026,10,0.01,1
4544513,SHILPAMED,Shilpa Medicare Limited,INE790G01031,03-DEC-2009,1,0.05,1
195303425,SHINDL,Sharat Industries Limited,INE220Z01013,20-APR-2026,10,0.01,1
195912193,SHIPROCKET,Shiprocket Limited,INE0FOO01011,19-AUG-2026,10,0.01,1
195814401,SHIVAAGRO,Shiva Global Agro Industries Limited,INE960E01019,17-AUG-2026,10,0.01,1
195880961,SHIVACEM,Shiva Cement Limited,INE555C01029,17-AUG-2026,2,0.01,1
1796097,SHIVALIK,Shivalik Rasayan Limited,INE788J01021,09-DEC-2021,5,0.05,1
3521537,SHIVAMAUTO,Shivam Autotech Limited,INE637H01024,21-NOV-2006,2,0.01,1
383233,SHIVAMILLS,Shiva Mills Limited,INE644Y01017,26-FEB-2018,10,0.01,1
205825,SHIVATEX,Shiva Texyarn Limited,INE705C01020,26-DEC-2017,10,0.01,1
194495233,SHIVAUM,Shiv Aum Steels Limited,INE719F01016,14-NOV-2025,10,0.05,1
2870273,SHK,S H Kelkar and Company Limited,INE500L01026,16-NOV-2015,10,0.01,1
3024129,SHOPERSTOP,Shoppers Stop Limited,INE498B01024,23-MAY-2005,5,0.05,1
195815681,SHRADDHA,Shraddha Prime Projects Limited,INE311M01018,17-AUG-2026,10,0.01,1
181249,SHRADHA,Shradha Realty Limited,INE715Y01031,22-OCT-2020,2,0.01,1
793345,SHREDIGCEM,Shree Digvijay Cement Co.Ltd,INE232A01011,28-JAN-2020,10,0.01,1
794369,SHREECEM,SHREE CEMENT LIMITED,INE070A01015,26-APR-1995,10,5.0,1
194418689,SHREEJISPG,Shreeji Shipping Global Limited,INE1B6101010,26-AUG-2025,10,0.05,1
2710529,SHREEPUSHK,Shree Pushkar Chemicals & Fertilisers Limited,INE712K01011,10-SEP-2015,10,0.05,1
1952513,SHREERAMA,Shree Rama Multi-Tech Limited,INE879A01019,13-MAR-2000,5,0.01,1
800257,SHREYANIND,Shreyans Industries Limited,INE231C01019,06-NOV-1996,10,0.01,1
195304705,SHRIKRISH,Shri Krishna Devcon Limited,INE997I01012,20-APR-2026,10,0.01,1
194327809,SHRINGARMS,Shringar House of Mangalsutra Limited,INE1B3L01017,17-SEP-2025,10,0.01,1
4399617,SHRIPISTON,SPR Auto Technologies Limited,INE526E01018,02-JUN-2016,10,0.1,1
1102337,SHRIRAMFIN,Shriram Finance Limited,INE721A01047,11-DEC-1996,2,0.1,1
1843201,SHRIRAMPPS,Shriram Properties Limited,INE217L01019,20-DEC-2021,10,0.01,1
195816961,SHRJAGP,Shri Jagdamba Polymers Limited,INE564J01026,17-AUG-2026,1,0.05,1
195721473,SHUKRAPHAR,Shukra Pharmaceuticals Limited,INE551C01044,14-AUG-2026,1,0.01,1
1201409,SHYAMMETL,Shyam Metalics and Energy Limited,INE810G01011,24-JUN-2021,10,0.1,1
3517441,SHYAMTEL,Shyam Telecom Limited,INE635A01023,06-NOV-2006,10,0.01,1
4320001,SICAGEN,Sicagen India Limited,INE176J01011,20-APR-2026,10,0.01,1
805633,SIEL,Superior Industrial Enterprises Limited,INE843L01012,17-AUG-2026,10,0.01,1
806401,SIEMENS,Siemens Limited,INE003A01024,06-SEP-1995,2,0.1,1
1705729,SIGACHI,Sigachi Industries Limited,INE0D0K01022,15-NOV-2021,1,0.01,1
4264449,SIGMA,Sigma Solve Limited,INE0A0S01028,09-JUN-2023,1,0.01,1
4798209,SIGNATURE,Signatureglobal (India) Limited,INE903U01023,27-SEP-2023,1,0.05,1
5799937,SIGNPOST,Signpost India Limited,INE0KGZ01021,14-FEB-2024,2,0.05,1
195305985,SIKA,Sika Interplant Systems Limited,INE438E01032,20-APR-2026,2,0.05,1
2892033,SIL,Standard Industries Limited,INE173A01025,27-JAN-2004,5,0.01,1
637953,SILGO,Silgo Retail Limited,INE01II01013,03-MAR-2021,10,0.01,1
1050881,SILINV,SIL Investments Limited,INE923A01015,22-MAY-1996,10,0.05,1
2412033,SILVERTUC,Silver Touch Technologies Limited,INE625X01026,12-MAY-2022,2,0.01,1
809473,SIMPLEXINF,Simplex Infrastructures Limited,INE059B01024,09-MAR-2004,2,0.05,1
195818241,SIMPLXREA,Simplex Realty Limited,INE167H01014,17-AUG-2026,10,0.01,1
6010881,SINCLAIR,Sinclairs Hotels Limited,INE985A01022,10-APR-2024,2,0.01,1
4315905,SINDHUTRAD,Sindhu Trade Links Limited,INE325D01025,20-JUN-2023,1,0.01,1
194923521,SINGERIND,Singer India Limited,INE638A01035,19-MAR-2026,2,0.01,1
97537,SINTERCOM,Sintercom India Limited,INE129Z01016,07-OCT-2020,10,0.01,1
2828801,SIRCA,Sirca Paints India Limited,INE792Z01011,22-JUL-2019,10,0.05,1
5504257,SIS,SIS LIMITED,INE285J01028,10-AUG-2017,5,0.05,1
3608577,SIYSIL,Siyaram Silk Mills Limited,INE076B01028,29-JAN-2007,2,0.05,1
1700609,SJS,S.J.S. Enterprises Limited,INE284S01014,15-NOV-2021,10,0.1,1
4834049,SJVN,SJVN Limited,INE002L01015,20-MAY-2010,10,0.01,1
815617,SKFINDIA,SKF India Limited,INE640A01023,27-JAN-1999,10,0.1,1
194585857,SKFINDUS,SKF India (Industrial) Limited,INE2J8701016,05-DEC-2025,10,0.1,1
2413569,SKIPPER,Skipper Limited,INE439E01022,27-MAY-2015,1,0.05,1
1211393,SKMEGGPROD,SKM Egg Products Export (India) Limited,INE411D01023,14-MAR-1997,5,0.05,1
3489537,SKYGOLD,SKY GOLD AND DIAMONDS LIMITED,INE01IU01018,06-JAN-2023,10,0.05,1
195962881,SKYWAYS,Skyways Air Services Limited,INE0PX301025,01-SEP-2026,10,0.01,1
194039041,SMARTWORKS,Smartworks Coworking Spaces Limited,INE0NAZ01010,17-JUL-2025,10,0.05,1
593921,SMCGLOBAL,SMC Global Securities Limited,INE103C01036,24-FEB-2021,2,0.01,1
867073,SMLMAH,SML Mahindra Limited,INE294B01019,29-AUG-2003,10,0.5,1
1751809,SMLT,Sarthak Metals Limited,INE017W01010,25-NOV-2021,10,0.01,1
3668225,SMSPHARMA,SMS Pharmaceuticals Limited,INE812G01025,28-FEB-2007,1,0.05,1
1239809,SNOWMAN,Snowman Logistics Limited,INE734N01019,12-SEP-2014,10,0.01,1
3539457,SOBHA,Sobha Limited,INE671H01015,20-DEC-2006,10,0.1,1
2116097,SOFTTECH,Softtech Engineers Limited,INE728Z01015,25-FEB-2022,10,0.05,1
940033,SOLARA,Solara Active Pharma Sciences Limited,INE624Z01016,27-JUN-2018,10,0.05,1
3412993,SOLARINDS,Solar Industries India Limited,INE343H01029,03-APR-2006,2,5.0,1
194541825,SOLARWORLD,Solarworld Energy Solutions Limited,INE0TY101024,30-SEP-2025,5,0.01,1
194405633,SOLEX,Solex Energy Limited,INE880Y01017,08-OCT-2025,10,0.05,1
993281,SOMANYCERA,Somany Ceramics Limited,INE355A01028,22-NOV-1995,2,0.05,1
1075457,SOMATEX,Soma Textiles & Industries Limited,INE314C01013,14-AUG-1996,10,0.01,1
4555265,SOMICONVEY,Somi Conveyor Beltings Limited,INE323J01019,18-JUL-2016,10,0.01,1
1199105,SONACOMS,Sona BLW Precision Forgings Limited,INE073K01018,24-JUN-2021,10,0.05,1
195307265,SONAL,Sonal Mercantile Limited,INE321M01017,20-APR-2026,10,0.01,1
1688577,SONATSOFTW,Sonata Software Limited,INE269A01021,28-JUL-1999,1,0.05,1
773377,SOTL,Savita Oil Technologies Limited,INE035D01020,28-JUN-1995,2,0.05,1
1522689,SOUTHBANK,The South Indian Bank Limited,INE683A01023,08-DEC-1998,1,0.01,1
2477569,SOUTHWEST,South West Pinnacle Exploration Limited,INE980Y01015,18-APR-2019,10,0.01,1
4672513,SPAL,S. P. Apparels Limited,INE212I01016,12-AUG-2016,10,0.1,1
2927361,SPANDANA,Spandana Sphoorty Financial Limited,INE572J01011,19-AUG-2019,10,0.01,1
3785729,SPARC,Sun Pharma Advanced Research Company Limited,INE232I01014,18-JUL-2007,1,0.01,1
4959233,SPCENET,Spacenet Enterprises India Limited,INE970N01027,10-JAN-2017,1,0.01,1
2089729,SPENCERS,Spencer's Retail Limited,INE020801028,25-JAN-2019,5,0.01,1
832513,SPIC,Southern Petrochemicals Industries Corporation  Limited,INE147A01011,10-JAN-1996,10,0.01,1
3055361,SPLIL,SPL Industries Limited,INE978G01016,26-JUL-2005,10,0.01,1
2461953,SPLPETRO,Supreme Petrochem Limited,INE663A01033,24-MAY-2022,2,0.05,1
850177,SPMLINFRA,SPML Infra Limited,INE937A01023,14-FEB-1996,2,0.01,1
2747649,SPORTKING,Sportking India Limited,INE885H01029,24-AUG-2022,1,0.01,1
6588673,SRD,Shankar Lal Rampal Dye-Chem Limited,INE01NE01012,09-OCT-2024,10,0.01,1
8150273,SREEL,Sreeleathers Limited,INE099F01013,01-JAN-2014,10,0.01,1
837889,SRF,SRF Limited,INE647A01010,18-AUG-2003,10,0.1,1
4638465,SRGHFL,SRG Housing Finance Limited,INE559N01010,21-AUG-2023,10,0.05,1
3732993,SRHHYPOLTD,Sree Rayalaseema Hi-Strength Hypo Limited,INE917H01012,08-MAY-2007,10,0.05,1
5990913,SRM,SRM Contractors Limited,INE0R6Z01013,03-APR-2024,10,0.05,1
194608129,SRTL,Shree Ram Twistex Limited,INE19GK01015,02-MAR-2026,10,0.01,1
6363137,SSDL,Saraswati Saree Depot Limited,INE0PQ101010,20-AUG-2024,10,0.01,1
3028225,SSWL,Steel Strips Wheels Limited,INE802C01033,06-JUN-2005,1,0.05,1
6201857,STANLEY,Stanley Lifestyles Limited,INE01A001028,28-JUN-2024,2,0.01,1
1887745,STAR,Strides Pharma Science Limited,INE939A01011,02-FEB-2000,10,0.1,1
5399297,STARCEMENT,Star Cement Limited,INE460H01021,16-JUN-2017,1,0.01,1
1813249,STARHEALTH,Star Health and Allied Insurance Company Limited,INE575P01011,10-DEC-2021,10,0.05,1
842497,STARPAPER,Star Paper Mills Limited,INE733A01018,13-SEP-1995,10,0.01,1
2382081,STARTECK,Starteck Finance Limited,INE992I01013,04-MAY-2022,10,0.05,1
2802689,STCINDIA,The State Trading Corporation of India Limited,INE655A01013,01-APR-2003,10,0.01,1
1741569,STEELCAS,Steelcast Limited,INE124E01038,23-NOV-2021,1,0.05,1
2663937,STEELCITY,Steel City Securities Limited,INE395H01011,27-JUN-2019,10,0.01,1
5462785,STEELXIND,STEEL EXCHANGE INDIA LIMITED,INE503B01021,20-JUL-2017,1,0.01,1
5499905,STEL,Stel Holdings Limited,INE577L01016,09-FEB-2011,10,0.05,1
194293249,STLNETWORK,STL Networks Limited,INE1VXE01018,04-SEP-2025,2,0.01,1
195883521,STLSTRINF,Steel Strips Infrastructures Limited,INE205F01016,17-AUG-2026,10,0.01,1
539393,STOVEKRAFT,Stove Kraft Limited,INE00IN01015,05-FEB-2021,10,0.05,1
194454273,STUDDS,Studds Accessories Limited,INE00Q601028,07-NOV-2025,5,0.05,1
194543105,STYL,Seshaasai Technologies Limited,INE04VU01023,30-SEP-2025,10,0.05,1
1327617,STYLAMIND,Stylam Industries Limited,INE239C01020,02-AUG-2021,5,0.1,1
6429185,STYLEBAAZA,Baazar Style Retail Limited,INE01FR01028,06-SEP-2024,5,0.05,1
4865,STYRENIX,Styrenix Performance Materials Limited,INE189B01011,29-MAR-1995,10,0.1,1
247553,SUBEXLTD,Subex Limited,INE754A01055,05-NOV-2020,5,0.01,1
850945,SUBROS,Subros Limited,INE287B01021,13-JUL-2005,2,0.05,1
183041,SUDARCOLOR,Sudarshan Colorants India Limited,INE492A01029,14-JUN-1995,10,0.05,1
851713,SUDARSCHEM,Sudarshan Chemical Industries Limited,INE659A01023,25-MAY-1995,2,0.1,1
194569985,SUDEEPPHRM,Sudeep Pharma Limited,INE0QPI01025,28-NOV-2025,1,0.1,1
3021825,SUKHJITS,Sukhjit Starch & Chemicals Limited,INE450E01029,07-NOV-2022,5,0.01,1
3383809,SULA,Sula Vineyards Limited,INE142Q01026,22-DEC-2022,2,0.01,1
195884801,SUMEDHA,Sumedha Fiscal Services Limited,INE886B01012,17-AUG-2026,10,0.01,1
5322241,SUMEETINDS,Sumeet Industries Limited,INE235C01036,10-DEC-2010,2,0.01,1
4378881,SUMICHEM,Sumitomo Chemical India Limited,INE258G01013,27-JAN-2020,10,0.05,1
2851841,SUMIT,Sumit Woods Limited,INE748Z01013,30-JUL-2019,10,0.01,1
5446401,SUMMITSEC,Summit Securities Limited,INE519C01017,28-JAN-2011,10,0.1,1
5364737,SUNCLAY,Sundaram Clayton Limited,INE0Q3R01026,29-DEC-2023,5,0.1,1
4846337,SUNDARAM,Sundaram Multi Pap Limited,INE108E01023,02-JUN-2010,1,0.01,1
854785,SUNDARMFIN,Sundaram Finance Limited,INE660A01013,07-JAN-1998,10,0.1,1
856321,SUNDRMFAST,Sundram Fasteners Limited,INE387A01021,07-JUN-2000,1,0.1,1
425729,SUNDROP,Sundrop Brands Limited,INE209A01019,06-DEC-2002,10,0.05,1
857089,SUNFLAG,Sunflag Iron And Steel Company Limited,INE947A01014,29-SEP-2005,10,0.05,1
195886081,SUNLOC,Sunil Healthcare Limited,INE671C01016,17-AUG-2026,10,0.01,1
857857,SUNPHARMA,Sun Pharmaceutical Industries Limited,INE044A01036,08-FEB-1995,1,0.1,1
195820801,SUNRAKSHAK,Sunrakshakk Industries India Limited,INE671K01027,17-AUG-2026,2,0.05,1
195822081,SUNSHIEL,Sunshield Chemicals Limited,INE199E01014,17-AUG-2026,10,0.1,1
195939073,SUNSHINE,Sunshine Pictures Limited,INE1B3O01011,25-AUG-2026,10,0.05,1
4516097,SUNTECK,Sunteck Realty Limited,INE805D01034,13-NOV-2009,1,0.05,1
3431425,SUNTV,Sun TV Network Limited,INE424H01027,24-APR-2006,5,0.05,1
5277697,SUPERHOUSE,Superhouse Limited,INE712B01010,26-SEP-2014,10,0.01,1
2992385,SUPRAJIT,Suprajit Engineering Limited,INE399C01030,18-FEB-2005,1,0.05,1
7536385,SUPREME,Supreme Holdings & Hospitality (India) Limited,INE822E01011,03-FEB-2025,10,0.01,1
860929,SUPREMEIND,Supreme Industries Limited,INE195A01028,19-JUL-1995,2,0.1,1
3840513,SUPREMEINF,Supreme Infrastructure India Limited,INE550H01011,18-OCT-2007,10,0.01,1
1891841,SUPRIYA,Supriya Lifescience Limited,INE07RO01027,28-DEC-2021,2,0.05,1
5330433,SURAJEST,Suraj Estate Developers Limited,INE843S01025,26-DEC-2023,5,0.01,1
6391297,SURAJLTD,Suraj Limited,INE713C01016,29-AUG-2024,10,0.01,1
6997505,SURAKSHA,Suraksha Diagnostic Limited,INE877V01027,06-DEC-2024,2,0.05,1
5395713,SURANASOL,Surana Solar Limited,INE272L01022,07-JAN-2011,5,0.01,1
2739201,SURANAT&P,Surana Telecom and Power Limited,INE130B01031,22-MAY-2002,1,0.01,1
195308545,SURYALA,Suryalata Spinning Mills Limited,INE132C01027,20-APR-2026,10,0.05,1
3034113,SURYALAXMI,Suryalakshmi Cotton Mills Limited,INE713B01026,15-JUN-2005,10,0.01,1
864001,SURYAROSNI,Surya Roshni Limited,INE335A01020,10-MAY-1995,5,0.01,1
760321,SURYODAY,Suryoday Small Finance Bank Limited,INE428Q01011,26-MAR-2021,10,0.01,1
2875649,SUVEN,Suven Life Sciences Limited,INE495B01038,23-OCT-2003,1,0.05,1
767489,SUVIDHAA,Suvidhaa Infoserve Limited,INE018401013,31-MAR-2021,1,0.01,1
6361857,SUYOG,Suyog Telematics Limited,INE442P01014,20-AUG-2024,10,0.05,1
3076609,SUZLON,Suzlon Energy Limited,INE040H01021,19-OCT-2005,2,0.01,1
195824641,SVGLOBAL,S V Global Mill Limited,INE159L01013,17-AUG-2026,5,0.01,1
1285121,SVPGLOB,SVP GLOBAL TEXTILES LIMITED,INE308E01029,14-JUL-2021,1,0.01,1
6936321,SWANCORP,SWAN CORP LIMITED,INE665A01038,29-MAY-2012,1,0.05,1
866305,SWARAJENG,Swaraj Engines Limited,INE277A01016,06-DEC-1995,10,0.1,1
195887361,SWARNSAR,Swarnsarita Jewels India Limited,INE967A01012,17-AUG-2026,10,0.01,1
3048705,SWELECTES,Swelect Energy Systems Limited,INE409B01013,09-MAY-2006,10,0.05,1
6928897,SWIGGY,Swiggy Limited,INE00H001014,13-NOV-2024,1,0.05,1
3197185,SWSOLAR,Sterling and Wilson Renewable Energy Limited,INE00M201021,20-AUG-2019,1,0.01,1
195964161,SYMBIOTEC,Symbiotec Pharmalab Limited,INE899I01028,01-SEP-2026,2,0.05,1
6192641,SYMPHONY,Symphony Limited,INE225D01027,15-JUN-2011,2,0.05,1
3069953,SYNCOMF,Syncom Formulations (India) Limited,INE312C01025,18-NOV-2022,1,0.01,1
2622209,SYNGENE,Syngene International Limited,INE398R01022,11-AUG-2015,10,0.05,1
2763009,SYRMA,Syrma SGS Technology Limited,INE0DYJ01015,26-AUG-2022,10,0.1,1
195309825,TAALTECH,Taal Tech Limited,INE524T01011,20-APR-2026,10,0.1,1
869377,TAINWALCHM,Tainwala Chemical and Plastic (I) Limited,INE123C01018,27-JUL-1995,10,0.01,1
2394625,TAJGVK,Taj GVK Hotels & Resorts Limited,INE586B01026,20-DEC-2000,2,0.05,1
3818753,TAKE,TAKE Limited,INE142I01023,27-AUG-2007,1,0.01,1
3493889,TALBROAUTO,Talbros Automotive Components Limited,INE187D01029,29-SEP-2006,2,0.05,1
195825921,TANAA,Taneja Aerospace & Aviation Limited,INE692C01020,17-AUG-2026,5,0.05,1
3577857,TANLA,Tanla Platforms Limited,INE483C01032,05-JAN-2007,1,0.05,1
6019073,TARACHAND,Tara Chand InfraLogistic Solutions Limited,INE555Z01020,16-APR-2024,2,0.01,1
4819713,TARAPUR,Tarapur Transformers Limited,INE747K01017,18-MAY-2010,10,0.01,1
404737,TARC,TARC Limited,INE0EK901012,18-DEC-2020,2,0.01,1
3884545,TARIL,Transformers And Rectifiers (India) Limited,INE763I01026,28-DEC-2007,1,0.05,1
3781377,TARMAT,Tarmat Limited,INE924H01018,09-JUL-2007,10,0.01,1
1777409,TARSONS,Tarsons Products Limited,INE144Z01023,26-NOV-2021,2,0.05,1
5143553,TASTYBITE,Tasty Bite Eatables Limited,INE488B01017,23-MAR-2017,10,1.0,1
194371841,TATACAP,Tata Capital Limited,INE976I01016,13-OCT-2025,10,0.05,1
871681,TATACHEM,Tata Chemicals Limited,INE092A01019,01-APR-1999,10,0.05,1
952577,TATACOMM,Tata Communications Limited,INE151A01013,12-APR-1995,10,0.1,1
878593,TATACONSUM,TATA CONSUMER PRODUCTS LIMITED,INE192A01025,18-NOV-1998,1,0.1,1
873217,TATAELXSI,Tata Elxsi Limited,INE670A01012,17-SEP-2003,10,0.1,1
414977,TATAINVEST,Tata Investment Corporation Limited,INE672A01026,24-JUN-1998,1,0.05,1
877057,TATAPOWER,Tata Power Company Limited,INE245A01021,03-APR-1996,1,0.05,1
895745,TATASTEEL,Tata Steel Limited,INE081A01020,18-NOV-1998,1,0.01,1
5195009,TATATECH,Tata Technologies Limited,INE142M01025,30-NOV-2023,2,0.05,1
1321473,TATVA,Tatva Chintan Pharma Chem Limited,INE0GK401011,29-JUL-2021,10,0.1,1
6077441,TBOTEK,TBO Tek Limited,INE673O01025,15-MAY-2024,1,0.1,1
6921473,TBZ,Tribhovandas Bhimji Zaveri Limited,INE760L01018,09-MAY-2012,10,0.05,1
195024385,TCC,TCC Concept Limited,INE887D01024,25-FEB-2026,2,0.01,1
2708481,TCI,Transport Corporation of India Limited,INE688A01022,21-JAN-2002,2,0.05,1
4921089,TCIEXP,TCI Express Limited,INE586V01016,15-DEC-2016,2,0.05,1
47105,TCPLPACK,TCPL Packaging Limited,INE822C01015,17-OCT-2017,10,0.1,1
2953217,TCS,Tata Consultancy Services Limited,INE467B01029,25-AUG-2004,1,0.1,1
6445569,TDPOWERSYS,TD Power Systems Limited,INE419M01035,08-SEP-2011,1,0.05,1
2743553,TEAMGTY,Team India Guaranty Limited,INE289C01025,11-JUN-2002,10,0.01,1
3255297,TEAMLEASE,Teamlease Services Limited,INE985S01024,12-FEB-2016,10,0.1,1
3465729,TECHM,Tech Mahindra Limited,INE669C01036,28-AUG-2006,5,0.1,1
195720193,TECHNOCRAF,Technocraft Ventures Limited,INE1D0W01018,14-AUG-2026,10,0.05,1
1649921,TECHNOE,Techno Electric & Engineering Company Limited,INE285K01026,04-DEC-2018,2,0.05,1
195312385,TECHNVISN,TechNVision Ventures Limited,INE314H01012,20-APR-2026,10,0.5,1
883969,TECILCHEM,TECIL Chemicals and Hydro Power Limited,INE014B01011,06-DEC-1995,10,0.01,1
1818881,TEGA,Tega Industries Limited,INE011K01018,13-DEC-2021,10,0.1,1
5409537,TEJASNET,Tejas Networks Limited,INE010J01012,27-JUN-2017,10,0.05,1
838401,TEMBO,Tembo Global Industries Limited,INE869Y01028,23-APR-2021,1,0.01,1
195949057,TEMPSENS,Tempsens Instruments (India) Limited,INE1KZI01025,28-AUG-2026,4,0.05,1
194529281,TENNIND,Tenneco Clean Air India Limited,INE19RI01016,19-NOV-2025,10,0.05,1
195827201,TERAI,Terai Tea Company Limited,INE390D01011,17-AUG-2026,10,0.01,1
4938753,TERASOFT,Tera Software Limited,INE482B01010,29-DEC-2016,10,0.05,1
2956545,TEXINFRA,Texmaco Infrastructure & Holdings Limited,INE435C01024,09-SEP-2004,1,0.01,1
4662785,TEXMOPIPES,Texmo Pipes and Products Limited,INE141K01013,10-MAR-2010,10,0.01,1
5587969,TEXRAIL,Texmaco Rail & Engineering Limited,INE621L01012,03-MAR-2011,1,0.01,1
887297,TFCILTD,Tourism Finance Corporation of India Limited,INE305A01023,26-JUL-2000,2,0.01,1
3665665,TFL,Transwarranty Finance Limited,INE804H01012,26-FEB-2007,10,0.01,1
3739393,TGBHOTELS,TGB Banquets And Hotels Limited,INE797H01018,17-MAY-2007,10,0.01,1
195828481,TGVSL,TGV Sraac Limited,INE284B01028,17-AUG-2026,10,0.01,1
195313665,THACKER,Thacker & Company Limited,INE077P01034,20-APR-2026,1,0.05,1
195314945,THAKDEV,Thakkers Developers Limited,INE403F01017,20-APR-2026,10,0.01,1
4638209,THANGAMAYL,Thangamayil Jewellery Limited,INE085J01014,19-FEB-2010,10,0.5,1
5485313,THEINVEST,The Investment Trust Of India Limited,INE924D01017,02-AUG-2017,10,0.01,1
4935425,THEJO,Thejo Engineering Limited,INE121N01019,10-OCT-2023,10,0.1,1
193795585,THELEELA,Leela Palaces Hotels & Resorts Limited,INE0AQ201015,02-JUN-2025,10,0.05,1
3708161,THEMISMED,Themis Medicare Limited,INE083B01024,02-APR-2007,1,0.01,1
889601,THERMAX,Thermax Limited,INE152A01029,30-AUG-1995,2,0.1,1
891137,THOMASCOOK,Thomas Cook  (India)  Limited,INE332A01027,07-JUN-2000,1,0.01,1
7940353,THOMASCOTT,Thomas Scott (India) Limited,INE480M01011,30-JAN-2012,10,0.05,1
4360193,THYROCARE,Thyrocare Technologies Limited,INE594H01019,09-MAY-2016,10,0.05,1
4914177,TI,Tilaknagar Industries Limited,INE133E01013,16-JUL-2010,10,0.05,1
194349057,TIGERLOGS,Tiger Logistics (India) Limited,INE906O01029,18-SEP-2025,1,0.01,1
3641089,TIIL,Technocraft Industries (India) Limited,INE545H01011,12-FEB-2007,10,0.1,1
79873,TIINDIA,Tube Investments of India Limited,INE974X01010,02-NOV-2017,1,0.1,1
3764993,TIMETECHNO,Time Technoplast Limited,INE508G01029,13-JUN-2007,1,0.01,1
195316225,TIMEX,Timex Group India Limited,INE064A01026,20-APR-2026,1,0.05,1
3634689,TIMKEN,Timken India Limited,INE325A01013,06-FEB-2007,10,0.1,1
193541121,TINNARUBR,Tinna Rubber and Infrastructure Limited,INE015C01016,17-APR-2025,10,0.05,1
2911745,TIPSFILMS,Tips Films Limited,INE0LQS01015,06-OCT-2022,10,0.05,1
2333953,TIPSMUSIC,Tips Music Limited,INE716B01029,10-NOV-2000,1,0.05,1
894977,TIRUMALCHM,Thirumalai Chemicals Limited,INE338A01024,14-MAY-2003,1,0.01,1
3945985,TITAGARH,TITAGARH RAIL SYSTEMS LIMITED,INE615H01020,21-APR-2008,2,0.05,1
897537,TITAN,Titan Company Limited,INE280A01028,24-SEP-2004,1,0.5,1
2801921,TMB,Tamilnad Mercantile Bank Limited,INE668A01016,15-SEP-2022,10,0.05,1
194504193,TMCV,Tata Motors Limited,INE1TAE01010,12-NOV-2025,2,0.05,1
884737,TMPV,Tata Motors Passenger Vehicles Limited,INE155A01022,22-JUL-1998,2,0.05,1
898305,TNPETRO,Tamilnadu PetroProducts Limited,INE148A01019,27-OCT-1999,10,0.01,1
1018881,TNPL,Tamil Nadu Newsprint & Papers Limited,INE107A01015,14-FEB-1996,10,0.01,1
899073,TNTELE,Tamilnadu Telecommunication Limited,INE141D01018,04-FEB-2003,10,0.01,1
982273,TOKYOPLAST,Tokyo Plast International Limited,INE932C01012,11-OCT-1995,10,0.01,1
6467073,TOLINS,Tolins Tyres Limited,INE0RWQ01014,16-SEP-2024,5,0.01,1
900609,TORNTPHARM,Torrent Pharmaceuticals Limited,INE685A01028,25-NOV-2002,5,0.5,1
3529217,TORNTPOWER,Torrent Power Limited,INE813H01021,28-NOV-2006,10,0.1,1
4328449,TOUCHWOOD,Touchwood Entertainment Limited,INE486Y01013,21-JAN-2020,10,0.01,1
195889921,TOYAMSL,Toyam Sports Limited,INE457P01020,17-AUG-2026,1,0.01,1
2360065,TPLPLASTEH,TPL Plastech Limited,INE413G01022,20-MAY-2015,2,0.01,1
2964993,TRACXN,Tracxn Technologies Limited,INE0HMF01019,20-OCT-2022,1,0.01,1
195891201,TRANSCOR,Transcorp International Limited,INE330E01023,17-AUG-2026,2,0.01,1
7350785,TRANSRAILL,Transrail Lighting Limited,INE454P01035,27-DEC-2024,2,0.05,1
193931521,TRAVELFOOD,Travel Food Services Limited,INE103V01028,14-JUL-2025,1,0.1,1
6420993,TREEHOUSE,Tree House Education & Accessories Limited,INE040M01013,26-AUG-2011,10,0.01,1
1924609,TREJHARA,TREJHARA SOLUTIONS LIMITED,INE00CA01015,28-DEC-2018,10,0.01,1
4555521,TREL,Transindia Real Estate Limited,INE0O3901029,10-AUG-2023,2,0.01,1
502785,TRENT,Trent Limited,INE849A01020,07-JUN-2004,1,0.1,1
4604673,TRF,TRF Limited,INE391D01019,26-MAR-2010,10,0.01,1
2479361,TRIDENT,Trident Limited,INE064C01022,21-FEB-2001,1,0.01,1
1389569,TRIGYN,Trigyn Technologies Limited,INE948A01012,09-APR-1998,10,0.01,1
195829761,TRITONV,Triton Valves Limited,INE440G01017,17-AUG-2026,10,0.1,1
6549505,TRITURBINE,Triveni Turbine Limited,INE152M01016,28-OCT-2011,1,0.05,1
3348737,TRIVENI,Triveni Engineering & Industries Limited,INE256C01024,13-DEC-2005,1,0.05,1
2400769,TRU,TruCap Finance Limited,INE615R01029,20-JUN-2023,2,0.01,1
194357761,TRUALT,TruAlt Bioenergy Limited,INE0MWH01014,03-OCT-2025,10,0.05,1
558849,TSFINV,TSF INVESTMENTS LIMITED,INE202Z01029,26-MAR-2018,5,0.05,1
2910465,TTKHLTCARE,TTK Healthcare Limited,INE910C01018,02-DEC-2015,10,0.1,1
907777,TTKPRESTIG,TTK Prestige Limited,INE690A01028,22-DEC-1999,1,0.05,1
3664385,TTL,T T Limited,INE592B01024,22-FEB-2007,1,0.01,1
2292225,TTML,Tata Teleservices (Maharashtra) Limited,INE517B01013,20-OCT-2000,10,0.01,1
193559041,TURTLEMINT,Turtlemint Fintech Solutions Limited,INE0OC301013,29-JUN-2026,1,0.01,1
195892481,TUTIALKA,Tuticorin Alkali Chemicals & Fertilizers Limited,INE400A01014,17-AUG-2026,10,0.01,1
2883841,TVSELECT,TVS Electronics Limited,INE236G01019,26-DEC-2003,10,0.05,1
7426049,TVSHLTD,TVS Holdings Limited,INE105A01035,23-OCT-2012,5,1.0,1
2170625,TVSMOTOR,TVS Motor Company Limited,INE494B01023,02-AUG-2000,1,0.1,1
4646657,TVSSCS,TVS Supply Chain Solutions Limited,INE395N01027,23-AUG-2023,1,0.01,1
3646721,TVSSRICHAK,TVS Srichakra Limited,INE421C01016,13-FEB-2007,10,0.5,1
2886401,TVTODAY,TV Today Network Limited,INE038F01029,16-JAN-2004,5,0.01,1
4278529,UBL,United Breweries Limited,INE686F01025,28-JUL-2008,1,0.1,1
2873089,UCOBANK,UCO Bank,INE691A01018,09-OCT-2003,10,0.01,1
195831041,UDAYJEW,Uday Jewellery Industries Limited,INE551B01012,17-AUG-2026,10,0.01,1
4892929,UDS,Updater Services Limited,INE851I01011,04-OCT-2023,10,0.01,1
6017793,UEL,Ujaas Energy Limited,INE899L01030,16-APR-2024,1,0.01,1
269569,UFLEX,UFLEX Limited,INE516A01017,23-AUG-1995,10,0.05,1
2313985,UFO,UFO Moviez India Limited,INE527H01019,14-MAY-2015,10,0.01,1
5011969,UGARSUGAR,The Ugar Sugar Works Limited,INE071E01023,23-AUG-2010,1,0.01,1
1360129,UGROCAP,Ugro Capital Limited,INE583D01011,11-AUG-2021,10,0.01,1
3898369,UJJIVANSFB,Ujjivan Small Finance Bank Limited,INE551W01018,12-DEC-2019,10,0.01,1
2952193,ULTRACEMCO,UltraTech Cement Limited,INE481G01011,24-AUG-2004,10,1.0,1
195318017,ULTRAMAR,Ultramarine & Pigments Limited,INE405A01021,20-APR-2026,2,0.05,1
4900353,UMESLTD,Usha Martin Education & Solutions Limited,INE240C01028,12-JUL-2010,1,0.01,1
2303489,UMIYA-MRO,UMIYA BUILDCON LIMITED,INE398B01018,01-NOV-2000,5,0.01,1
916225,UNICHEMLAB,Unichem Laboratories Limited,INE351A01035,07-FEB-2001,2,0.05,1
6351105,UNIECOM,Unicommerce Esolutions Limited,INE00U401027,13-AUG-2024,1,0.01,1
2891009,UNIENTER,Uniphos Enterprises Limited,INE037A01022,23-JAN-2004,2,0.01,1
1994497,UNIINFO,Uniinfo Telecom Services Limited,INE481Z01011,12-JAN-2022,10,0.01,1
7413761,UNIMECH,Unimech Aerospace and Manufacturing Limited,INE0U3I01011,31-DEC-2024,5,0.1,1
2752769,UNIONBANK,Union Bank of India,INE692A01016,24-SEP-2002,10,0.01,1
3342593,UNIPARTS,Uniparts India Limited,INE244O01017,12-DEC-2022,10,0.05,1
2674433,UNITDSPR,United Spirits Limited,INE854D01024,27-SEP-2001,2,0.1,1
920065,UNITECH,Unitech Limited,INE694A01020,08-SEP-1999,2,0.01,1
1935361,UNITEDPOLY,United Polyfab Gujarat Limited,INE368U01029,31-DEC-2021,1,0.01,1
4607745,UNITEDTEA,The United Nilgiri Tea Estates Company Limited,INE458F01011,28-JAN-2015,10,0.05,1
923393,UNIVCABLES,Universal Cables Limited,INE279A01012,17-MAY-1995,10,0.1,1
3623425,UNOMINDA,UNO Minda Limited,INE405E01023,02-FEB-2007,2,0.1,1
195832321,UPHOT,U P Hotels Limited,INE726E01014,17-AUG-2026,10,0.1,1
2889473,UPL,UPL Limited,INE628A01036,23-JAN-2004,2,0.05,1
194325505,URBANCO,Urban Company Limited,INE0CAZ01013,17-SEP-2025,1,0.01,1
5171969,URJA,Urja Global Limited,INE550C01020,28-MAR-2017,1,0.01,1
2263041,USHAMART,Usha Martin Limited,INE228A01035,11-OCT-2000,1,0.05,1
3806977,USK,Udayshivakumar Infra Limited,INE0N0Y01013,03-APR-2023,10,0.01,1
134913,UTIAMC,UTI Asset Management Company Limited,INE094J01016,12-OCT-2020,10,0.05,1
4443649,UTKARSHBNK,Utkarsh Small Finance Bank Limited,INE735W01017,21-JUL-2023,10,0.01,1
194528257,UTLSOLAR,Fujiyama Power Systems Limited,INE12UR01024,20-NOV-2025,1,0.05,1
3424257,UTTAMSUGAR,Uttam Sugar Mills Limited,INE786F01031,10-APR-2006,10,0.05,1
3780097,V2RETAIL,V2 Retail Limited,INE945H01021,04-JUL-2007,1,0.01,1
6194177,VADILALIND,Vadilal Industries Limited,INE694D01016,15-JUN-2011,10,0.5,1
195833601,VADILENT,Vadilal Enterprises Limited,INE693D01018,17-AUG-2026,10,1.0,1
2909185,VAIBHAVGBL,Vaibhav Global Limited,INE884A01027,05-APR-2004,2,0.01,1
4246785,VAISHALI,Vaishali Pharma Limited,INE972X01022,15-JAN-2020,2,0.01,1
3415553,VAKRANGEE,Vakrangee Limited,INE051B01021,03-APR-2006,1,0.01,1
192044545,VAML,Vedanta Aluminium Metal Limited,INE1CDF01017,15-JUN-2026,1,0.05,1
933377,VARDMNPOLY,Vardhman Polytex Limited,INE835A01029,12-MAY-2003,1,0.01,1
987393,VARROC,Varroc Engineering Limited,INE665L01035,06-JUL-2018,1,0.05,1
4636161,VASCONEQ,Vascon Engineers Limited,INE893I01013,15-FEB-2010,10,0.01,1
195893761,VASUPRADA,Shri Vasuprada Plantations Limited,INE574G01013,17-AUG-2026,10,0.01,1
6487041,VASWANI,Vaswani Industries Limited,INE590L01019,20-SEP-2011,10,0.01,1
4843777,VBL,Varun Beverages Limited,INE200M01039,08-NOV-2016,2,0.05,1
195834881,VEDAVAAG,VEDAVAAG Systems Limited,INE359B01010,17-AUG-2026,10,0.01,1
784129,VEDL,Vedanta Limited,INE205A01025,13-MAY-1998,1,0.05,1
192132609,VEDPOWER,Vedanta Power Limited,INE694L01019,15-JUN-2026,10,0.01,1
3588865,VEEDOL,Veedol Corporation Limited,INE484C01030,16-JAN-2007,2,0.1,1
961793,VENKEYS,Venky's (India) Limited,INE398A01010,28-JUL-2003,10,0.1,1
7384833,VENTIVE,Ventive Hospitality Limited,INE781S01027,30-DEC-2024,1,0.05,1
2455553,VENUSPIPES,Venus Pipes & Tubes Limited,INE0JA001018,24-MAY-2022,10,0.1,1
2275841,VERANDA,Veranda Learning Solutions Limited,INE0IQ001011,11-APR-2022,10,0.01,1
4828929,VERTOZ,Vertoz Limited,INE188Y01031,14-MAY-2020,10,0.01,1
941057,VESUVIUS,Vesuvius India Limited,INE386A01023,04-OCT-2002,1,0.05,1
195904513,VGCL,Vibrant Global Capital Limited,INE761Q01015,17-AUG-2026,10,0.01,1
3525377,VGL,VARVEE GLOBAL LIMITED,INE273D01027,21-NOV-2006,5,0.01,1
3932673,VGUARD,V-Guard Industries Limited,INE951I01027,13-MAR-2008,1,0.05,1
3044353,VHL,Vardhman Holdings Limited,INE701A01023,30-JUN-2005,10,0.1,1
3465217,VIDHIING,Vidhi Specialty Food Ingredients Limited,INE632C01026,02-MAR-2016,1,0.05,1
194617345,VIDYAWIRES,Vidya Wires Limited,INE14UN01029,10-DEC-2025,1,0.01,1
1429761,VIJAYA,Vijaya Diagnostic Centre Limited,INE043W01024,14-SEP-2021,1,0.1,1
195836161,VIJSOLX,Vijay Solvex Limited,INE362D01010,17-AUG-2026,10,0.05,1
6593537,VIKASECO,Vikas EcoTech Limited,INE806A01020,12-DEC-2011,1,0.01,1
2542337,VIKASLIFE,Vikas Lifecare Limited,INE161L01027,08-MAY-2019,1,0.01,1
194419969,VIKRAMSOLR,Vikram Solar Limited,INE078V01014,26-AUG-2025,10,0.01,1
194297089,VIKRAN,Vikran Engineering Limited,INE01R501028,03-SEP-2025,1,0.01,1
3353857,VIMTALABS,Vimta Labs Limited,INE579C01029,15-DEC-2005,2,0.05,1
4445185,VINATIORGA,Vinati Organics Limited,INE410B01037,28-JUL-2009,1,0.1,1
6613761,VINCOFE,Vintage Coffee And Beverages Limited,INE498Q01014,18-OCT-2024,10,0.01,1
945665,VINDHYATEL,Vindhya Telelinks Limited,INE707A01012,08-FEB-1995,10,0.1,1
974593,VINEETLAB,Vineet Laboratories Limited,INE505Y01010,15-JUN-2021,10,0.01,1
3197441,VINNY,Vinny Overseas Limited,INE01KI01027,28-NOV-2022,1,0.01,1
4306177,VINYLINDIA,Vinyl Chemicals (India) Limited,INE250B01029,21-JUL-2008,1,0.01,1
3799809,VIPCLOTHNG,VIP Clothing Limited,INE450G01024,06-AUG-2007,2,0.01,1
947969,VIPIND,VIP Industries Limited,INE054A01027,02-MAR-2005,2,0.05,1
195837441,VIRAT,Virat Industries Limited,INE467D01017,17-AUG-2026,10,0.05,1
3915521,VIRINCHI,Virinchi Limited,INE539B01017,03-MAY-2023,10,0.01,1
3403521,VISACHROME,VISA Chrome Limited,INE286H01012,17-MAR-2006,10,0.01,1
1080577,VISAKAIND,Visaka Industries Limited,INE392A01021,28-AUG-1996,2,0.01,1
3013889,VISHAL,Vishal Fabrics Limited,INE755Q01025,17-AUG-2026,5,0.01,1
1768449,VISHNU,Vishnu Chemicals Limited,INE270I01022,05-MAR-2015,2,0.05,1
3507713,VISHWARAJ,Vishwaraj Sugar Industries Limited,INE430N01022,15-OCT-2019,2,0.01,1
192074241,VISL,Vedanta Iron and Steel Limited,INE1CLE01013,15-JUN-2026,1,0.01,1
194853889,VITAL,Vital Chemtech Limited,INE0L4K01016,11-MAR-2026,10,0.01,1
195490817,VIVIANA,Viviana Power Tech Limited,INE0MEG01014,02-JUN-2026,10,0.05,1
7648513,VIVIDHA,Visagar Polytex Limited,INE370E01029,21-MAY-2013,1,0.01,1
195838721,VIVOBIOT,Vivo Bio Tech Limited,INE380K01017,17-AUG-2026,10,0.01,1
3659777,VIYASH,Viyash Scientific Limited,INE807F01027,10-MAR-2016,2,0.05,1
4611073,VLEGOV,VL E-Governance & IT Solutions Limited,INE03HW01020,14-AUG-2023,10,0.01,1
951041,VLSFINANCE,VLS Finance Limited,INE709A01018,25-MAY-1995,10,0.01,1
7496705,VMART,V-Mart Retail Limited,INE665J01013,20-FEB-2013,10,0.05,1
7160065,VMM,Vishal Mega Mart Limited,INE01EA01019,18-DEC-2024,10,0.01,1
194342913,VMSTMT,VMS TMT Limited,INE0SJA01013,24-SEP-2025,10,0.01,1
195050497,VOEPL,Virtuoso Optoelectronics Limited,INE0I0T01010,01-JUL-2026,10,0.05,1
192094209,VOGL,Vedanta Oil and Gas Limited,INE704J01044,15-JUN-2026,1,0.01,1
195840001,VOITHPAPR,Voith Paper Fabrics India Limited,INE285C01015,17-AUG-2026,10,0.1,1
3475713,VOLTAMP,Voltamp Transformers Limited,INE540H01012,20-SEP-2006,10,1.0,1
951809,VOLTAS,Voltas Limited,INE226A01021,12-APR-1995,1,0.1,1
4695297,VPRPL,Vishnu Prakash R Punglia Limited,INE0AE001013,05-SEP-2023,10,0.01,1
6226177,VRAJ,Vraj Iron and Steel Limited,INE0S2V01010,03-JUL-2024,10,0.01,1
2226177,VRLLOG,VRL Logistics Limited,INE366I01010,30-APR-2015,10,0.05,1
6929153,VSSL,Vardhman Special Steels Limited,INE050M01012,17-MAY-2012,10,0.05,1
953345,VSTIND,VST Industries Limited,INE710A01016,05-SEP-2003,10,0.01,1
5818881,VSTL,Vibhor Steel Tubes Limited,INE0QTF01015,20-FEB-2024,10,0.01,1
6218753,VSTTILLERS,V.S.T Tillers Tractors Limited,INE764D01017,20-JUN-2011,10,0.1,1
530689,VTL,Vardhman Textiles Limited,INE825A01020,14-JAN-2003,2,0.05,1
195896321,VTMLTD,VTM Limited,INE222F01029,17-AUG-2026,1,0.01,1
6632193,WAAREEENER,Waaree Energies Limited,INE377N01017,28-OCT-2024,10,0.1,1
5108481,WAAREEINDO,Indosolar Limited,INE866K01023,29-SEP-2010,10,0.05,1
193545729,WAAREERTL,Waaree Renewable Technologies Limited,INE299N01021,09-APR-2025,2,0.05,1
5168129,WABAG,VA Tech Wabag Limited,INE956G01038,13-OCT-2010,2,0.1,1
194626305,WAKEFIT,Wakefit Innovations Limited,INE0E7301029,15-DEC-2025,1,0.01,1
956417,WALCHANNAG,Walchandnagar Industries Limited,INE711A01022,18-SEP-1996,2,0.01,1
3600129,WANBURY,Wanbury Limited,INE107F01022,29-JAN-2007,10,0.05,1
195897601,WARDINMOBI,Wardwizard Innovations & Mobility Limited,INE945P01024,17-AUG-2026,1,0.01,1
958721,WATERBASE,Waterbase Limited,INE054C01015,17-AUG-2026,10,0.01,1
6503169,WCIL,Western Carriers (India) Limited,INE0CJF01024,24-SEP-2024,5,0.01,1
492289,WEALTH,Wealth First Portfolio Managers Limited,INE658T01017,20-JAN-2021,10,0.05,1
3738113,WEBELSOLAR,Websol Energy System Limited,INE855C01023,15-MAY-2007,1,0.01,1
959489,WEIZMANIND,Weizmann Limited,INE080A01014,10-MAY-1995,10,0.01,1
2005761,WEL,Wonder Electricals Limited,INE02WG01024,17-JAN-2022,1,0.01,1
3026177,WELCORP,Welspun Corp Limited,INE191B01025,24-MAY-2005,5,0.1,1
2976257,WELENT,Welspun Enterprises Limited,INE625G01013,04-NOV-2004,10,0.05,1
195320577,WELSPLSOL,Welspun Specialty Solutions Limited,INE731F01037,20-APR-2026,6,0.01,1
2880769,WELSPUNLIV,Welspun Living Limited,INE192B01031,04-DEC-2003,1,0.01,1
1084161,WENDT,Wendt (India) Limited,INE274C01019,07-AUG-2006,10,0.5,1
2964481,WESTLIFE,WESTLIFE FOODWORLD LIMITED,INE274F01020,05-JUN-2023,2,0.05,1
2524673,WEWIN,WE WIN LIMITED,INE082W01014,15-JUN-2022,10,0.01,1
194415105,WEWORK,WeWork India Management Limited,INE085001019,10-OCT-2025,10,0.05,1
195841281,WHBRADY,WH Brady & Company Limited,INE855A01019,17-AUG-2026,10,0.05,1
964097,WHEELS,Wheels India Limited,INE715A01015,07-APR-2000,10,0.1,1
4610817,WHIRLPOOL,Whirlpool of India Limited,INE716A01013,06-APR-2010,10,0.05,1
965633,WILLAMAGOR,Williamson Magor & Company Limited,INE210A01017,08-FEB-1995,10,0.01,1
1373697,WINDLAS,Windlas Biotech Limited,INE0H5O01029,16-AUG-2021,5,0.05,1
6392065,WINDMACHIN,Windsor Machines Limited,INE052A01021,17-AUG-2011,2,0.05,1
5243137,WIPL,The Western India Plywoods Limited,INE215F01023,17-APR-2017,10,0.01,1
969473,WIPRO,Wipro Limited,INE075A01022,08-NOV-1995,2,0.01,1
1921537,WOCKPHARMA,Wockhardt Limited,INE049B01025,23-FEB-2000,5,0.1,1
768513,WONDERLA,Wonderla Holidays Limited,INE066O01014,09-MAY-2014,10,0.05,1
5702913,WORTHPERI,Worth Peripherals Limited,INE196Y01018,04-AUG-2020,10,0.01,1
195322369,WPIL,WPIL Limited,INE765D01022,20-APR-2026,1,0.05,1
3795969,WSI,W S Industries (I) Limited,INE100D01014,01-AUG-2007,10,0.01,1
972545,WSTCSTPAPR,West Coast Paper Mills Limited,INE976A01021,17-JAN-2001,2,0.05,1
2996481,XCHANGING,Xchanging Solutions Limited,INE692G01013,09-MAR-2005,10,0.01,1
2170113,XELPMOC,Xelpmoc Design And Tech Limited,INE01P501012,04-FEB-2019,10,0.01,1
2920193,XPROINDIA,Xpro India Limited,INE445C01015,27-APR-2004,10,0.1,1
6460161,XTGLOBAL,Xtglobal Infotech Limited,INE547B01028,16-SEP-2024,1,0.01,1
195663873,XTRANET,Xtranet Technologies Limited,INE0NG701011,30-JUL-2026,10,0.01,1
4641537,YASHO,Yasho Industries Limited,INE616Z01012,21-AUG-2023,10,0.1,1
4540929,YATHARTH,Yatharth Hospital & Trauma Care Services Limited,INE0JO301016,07-AUG-2023,10,0.1,1
4802561,YATRA,Yatra Online Limited,INE0JR601024,28-SEP-2023,1,0.01,1
3050241,YESBANK,Yes Bank Limited,INE528G01035,12-JUL-2005,2,0.01,1
195842561,YOGI,Yogi Limited,INE290E01011,17-AUG-2026,10,0.01,1
1408257,YUKEN,Yuken India Limited,INE384C01016,02-SEP-2021,10,0.05,1
4763649,ZAGGLE,Zaggle Prepaid Ocean Services Limited,INE07K301024,22-SEP-2023,1,0.01,1
975873,ZEEL,Zee Entertainment Enterprises Limited,INE256A01028,09-SEP-1998,1,0.01,1
3584769,ZEEMEDIA,Zee Media Corporation Limited,INE966H01019,10-JAN-2007,1,0.01,1
1069057,ZENITHEXPO,Zenith Exports Limited,INE058B01018,10-JUL-1996,10,0.01,1
3727873,ZENITHSTL,Zenith Steel Pipes & Industries Limited,INE318D01020,30-APR-2007,10,0.01,1
275457,ZENSARTECH,Zensar Technologies Limited,INE520A01027,09-JUL-2003,2,0.05,1
1922049,ZENTEC,Zen Technologies Limited,INE251B01027,30-MAR-2015,1,0.1,1
4330241,ZFCVINDIA,ZF Commercial Vehicle Control Systems India Limited,INE342J01019,01-OCT-2008,5,0.1,1
1082625,ZFSTEERING,ZF Steering Gear (India) Limited,INE116C01012,20-APR-2026,10,0.05,1
3170305,ZIMLAB,Zim Laboratories Limited,INE518E01015,25-NOV-2022,10,0.01,1
1825025,ZODIAC,Zodiac Energy Limited,INE761Y01019,14-DEC-2021,10,0.01,1
978177,ZODIACLOTH,Zodiac Clothing Company Limited,INE206B01013,27-SEP-1995,10,0.01,1
2916865,ZOTA,Zota Health Care LImited,INE358U01012,19-AUG-2019,10,0.1,1
195324161,ZSARACOM,Saraswati Commercial India Limited,INE967G01019,20-APR-2026,10,1.0,1
7436801,ZUARI,Zuari Agro Chemicals Limited,INE840M01016,27-NOV-2012,10,0.01,1
979713,ZUARIIND,ZUARI INDUSTRIES LIMITED,INE217A01012,12-APR-1995,10,0.05,1
2029825,ZYDUSLIFE,Zydus Lifesciences Limited,INE010B01027,18-APR-2000,1,0.1,1
4514561,ZYDUSWELL,Zydus Wellness Limited,INE768C01028,13-NOV-2009,2,0.05,1
